{"type":"FeatureCollection","features":[{"id":"0","type":"Feature","properties":{"category":"water"},"geometry":{"type":"Polygon","coordinates":[[[0.1794344,5.7429641],[0.1787102,5.7456636],[0.1813388,5.7610166],[0.1788041,5.7620627],[0.1789623,5.7627726],[0.1817854,5.7619199],[0.1828381,5.7645846],[0.1863557,5.7663],[0.1830983,5.7641122],[0.1825082,5.7626898],[0.1808613,5.7516949],[0.1808962,5.7478012],[0.1819825,5.7472114],[0.1811913,5.7449404],[0.1821622,5.743195],[0.1794344,5.7429641]]]}},{"id":"1","type":"Feature","properties":{"category":"cemetery"},"geometry":{"type":"Polygon","coordinates":[[[-0.1914765,5.5545372],[-0.1887294,5.5576014],[-0.1875278,5.5575075],[-0.1896306,5.5531165],[-0.1914765,5.5545372]]]}},{"id":"2","type":"Feature","properties":{"category":"water"},"geometry":{"type":"Polygon","coordinates":[[[-0.2185028,5.5717949],[-0.2176881,5.5689089],[-0.2175197,5.566508],[-0.2178372,5.5664995],[-0.2185028,5.5717949]]]}},{"id":"3","type":"Feature","properties":{"category":"water"},"geometry":{"type":"Polygon","coordinates":[[[-0.2289587,5.5513617],[-0.2251711,5.5487541],[-0.2251473,5.5516166],[-0.2230505,5.5537235],[-0.2248523,5.5511227],[-0.2247155,5.5475828],[-0.2254839,5.5442858],[-0.2250132,5.5431218],[-0.2219917,5.542164],[-0.2222928,5.5416535],[-0.223829,5.5420326],[-0.225614,5.5434702],[-0.2251178,5.5482862],[-0.2289587,5.5513617]]]}},{"id":"4","type":"Feature","properties":{"category":"water"},"geometry":{"type":"Polygon","coordinates":[[[-0.2216645,5.531395],[-0.2207297,5.5311435],[-0.2212928,5.530051],[-0.2216645,5.531395]]]}},{"id":"5","type":"Feature","properties":{"category":"forest"},"geometry":{"type":"Polygon","coordinates":[[[-0.2213808,5.5409837],[-0.2207169,5.5408681],[-0.2197947,5.538334],[-0.2204546,5.5385081],[-0.2213808,5.5409837]]]}},{"id":"6","type":"Feature","properties":{"category":"water"},"geometry":{"type":"Polygon","coordinates":[[[-0.2183308,5.5838376],[-0.217887,5.585168],[-0.217075,5.5859323],[-0.2178368,5.5914669],[-0.2169117,5.5860432],[-0.2165136,5.5865015],[-0.2183308,5.5838376]]]}},{"id":"7","type":"Feature","properties":{"category":"water"},"geometry":{"type":"Polygon","coordinates":[[[-0.2187944,5.5716962],[-0.2181162,5.5768756],[-0.2181077,5.5836753],[-0.2179089,5.5769154],[-0.2187944,5.5716962]]]}},{"id":"8","type":"Feature","properties":{"category":"water"},"geometry":{"type":"Polygon","coordinates":[[[-0.1430154,5.5646563],[-0.1422188,5.5664596],[-0.1395379,5.5667759],[-0.1397619,5.5654158],[-0.1430154,5.5646563]]]}},{"id":"9","type":"Feature","properties":{"category":"wetland"},"geometry":{"type":"Polygon","coordinates":[[[-0.1407286,5.5691455],[-0.1385938,5.5674473],[-0.1361194,5.5668773],[-0.1353885,5.5679291],[-0.1360148,5.5687874],[-0.1331837,5.570241],[-0.1305994,5.5741118],[-0.1325863,5.5664762],[-0.1357979,5.5654697],[-0.1382907,5.5658843],[-0.1407286,5.5691455]]]}},{"id":"10","type":"Feature","properties":{"category":"water"},"geometry":{"type":"Polygon","coordinates":[[[-0.1817674,5.5477836],[-0.1814121,5.549189],[-0.1814282,5.5489047],[-0.1808204,5.5493162],[-0.1792354,5.5501074],[-0.1788019,5.5500729],[-0.1809562,5.5490879],[-0.1817674,5.5477836]]]}},{"id":"11","type":"Feature","properties":{"category":"forest"},"geometry":{"type":"Polygon","coordinates":[[[-0.2277007,5.6282356],[-0.2246261,5.627347],[-0.2247074,5.6267486],[-0.2259342,5.6265415],[-0.2261087,5.6253315],[-0.2273727,5.6259993],[-0.2277007,5.6282356]]]}},{"id":"12","type":"Feature","properties":{"category":"water"},"geometry":{"type":"Polygon","coordinates":[[[-0.2555159,5.5377958],[-0.2521283,5.5394683],[-0.2514504,5.5395432],[-0.2554127,5.5376229],[-0.2544491,5.5345508],[-0.2529256,5.5331545],[-0.2511433,5.5310334],[-0.2512023,5.5301604],[-0.2529873,5.5261485],[-0.2532126,5.5235675],[-0.2533662,5.5261378],[-0.2513505,5.5310708],[-0.2545725,5.5346255],[-0.2555159,5.5377958]]]}},{"id":"13","type":"Feature","properties":{"category":"industrial"},"geometry":{"type":"Polygon","coordinates":[[[-0.2251865,5.5882173],[-0.2237262,5.5881831],[-0.2213092,5.584866],[-0.2198815,5.5738476],[-0.2185808,5.5739485],[-0.2180726,5.5691583],[-0.2221164,5.5682241],[-0.2248216,5.571192],[-0.2235523,5.5725152],[-0.22473,5.5737625],[-0.2256848,5.5821473],[-0.2280298,5.5866528],[-0.2251865,5.5882173]]]}},{"id":"14","type":"Feature","properties":{"category":"industrial"},"geometry":{"type":"Polygon","coordinates":[[[-0.2286863,5.5614081],[-0.2228791,5.5674754],[-0.2180455,5.5688473],[-0.2183191,5.5599736],[-0.2213014,5.5568316],[-0.2286863,5.5614081]]]}},{"id":"15","type":"Feature","properties":{"category":"water"},"geometry":{"type":"Polygon","coordinates":[[[-0.3341671,5.5063656],[-0.329962,5.5085186],[-0.3222352,5.5099236],[-0.3239438,5.5084738],[-0.3336869,5.5058801],[-0.3341671,5.5063656]]]}},{"id":"16","type":"Feature","properties":{"category":"water"},"geometry":{"type":"Polygon","coordinates":[[[-0.3293753,5.5088223],[-0.3268773,5.5107906],[-0.3261526,5.5110115],[-0.3254391,5.5107018],[-0.325364,5.510894],[-0.3260373,5.5132581],[-0.3256631,5.515649],[-0.3261258,5.5153913],[-0.3273623,5.515426],[-0.327833,5.5159226],[-0.3280798,5.515131],[-0.3288066,5.5156596],[-0.3282259,5.5161923],[-0.3256349,5.5158652],[-0.3256671,5.5120995],[-0.3246827,5.5116776],[-0.3254257,5.5095965],[-0.3264959,5.5108433],[-0.3293753,5.5088223]]]}},{"id":"17","type":"Feature","properties":{"category":"water"},"geometry":{"type":"Polygon","coordinates":[[[-0.324491,5.5284825],[-0.3230667,5.5291726],[-0.3240162,5.5293355],[-0.3243247,5.5302619],[-0.3231512,5.5305902],[-0.3235991,5.5319985],[-0.3229393,5.5333934],[-0.3216559,5.5345628],[-0.3193881,5.5352983],[-0.3187242,5.5409046],[-0.3172034,5.5416989],[-0.3178377,5.5407458],[-0.3157751,5.5402466],[-0.3130969,5.5449919],[-0.3134228,5.5429723],[-0.3145976,5.5421781],[-0.3153715,5.5398795],[-0.3184721,5.5406924],[-0.3190997,5.535369],[-0.322592,5.5334829],[-0.3233175,5.5319571],[-0.3228924,5.5306957],[-0.3231512,5.5303113],[-0.3240819,5.5302992],[-0.3228173,5.5292607],[-0.3242214,5.5284718],[-0.3240819,5.5274853],[-0.3207064,5.5292327],[-0.3202289,5.5284665],[-0.3210068,5.5266284],[-0.3227797,5.5262786],[-0.3223358,5.5243658],[-0.3195302,5.5242483],[-0.3189911,5.5232631],[-0.3210403,5.5202209],[-0.3206098,5.5182413],[-0.3183849,5.5172695],[-0.3179491,5.515968],[-0.3213461,5.5118979],[-0.3202358,5.5095103],[-0.3211355,5.5096699],[-0.3213997,5.5106337],[-0.3216317,5.5097781],[-0.3223278,5.5100504],[-0.3215447,5.51281],[-0.3183447,5.5163057],[-0.3212643,5.5186938],[-0.3211972,5.5207909],[-0.3193143,5.5234761],[-0.319844,5.5240514],[-0.3218128,5.5237357],[-0.3227408,5.5245059],[-0.3229983,5.5264842],[-0.3211489,5.5269274],[-0.3207707,5.5289377],[-0.3231713,5.5272918],[-0.3243475,5.5273625],[-0.324491,5.5284825]]]}},{"id":"18","type":"Feature","properties":{"category":"water"},"geometry":{"type":"Polygon","coordinates":[[[-0.3316639,5.5685638],[-0.3309544,5.5688968],[-0.3291366,5.5683122],[-0.3267118,5.5658462],[-0.3252863,5.5658148],[-0.3244635,5.5649766],[-0.3196892,5.5646062],[-0.3179444,5.562614],[-0.3184164,5.5606886],[-0.3159367,5.56076],[-0.3136207,5.5595994],[-0.3126651,5.5550083],[-0.3130151,5.5526237],[-0.3143106,5.5514978],[-0.3127415,5.5483717],[-0.3143348,5.5470489],[-0.3124183,5.5469888],[-0.3130969,5.5449919],[-0.313402,5.5468433],[-0.3149571,5.5457848],[-0.3157268,5.5467352],[-0.3130252,5.5486146],[-0.3147358,5.5514411],[-0.3132311,5.5528026],[-0.3129025,5.5551398],[-0.3141115,5.5580751],[-0.3137568,5.5594452],[-0.3190917,5.56079],[-0.318177,5.5625086],[-0.3198762,5.564418],[-0.3224793,5.5639622],[-0.326791,5.565616],[-0.3294866,5.5682141],[-0.3316639,5.5685638]]]}},{"id":"19","type":"Feature","properties":{"category":"wetland"},"geometry":{"type":"Polygon","coordinates":[[[-0.3710296,5.5726393],[-0.3691061,5.5731918],[-0.3680832,5.571754],[-0.3690301,5.5708283],[-0.3710296,5.5726393]]]}},{"id":"20","type":"Feature","properties":{"category":"water"},"geometry":{"type":"Polygon","coordinates":[[[-0.4003868,5.5628643],[-0.3953174,5.5623784],[-0.3929141,5.5633074],[-0.3922436,5.564709],[-0.3903929,5.5649893],[-0.3910875,5.566906],[-0.3867504,5.5632087],[-0.3860986,5.5612278],[-0.3800556,5.5616817],[-0.3806055,5.5635771],[-0.3822859,5.5640936],[-0.3817132,5.5655539],[-0.382479,5.5666884],[-0.3838214,5.5669461],[-0.3837973,5.5682435],[-0.3820767,5.5683769],[-0.3795138,5.5707235],[-0.3787775,5.5703751],[-0.3791571,5.5688454],[-0.3765231,5.5687734],[-0.3752357,5.5706754],[-0.3747636,5.5733236],[-0.37206,5.5739563],[-0.3719205,5.5745035],[-0.3739858,5.5742045],[-0.3741145,5.5756995],[-0.3754369,5.5767192],[-0.3745034,5.5785105],[-0.3730416,5.5793594],[-0.3724945,5.5828778],[-0.3762362,5.5814149],[-0.3760135,5.5840924],[-0.3790203,5.5845195],[-0.378103,5.586914],[-0.3735298,5.5885851],[-0.3756461,5.5947729],[-0.3769121,5.5948636],[-0.3783256,5.593318],[-0.3805921,5.5943618],[-0.3818742,5.5941429],[-0.3840923,5.5956031],[-0.3886682,5.595248],[-0.3864259,5.5981497],[-0.3801254,5.6002906],[-0.3765956,5.5993082],[-0.3749782,5.6005095],[-0.3758741,5.6015185],[-0.3757614,5.6032376],[-0.3745249,5.6035232],[-0.372693,5.6025943],[-0.3719232,5.6038782],[-0.3738168,5.6047565],[-0.3747824,5.6073217],[-0.3766921,5.6077702],[-0.3758928,5.6103568],[-0.3771079,5.612583],[-0.3787735,5.6136535],[-0.3772956,5.6151803],[-0.3780413,5.6173452],[-0.3760792,5.6174493],[-0.3737739,5.6141206],[-0.3737269,5.6123949],[-0.3720063,5.61222],[-0.3708825,5.6100845],[-0.3687662,5.6088086],[-0.3682941,5.6078369],[-0.3696701,5.6073431],[-0.369359,5.6065102],[-0.3671824,5.6074819],[-0.3586972,5.6066811],[-0.3584102,5.6043507],[-0.3597433,5.6036887],[-0.360497,5.6001544],[-0.3628184,5.5972728],[-0.3602609,5.5959795],[-0.3614491,5.5940388],[-0.3603146,5.5922155],[-0.3589104,5.593278],[-0.3575398,5.5927308],[-0.3564683,5.5932059],[-0.3546819,5.5960822],[-0.3525898,5.5964439],[-0.3523484,5.5942417],[-0.3531923,5.5944042],[-0.3537995,5.5922396],[-0.3531249,5.590447],[-0.3522371,5.5905785],[-0.35079,5.5918098],[-0.3515612,5.5922556],[-0.3511736,5.5931071],[-0.3484807,5.5946261],[-0.3469974,5.5942657],[-0.3457374,5.5953568],[-0.3475995,5.595547],[-0.34882,5.5989265],[-0.3486966,5.6003626],[-0.347051,5.6018228],[-0.3464824,5.6018001],[-0.3464475,5.6000623],[-0.3449415,5.5998808],[-0.3440268,5.5999956],[-0.3431042,5.6017414],[-0.341582,5.6020097],[-0.3414989,5.5997353],[-0.3385887,5.5986515],[-0.337497,5.5993322],[-0.3382158,5.6012569],[-0.3373522,5.602952],[-0.3355202,5.6042306],[-0.3343374,5.6034858],[-0.3334415,5.6001411],[-0.3361157,5.5968123],[-0.3396401,5.5896716],[-0.3419615,5.5807141],[-0.3450032,5.5759838],[-0.3454779,5.5729846],[-0.344692,5.571882],[-0.3437439,5.571878],[-0.3441771,5.5699446],[-0.3444929,5.569502],[-0.3477591,5.5716852],[-0.35504,5.5666224],[-0.35826,5.5652302],[-0.3620513,5.558579],[-0.36229,5.5552379],[-0.3632475,5.5552566],[-0.3658734,5.5530382],[-0.3707309,5.5514858],[-0.372422,5.5512255],[-0.3729008,5.5518489],[-0.3789103,5.5503652],[-0.382998,5.5473458],[-0.3841621,5.5491051],[-0.381732,5.5506108],[-0.3818527,5.5519296],[-0.3806752,5.5528146],[-0.3809367,5.5553],[-0.3840347,5.5539185],[-0.3843887,5.5567389],[-0.3916079,5.5492787],[-0.3918922,5.5502664],[-0.3903607,5.5537636],[-0.3906799,5.5549196],[-0.3888774,5.5559794],[-0.3883866,5.5572395],[-0.3899932,5.557728],[-0.3907952,5.5568283],[-0.3918842,5.5574237],[-0.397085,5.5562143],[-0.3968543,5.5575705],[-0.3946844,5.5590094],[-0.4000756,5.5619566],[-0.4003868,5.5628643]],[[-0.3709911,5.5720391],[-0.3688764,5.5708003],[-0.3680832,5.571754],[-0.3691061,5.5731918],[-0.3708677,5.5730414],[-0.3709911,5.5720391]],[[-0.367882,5.5738448],[-0.3661808,5.5731579],[-0.3658377,5.573419],[-0.367882,5.5738448]]]}},{"id":"21","type":"Feature","properties":{"category":"wetland"},"geometry":{"type":"Polygon","coordinates":[[[-0.367882,5.5738448],[-0.3666245,5.5740728],[-0.3658524,5.5732579],[-0.3665848,5.573215],[-0.367882,5.5738448]]]}},{"id":"22","type":"Feature","properties":{"category":"water"},"geometry":{"type":"Polygon","coordinates":[[[-0.2140182,5.7025696],[-0.2134346,5.7025184],[-0.2130054,5.7020657],[-0.2133831,5.7019547],[-0.2140182,5.7025696]]]}},{"id":"23","type":"Feature","properties":{"category":"water"},"geometry":{"type":"Polygon","coordinates":[[[-0.2804605,5.5207402],[-0.2782423,5.5226805],[-0.2784533,5.5247477],[-0.2763601,5.5242469],[-0.2755313,5.5250999],[-0.2744919,5.5250492],[-0.2740118,5.5241014],[-0.2754951,5.5245273],[-0.2760328,5.52398],[-0.2732956,5.522597],[-0.2699456,5.5235168],[-0.2692198,5.5227037],[-0.2618922,5.5240841],[-0.2607523,5.523693],[-0.258278,5.5238759],[-0.2576604,5.5237537],[-0.2607898,5.5236135],[-0.2619506,5.5240007],[-0.2721665,5.5219873],[-0.2768506,5.5237148],[-0.2804605,5.5207402]]]}},{"id":"24","type":"Feature","properties":{"category":"water"},"geometry":{"type":"Polygon","coordinates":[[[-0.2792173,5.5224235],[-0.279348,5.5250319],[-0.2800662,5.5258501],[-0.2796324,5.5263681],[-0.2785192,5.5247949],[-0.2783496,5.5226918],[-0.2806402,5.5212642],[-0.2792173,5.5224235]]]}},{"id":"25","type":"Feature","properties":{"category":"water"},"geometry":{"type":"Polygon","coordinates":[[[-0.2841814,5.5203371],[-0.2812437,5.5218589],[-0.2806419,5.5210187],[-0.282843,5.5174123],[-0.2825194,5.5200963],[-0.2841814,5.5203371]]]}},{"id":"26","type":"Feature","properties":{"category":"water"},"geometry":{"type":"Polygon","coordinates":[[[-0.2230505,5.5537235],[-0.2206929,5.5575108],[-0.2181953,5.5599711],[-0.2175197,5.566508],[-0.2178845,5.5599528],[-0.2230505,5.5537235]]]}},{"id":"27","type":"Feature","properties":{"category":"water"},"geometry":{"type":"Polygon","coordinates":[[[0.0316092,5.7904149],[0.0377514,5.7911515],[0.0475244,5.7887755],[0.0522969,5.7858013],[0.0547051,5.7853617],[0.0552003,5.783738],[0.0566912,5.7862351],[0.0602813,5.7809526],[0.0637782,5.777744],[0.0585683,5.7729677],[0.054539,5.7777472],[0.051635,5.7787616],[0.0445165,5.7842463],[0.0380947,5.7875482],[0.0313798,5.7891951],[0.0316092,5.7904149]]]}},{"id":"28","type":"Feature","properties":{"category":"water"},"geometry":{"type":"Polygon","coordinates":[[[0.2743042,6.0721092],[0.278593,6.0682017],[0.2797464,6.0649451],[0.2810875,6.0639502],[0.2805081,6.0624273],[0.2759322,6.0691699],[0.275023,6.069506],[0.2743042,6.0721092]]]}},{"id":"29","type":"Feature","properties":{"category":"water"},"geometry":{"type":"Polygon","coordinates":[[[0.27049,6.0354531],[0.2719519,6.0382378],[0.2732232,6.0384672],[0.2740949,6.0376403],[0.2734056,6.0385525],[0.2741191,6.0391554],[0.2743591,6.0379084],[0.2749908,6.0379751],[0.2753931,6.0387259],[0.2745777,6.0392874],[0.2753797,6.0399289],[0.2760859,6.0385619],[0.277513,6.0388782],[0.2767242,6.0398711],[0.2781032,6.0390112],[0.2787781,6.0396755],[0.2787345,6.0389013],[0.2810573,6.0377312],[0.2818977,6.0349155],[0.2815246,6.0324878],[0.2840996,6.027555],[0.2800059,6.0231152],[0.2774889,6.0217652],[0.2776882,6.0194266],[0.2762563,6.0199319],[0.2755868,6.0187506],[0.274839,6.0211849],[0.2715301,6.0220123],[0.2759212,6.0244857],[0.278745,6.0235958],[0.2810097,6.0251651],[0.2819262,6.0292985],[0.2792931,6.0316521],[0.2782176,6.0378964],[0.2755997,6.0382671],[0.2734995,6.0371069],[0.2723247,6.0376857],[0.2717721,6.0368428],[0.2731374,6.0367814],[0.2714905,6.0353651],[0.27049,6.0354531]]]}},{"id":"30","type":"Feature","properties":{"category":"water"},"geometry":{"type":"Polygon","coordinates":[[[0.2834451,6.0205024],[0.2872324,6.0208119],[0.2888417,6.0186779],[0.2883911,6.0172482],[0.2870608,6.0165227],[0.2836919,6.0170988],[0.283134,6.017739],[0.2834451,6.0205024]]]}},{"id":"31","type":"Feature","properties":{"category":"water"},"geometry":{"type":"Polygon","coordinates":[[[0.2607107,6.0616111],[0.2620304,6.0616431],[0.262261,6.0641876],[0.2638865,6.064145],[0.2653939,6.0655932],[0.2687868,6.0649824],[0.2716863,6.06291],[0.272711,6.0585918],[0.2748299,6.0558926],[0.2751732,6.0541855],[0.2734566,6.05043],[0.2741432,6.0494058],[0.2729416,6.0488937],[0.269165,6.0523078],[0.2654904,6.0533533],[0.2655933,6.0549376],[0.2626688,6.0573489],[0.2607107,6.0616111]]]}},{"id":"32","type":"Feature","properties":{"category":"water"},"geometry":{"type":"Polygon","coordinates":[[[-0.0706068,5.7240308],[-0.0649416,5.7184472],[-0.062954,5.7196883],[-0.0629997,5.7150631],[-0.0611115,5.7125009],[-0.0583649,5.7118177],[-0.0567877,5.7133256],[-0.0569876,5.7099201],[-0.0545025,5.7062637],[-0.0546862,5.7054543],[-0.0526826,5.7041452],[-0.0507172,5.7041466],[-0.0525438,5.7023817],[-0.0528335,5.7010279],[-0.0580076,5.7009114],[-0.0599098,5.7065226],[-0.0631714,5.7094264],[-0.0658563,5.7092999],[-0.0650794,5.7102205],[-0.0650597,5.7136966],[-0.0703707,5.722085],[-0.0706068,5.7240308]]]}},{"id":"33","type":"Feature","properties":{"category":"forest"},"geometry":{"type":"Polygon","coordinates":[[[-0.2237589,5.6209088],[-0.2217518,5.619809],[-0.2210529,5.6181006],[-0.2177131,5.6202113],[-0.2185371,5.6215012],[-0.2162471,5.6241648],[-0.2152972,5.6233808],[-0.2144051,5.6239564],[-0.2105749,5.6236761],[-0.2096472,5.6248573],[-0.2090296,5.6245419],[-0.2081716,5.6262039],[-0.2071524,5.6260091],[-0.206809,5.6274639],[-0.2103013,5.6285609],[-0.2088073,5.6301038],[-0.2106708,5.6302645],[-0.2119527,5.63165],[-0.2103938,5.6354943],[-0.2108216,5.6371212],[-0.2087402,5.6380448],[-0.2110648,5.641606],[-0.2052414,5.645492],[-0.2014702,5.6395709],[-0.2044159,5.637467],[-0.2038462,5.6360864],[-0.2046151,5.6354546],[-0.2039893,5.634503],[-0.2026646,5.6355608],[-0.2023796,5.6329717],[-0.2007794,5.6329359],[-0.2001905,5.6318712],[-0.1973742,5.6333153],[-0.1914227,5.6239805],[-0.2011,5.616939],[-0.2199688,5.6147591],[-0.2237589,5.6209088]]]}},{"id":"34","type":"Feature","properties":{"category":"airport"},"geometry":{"type":"Polygon","coordinates":[[[-0.1769628,5.5956358],[-0.1757524,5.5973101],[-0.1756606,5.6007237],[-0.1739614,5.6032309],[-0.1742685,5.6041679],[-0.1721013,5.6087205],[-0.1691951,5.6094192],[-0.1681073,5.6144406],[-0.1658431,5.6196221],[-0.1634833,5.6205629],[-0.1597282,5.619508],[-0.1596572,5.618192],[-0.1648539,5.6064802],[-0.1624976,5.6048946],[-0.1616011,5.5968123],[-0.163832,5.5951513],[-0.1644898,5.5957452],[-0.1707957,5.5924071],[-0.1729683,5.5881513],[-0.1726918,5.5872779],[-0.174762,5.5877222],[-0.1769628,5.5956358]]]}},{"id":"35","type":"Feature","properties":{"category":"water"},"geometry":{"type":"Polygon","coordinates":[[[0.0096509,5.935539],[0.0131903,5.9403492],[0.0138534,5.93936],[0.0155402,5.9414063],[0.015628,5.9399419],[0.0143116,5.9378762],[0.0146334,5.9358396],[0.0132098,5.9344043],[0.0134439,5.9325519],[0.010938,5.9331435],[0.0096509,5.935539]]]}},{"id":"36","type":"Feature","properties":{"category":"water"},"geometry":{"type":"Polygon","coordinates":[[[-0.1029257,5.6844726],[-0.1028521,5.6875802],[-0.1015655,5.6862882],[-0.0998409,5.685469],[-0.0985793,5.6857673],[-0.0947027,5.683523],[-0.0965186,5.6801937],[-0.1029257,5.6844726]]]}},{"id":"37","type":"Feature","properties":{"category":"water"},"geometry":{"type":"Polygon","coordinates":[[[-0.0885642,5.7631188],[-0.0844824,5.7608641],[-0.0843732,5.7596688],[-0.0853425,5.7588267],[-0.0868851,5.7598454],[-0.0883185,5.7610814],[-0.0885642,5.7631188]]]}},{"id":"38","type":"Feature","properties":{"category":"water"},"geometry":{"type":"Polygon","coordinates":[[[-0.0375932,5.7316659],[-0.0377679,5.7416021],[-0.0353918,5.7381537],[-0.0318942,5.7388342],[-0.0339809,5.7333606],[-0.0338441,5.7314604],[-0.0375932,5.7316659]]]}},{"id":"39","type":"Feature","properties":{"category":"water"},"geometry":{"type":"Polygon","coordinates":[[[0.0656824,5.6940738],[0.0669591,5.6963077],[0.0667125,5.6983922],[0.0699044,5.7038687],[0.0709183,5.7044239],[0.0708566,5.7062708],[0.0731849,5.7103515],[0.0704063,5.7199995],[0.0720077,5.725097],[0.074368,5.7249181],[0.0721284,5.7226844],[0.0720218,5.7202619],[0.0743823,5.7222693],[0.0843562,5.7223163],[0.0849923,5.7265352],[0.086118,5.72527],[0.0855571,5.7235153],[0.0867292,5.72351],[0.084595,5.721528],[0.076974,5.7217993],[0.0735462,5.720681],[0.0720093,5.7189276],[0.0739035,5.7176066],[0.0748095,5.7179961],[0.0742301,5.7149189],[0.075262,5.711568],[0.075185,5.7067361],[0.07375,5.7025085],[0.074949,5.7029302],[0.0754479,5.7023644],[0.0745627,5.7016465],[0.0738627,5.6989481],[0.0715801,5.6979313],[0.0706762,5.6966609],[0.0709552,5.6958575],[0.0696462,5.6966181],[0.06834,5.695708],[0.068111,5.6945579],[0.0661277,5.6936067],[0.0656824,5.6940738]],[[0.0696452,5.6999157],[0.0701687,5.699725],[0.0701278,5.7005892],[0.0696452,5.6999157]],[[0.071218,5.7001412],[0.0718805,5.699885],[0.072743,5.701513],[0.0742087,5.7060208],[0.0742221,5.7090287],[0.0715399,5.7032798],[0.071218,5.7001412]]]}},{"id":"40","type":"Feature","properties":{"category":"water"},"geometry":{"type":"Polygon","coordinates":[[[-0.0411773,5.6293964],[-0.0384656,5.6316333],[-0.0313443,5.6328718],[-0.0304806,5.6301678],[-0.0290698,5.6298342],[-0.0333613,5.6271382],[-0.0350672,5.6242233],[-0.0319076,5.6201179],[-0.0328893,5.6183829],[-0.0364351,5.6170429],[-0.0382,5.6182281],[-0.0387579,5.6194613],[-0.0378299,5.6227072],[-0.0408447,5.6256701],[-0.0411773,5.6293964]]]}},{"id":"41","type":"Feature","properties":{"category":"cemetery"},"geometry":{"type":"Polygon","coordinates":[[[-0.424435,5.533028],[-0.4238589,5.5322437],[-0.4241832,5.5321265],[-0.424435,5.533028]]]}},{"id":"42","type":"Feature","properties":{"category":"cemetery"},"geometry":{"type":"Polygon","coordinates":[[[-0.2648245,5.6548283],[-0.2636345,5.654614],[-0.2642397,5.6529426],[-0.264922,5.6534997],[-0.2648245,5.6548283]]]}},{"id":"43","type":"Feature","properties":{"category":"water"},"geometry":{"type":"Polygon","coordinates":[[[0.5266517,5.9038226],[0.5272794,5.9094787],[0.5295033,5.9117604],[0.5341887,5.9089611],[0.5326706,5.9058716],[0.5303371,5.9038653],[0.5266517,5.9038226]]]}},{"id":"44","type":"Feature","properties":{"category":"military"},"geometry":{"type":"Polygon","coordinates":[[[0.0225146,5.6486186],[0.0232505,5.6477938],[0.0226231,5.6448923],[0.0219656,5.6446901],[0.0202233,5.6465902],[0.0225146,5.6486186]]]}},{"id":"45","type":"Feature","properties":{"category":"cemetery"},"geometry":{"type":"Polygon","coordinates":[[[-0.0810692,5.5943643],[-0.0808385,5.5949126],[-0.0807463,5.5945938],[-0.0810692,5.5943643]]]}},{"id":"46","type":"Feature","properties":{"category":"cemetery"},"geometry":{"type":"Polygon","coordinates":[[[-0.1576964,5.6806945],[-0.1553078,5.6807481],[-0.155428,5.6774839],[-0.1577246,5.6778203],[-0.1576964,5.6806945]]]}},{"id":"47","type":"Feature","properties":{"category":"military"},"geometry":{"type":"Polygon","coordinates":[[[0.095315,5.853721],[0.1016021,5.8551725],[0.1124596,5.8428345],[0.1073313,5.8382664],[0.102117,5.8406999],[0.0894785,5.8494305],[0.095315,5.853721]]]}},{"id":"48","type":"Feature","properties":{"category":"water"},"geometry":{"type":"Polygon","coordinates":[[[-0.1886617,5.6657205],[-0.1880944,5.6662534],[-0.1874577,5.6656843],[-0.1878908,5.6654245],[-0.1886617,5.6657205]]]}},{"id":"49","type":"Feature","properties":{"category":"industrial"},"geometry":{"type":"Polygon","coordinates":[[[-0.3397686,5.5798532],[-0.3369746,5.5828598],[-0.3345215,5.5834879],[-0.3343082,5.5818643],[-0.3361957,5.5814206],[-0.3372376,5.5795206],[-0.3392753,5.5791229],[-0.3397686,5.5798532]]]}},{"id":"50","type":"Feature","properties":{"category":"forest"},"geometry":{"type":"Polygon","coordinates":[[[-0.2979694,5.6561016],[-0.2984587,5.6529558],[-0.3004089,5.6562417],[-0.2979694,5.6561016]]]}},{"id":"51","type":"Feature","properties":{"category":"forest"},"geometry":{"type":"Polygon","coordinates":[[[-0.2978053,5.6561058],[-0.2943178,5.6559544],[-0.2912337,5.6505543],[-0.2979844,5.6506187],[-0.2978053,5.6561058]]]}},{"id":"52","type":"Feature","properties":{"category":"industrial"},"geometry":{"type":"Polygon","coordinates":[[[-0.1888075,5.5914198],[-0.1880596,5.5915177],[-0.1881881,5.5911591],[-0.1888075,5.5914198]]]}},{"id":"53","type":"Feature","properties":{"category":"water"},"geometry":{"type":"Polygon","coordinates":[[[-0.1382902,5.6970621],[-0.1346948,5.6970352],[-0.1345289,5.6960196],[-0.135982,5.6949339],[-0.1382902,5.6970621]]]}},{"id":"54","type":"Feature","properties":{"category":"industrial"},"geometry":{"type":"Polygon","coordinates":[[[-0.3332269,5.6240872],[-0.330998,5.625243],[-0.3298473,5.6233491],[-0.3284056,5.6232037],[-0.3281079,5.6224976],[-0.3291942,5.6206505],[-0.3316659,5.6197202],[-0.3332269,5.6240872]]]}},{"id":"55","type":"Feature","properties":{"category":"water"},"geometry":{"type":"Polygon","coordinates":[[[-0.3320858,5.6113658],[-0.3317249,5.6119212],[-0.331274,5.6120107],[-0.3313479,5.6107442],[-0.3320858,5.6113658]]]}},{"id":"56","type":"Feature","properties":{"category":"wetland"},"geometry":{"type":"Polygon","coordinates":[[[-0.3377156,5.6137099],[-0.3372979,5.6139269],[-0.3370811,5.61383],[-0.3377156,5.6137099]]]}},{"id":"57","type":"Feature","properties":{"category":"water"},"geometry":{"type":"Polygon","coordinates":[[[-0.3296972,5.6156163],[-0.3295654,5.6161091],[-0.3292993,5.6158639],[-0.3296972,5.6156163]]]}},{"id":"58","type":"Feature","properties":{"category":"forest"},"geometry":{"type":"Polygon","coordinates":[[[-0.1354061,5.5652777],[-0.1320814,5.5659096],[-0.1349239,5.5640238],[-0.1354061,5.5652777]]]}},{"id":"59","type":"Feature","properties":{"category":"water"},"geometry":{"type":"Polygon","coordinates":[[[0.3186786,5.788311],[0.3232795,5.7875796],[0.3251014,5.790205],[0.3270648,5.7877232],[0.3321053,5.7863297],[0.3332868,5.7849192],[0.3395089,5.7848531],[0.3327576,5.7844907],[0.329336,5.785133],[0.3263486,5.7868887],[0.3247501,5.7857345],[0.3195814,5.7867532],[0.3173646,5.7864444],[0.3186786,5.788311]]]}},{"id":"60","type":"Feature","properties":{"category":"industrial"},"geometry":{"type":"Polygon","coordinates":[[[0.0446873,5.6788475],[0.0467524,5.6829584],[0.0485508,5.6843163],[0.0491151,5.6800565],[0.045686,5.6775061],[0.0446873,5.6788475]]]}},{"id":"61","type":"Feature","properties":{"category":"industrial"},"geometry":{"type":"Polygon","coordinates":[[[0.0112739,5.6745156],[0.0120715,5.6754733],[0.0140582,5.6738052],[0.0113394,5.6726858],[0.0112739,5.6745156]]]}},{"id":"62","type":"Feature","properties":{"category":"water"},"geometry":{"type":"Polygon","coordinates":[[[-0.1441129,5.6405434],[-0.1422075,5.6402159],[-0.1417288,5.6387573],[-0.1425305,5.6381024],[-0.1441129,5.6405434]]]}},{"id":"63","type":"Feature","properties":{"category":"cemetery"},"geometry":{"type":"Polygon","coordinates":[[[-0.2276296,5.5684813],[-0.2251555,5.5657704],[-0.2272432,5.563883],[-0.2297173,5.5665939],[-0.2276296,5.5684813]]]}},{"id":"64","type":"Feature","properties":{"category":"industrial"},"geometry":{"type":"Polygon","coordinates":[[[0.0093686,5.6757627],[0.0107431,5.6749005],[0.0103774,5.6742255],[0.0098249,5.6741401],[0.0093686,5.6757627]]]}},{"id":"65","type":"Feature","properties":{"category":"cemetery"},"geometry":{"type":"Polygon","coordinates":[[[-0.2248769,5.5710608],[-0.2223843,5.5684289],[-0.2250084,5.5659669],[-0.2275011,5.5685989],[-0.2248769,5.5710608]]]}},{"id":"66","type":"Feature","properties":{"category":"industrial"},"geometry":{"type":"Polygon","coordinates":[[[-0.2208333,5.5440961],[-0.2182188,5.5480952],[-0.2176633,5.5475988],[-0.2179334,5.5466226],[-0.2208333,5.5440961]]]}},{"id":"67","type":"Feature","properties":{"category":"landfill"},"geometry":{"type":"Polygon","coordinates":[[[-0.2294482,5.554102],[-0.2286328,5.555278],[-0.2267918,5.55372],[-0.2281665,5.5521707],[-0.2294482,5.554102]]]}},{"id":"68","type":"Feature","properties":{"category":"industrial"},"geometry":{"type":"Polygon","coordinates":[[[-0.226331,5.5539292],[-0.2248571,5.5538796],[-0.2239812,5.5529734],[-0.2252043,5.5509699],[-0.2280898,5.5516629],[-0.226331,5.5539292]]]}},{"id":"69","type":"Feature","properties":{"category":"water"},"geometry":{"type":"Polygon","coordinates":[[[-0.1176199,5.6860734],[-0.1175924,5.6862732],[-0.117499,5.6861484],[-0.1176199,5.6860734]]]}},{"id":"70","type":"Feature","properties":{"category":"water"},"geometry":{"type":"Polygon","coordinates":[[[-0.1239543,5.6827009],[-0.1239184,5.6844678],[-0.1231932,5.6834741],[-0.1239543,5.6827009]]]}},{"id":"71","type":"Feature","properties":{"category":"industrial"},"geometry":{"type":"Polygon","coordinates":[[[-0.216384,5.5335235],[-0.216333,5.5323221],[-0.2179933,5.531895],[-0.2180362,5.5334995],[-0.216384,5.5335235]]]}},{"id":"72","type":"Feature","properties":{"category":"water"},"geometry":{"type":"Polygon","coordinates":[[[-0.202667,5.5445301],[-0.2025014,5.5443252],[-0.2027005,5.544169],[-0.2028668,5.5443793],[-0.202667,5.5445301]],[[-0.2027897,5.5443699],[-0.2025745,5.5443372],[-0.2026751,5.54446],[-0.2027897,5.5443699]]]}},{"id":"73","type":"Feature","properties":{"category":"water"},"geometry":{"type":"Polygon","coordinates":[[[-0.203341,5.5450653],[-0.2032189,5.545172],[-0.2031009,5.545132],[-0.2027954,5.5447223],[-0.2030303,5.5445416],[-0.2033302,5.5449438],[-0.203341,5.5450653]],[[-0.2033115,5.5450145],[-0.203246,5.5450222],[-0.2032822,5.5450628],[-0.2033115,5.5450145]],[[-0.2032316,5.5451055],[-0.2031515,5.5451002],[-0.2031773,5.5451269],[-0.2032316,5.5451055]]]}},{"id":"74","type":"Feature","properties":{"category":"landfill"},"geometry":{"type":"Polygon","coordinates":[[[-0.3222067,5.5691462],[-0.3210372,5.5698403],[-0.3206242,5.5694772],[-0.3215308,5.5681692],[-0.3222067,5.5691462]]]}},{"id":"75","type":"Feature","properties":{"category":"cemetery"},"geometry":{"type":"Polygon","coordinates":[[[-0.166934,5.6295752],[-0.1668721,5.6288438],[-0.1683421,5.6285772],[-0.1683901,5.6294317],[-0.166934,5.6295752]]]}},{"id":"76","type":"Feature","properties":{"category":"water"},"geometry":{"type":"Polygon","coordinates":[[[0.4356202,5.8648834],[0.4352166,5.8660013],[0.435627,5.866088],[0.4356202,5.8648834]]]}},{"id":"77","type":"Feature","properties":{"category":"cemetery"},"geometry":{"type":"Polygon","coordinates":[[[-0.2385981,5.5778765],[-0.2382175,5.5773606],[-0.2385187,5.5774048],[-0.2385981,5.5778765]]]}},{"id":"78","type":"Feature","properties":{"category":"water"},"geometry":{"type":"Polygon","coordinates":[[[0.1031602,5.7054451],[0.1037038,5.7051927],[0.1032508,5.7049763],[0.1031602,5.7054451]]]}},{"id":"79","type":"Feature","properties":{"category":"water"},"geometry":{"type":"Polygon","coordinates":[[[0.1185642,5.7081265],[0.117757,5.7096917],[0.1186699,5.7099582],[0.1185642,5.7081265]]]}},{"id":"80","type":"Feature","properties":{"category":"forest"},"geometry":{"type":"Polygon","coordinates":[[[-0.20060906304702175,5.7831814889153605],[-0.2020973,5.7811096],[-0.2027321,5.7820159],[-0.20060906304702175,5.7831814889153605]]]}},{"id":"81","type":"Feature","properties":{"category":"water"},"geometry":{"type":"Polygon","coordinates":[[[0.0604999,5.794294],[0.061605,5.7936322],[0.0614226,5.7930345],[0.0601459,5.7937923],[0.0604999,5.794294]]]}},{"id":"82","type":"Feature","properties":{"category":"industrial"},"geometry":{"type":"Polygon","coordinates":[[[-0.1875942,5.5863009],[-0.1863502,5.5858549],[-0.1858701,5.5845263],[-0.1864536,5.5838331],[-0.1879046,5.5851717],[-0.1875942,5.5863009]]]}},{"id":"83","type":"Feature","properties":{"category":"water"},"geometry":{"type":"Polygon","coordinates":[[[0.1642415,5.9712655],[0.1651116,5.9719787],[0.1653465,5.9715734],[0.1651917,5.9708337],[0.1642415,5.9712655]]]}},{"id":"84","type":"Feature","properties":{"category":"water"},"geometry":{"type":"Polygon","coordinates":[[[0.1526033,6.0101015],[0.153589,6.0102767],[0.1528043,6.0086275],[0.1525179,6.0087938],[0.1526033,6.0101015]]]}},{"id":"85","type":"Feature","properties":{"category":"water"},"geometry":{"type":"Polygon","coordinates":[[[0.1613618,5.9740529],[0.1616892,5.9752988],[0.1624152,5.9750263],[0.1620344,5.9738247],[0.1613618,5.9740529]]]}},{"id":"86","type":"Feature","properties":{"category":"water"},"geometry":{"type":"Polygon","coordinates":[[[0.1501091,6.000367],[0.1506286,6.0001281],[0.1505201,5.9993583],[0.1501091,6.000367]]]}},{"id":"87","type":"Feature","properties":{"category":"water"},"geometry":{"type":"Polygon","coordinates":[[[-0.1579412,5.6708576],[-0.1577709,5.6708513],[-0.1578683,5.6707259],[-0.1579412,5.6708576]]]}},{"id":"88","type":"Feature","properties":{"category":"water"},"geometry":{"type":"Polygon","coordinates":[[[-0.1579494,5.6708685],[-0.1579641,5.6709886],[-0.1579071,5.6709207],[-0.1579494,5.6708685]]]}},{"id":"89","type":"Feature","properties":{"category":"forest"},"geometry":{"type":"Polygon","coordinates":[[[-0.1590523,5.6711774],[-0.1582006,5.672027],[-0.157864,5.6717952],[-0.1582038,5.6705014],[-0.1590523,5.6711774]]]}},{"id":"90","type":"Feature","properties":{"category":"forest"},"geometry":{"type":"Polygon","coordinates":[[[-0.1578412,5.6706935],[-0.1576456,5.6716197],[-0.1571443,5.671495],[-0.1578412,5.6706935]]]}},{"id":"91","type":"Feature","properties":{"category":"military"},"geometry":{"type":"Polygon","coordinates":[[[-0.0138384,5.7329716],[-0.0127962,5.7422017],[-0.0019221,5.7393241],[-0.004109,5.7342712],[-0.0062592,5.7346691],[-0.0091025,5.7332103],[-0.0138384,5.7329716]]]}},{"id":"92","type":"Feature","properties":{"category":"military"},"geometry":{"type":"Polygon","coordinates":[[[-0.0362129,5.7233525],[-0.0357083,5.7313056],[-0.0139046,5.7323438],[-0.0127418,5.7254863],[-0.0142554,5.7173277],[-0.0158291,5.7172582],[-0.0158116,5.720262],[-0.0191751,5.7202553],[-0.0205246,5.7173164],[-0.0218171,5.7173983],[-0.0223079,5.7190183],[-0.0247407,5.7193332],[-0.0249499,5.7185566],[-0.0260469,5.718594],[-0.0260228,5.7195094],[-0.0274873,5.7195041],[-0.0280103,5.7183991],[-0.0356278,5.7182177],[-0.0362129,5.7233525]]]}},{"id":"93","type":"Feature","properties":{"category":"water"},"geometry":{"type":"Polygon","coordinates":[[[0.3416278,5.789783],[0.3423344,5.8042699],[0.3428037,5.8042486],[0.3416278,5.789783]]]}},{"id":"94","type":"Feature","properties":{"category":"water"},"geometry":{"type":"Polygon","coordinates":[[[0.3059006,5.8181711],[0.3065497,5.8164126],[0.3101599,5.8135708],[0.30913,5.8161164],[0.309492,5.8165247],[0.310066,5.8157028],[0.3096825,5.8187795],[0.311155,5.8214212],[0.3116539,5.812442],[0.3143281,5.8096429],[0.313172,5.8070064],[0.3141376,5.8063927],[0.3144756,5.8075695],[0.317257,5.8081405],[0.3194216,5.8056829],[0.318692,5.8026809],[0.3163853,5.8002979],[0.3181502,5.79546],[0.314725,5.7952331],[0.317656,5.7920392],[0.3171359,5.790866],[0.3148833,5.7899495],[0.3148162,5.7882336],[0.3140357,5.790163],[0.3165248,5.7922871],[0.3141779,5.794027],[0.3138426,5.795516],[0.3168735,5.7962899],[0.3154546,5.8002979],[0.3173161,5.8020164],[0.3182119,5.8064034],[0.3173429,5.8072146],[0.3167126,5.8057603],[0.3129816,5.8065128],[0.311206,5.8111158],[0.3102136,5.8112226],[0.3095591,5.8129357],[0.306437,5.8151532],[0.3059006,5.8181711]]]}},{"id":"95","type":"Feature","properties":{"category":"water"},"geometry":{"type":"Polygon","coordinates":[[[0.086118,5.72527],[0.086837,5.7290149],[0.0883605,5.7295485],[0.0905063,5.7291856],[0.0902918,5.7305734],[0.0882533,5.7317903],[0.0891545,5.7343524],[0.0919012,5.7353771],[0.093017,5.7368716],[0.0927595,5.7383021],[0.0911502,5.7377044],[0.0906138,5.7382595],[0.090658,5.7422559],[0.0913661,5.7405266],[0.0909892,5.7380056],[0.0929969,5.7384556],[0.0932973,5.7369825],[0.091924,5.7348261],[0.0899069,5.7346126],[0.0886839,5.7322427],[0.0906365,5.730556],[0.0907438,5.7289547],[0.0873964,5.728848],[0.086118,5.72527]]]}},{"id":"96","type":"Feature","properties":{"category":"industrial"},"geometry":{"type":"Polygon","coordinates":[[[-0.2333226,5.6259871],[-0.2324331,5.6248031],[-0.2330871,5.6243942],[-0.2338058,5.6256851],[-0.2333226,5.6259871]]]}},{"id":"97","type":"Feature","properties":{"category":"industrial"},"geometry":{"type":"Polygon","coordinates":[[[-0.2225666,5.5830833],[-0.2223139,5.5841349],[-0.2213034,5.5846238],[-0.2213455,5.5826802],[-0.2225666,5.5830833]]]}},{"id":"98","type":"Feature","properties":{"category":"industrial"},"geometry":{"type":"Polygon","coordinates":[[[-0.2265523,5.5872803],[-0.2257839,5.5861712],[-0.2272003,5.5853881],[-0.227912,5.5865339],[-0.2265523,5.5872803]]]}},{"id":"99","type":"Feature","properties":{"category":"industrial"},"geometry":{"type":"Polygon","coordinates":[[[-0.2235191,5.5858829],[-0.2229456,5.5849729],[-0.2226128,5.5842326],[-0.223493,5.5840709],[-0.2241707,5.5855356],[-0.2235191,5.5858829]]]}},{"id":"100","type":"Feature","properties":{"category":"cemetery"},"geometry":{"type":"Polygon","coordinates":[[[-0.1030535,5.6175513],[-0.1030484,5.6169812],[-0.1041604,5.6168591],[-0.1041629,5.6175387],[-0.1030535,5.6175513]]]}},{"id":"101","type":"Feature","properties":{"category":"water"},"geometry":{"type":"Polygon","coordinates":[[[-0.1915956,5.6637752],[-0.1915888,5.6629051],[-0.1922285,5.6629001],[-0.1922353,5.6637703],[-0.1915956,5.6637752]]]}},{"id":"102","type":"Feature","properties":{"category":"water"},"geometry":{"type":"Polygon","coordinates":[[[-0.1923211,5.6637672],[-0.1923143,5.6628971],[-0.192954,5.6628921],[-0.1929608,5.6637623],[-0.1923211,5.6637672]]]}},{"id":"103","type":"Feature","properties":{"category":"water"},"geometry":{"type":"Polygon","coordinates":[[[-0.1908658,5.6637603],[-0.1908589,5.6628901],[-0.1914986,5.6628851],[-0.1915055,5.6637553],[-0.1908658,5.6637603]]]}},{"id":"104","type":"Feature","properties":{"category":"water"},"geometry":{"type":"Polygon","coordinates":[[[-0.1929828,5.6627298],[-0.1924452,5.6623894],[-0.1929803,5.6623855],[-0.1929828,5.6627298]]]}},{"id":"105","type":"Feature","properties":{"category":"water"},"geometry":{"type":"Polygon","coordinates":[[[-0.1913369,5.6655093],[-0.1906257,5.6649669],[-0.1913352,5.6649647],[-0.1913369,5.6655093]]]}},{"id":"106","type":"Feature","properties":{"category":"water"},"geometry":{"type":"Polygon","coordinates":[[[-0.1929141,5.6645965],[-0.1922726,5.664054],[-0.1929123,5.6640519],[-0.1929141,5.6645965]]]}},{"id":"107","type":"Feature","properties":{"category":"water"},"geometry":{"type":"Polygon","coordinates":[[[-0.1924142,5.6627392],[-0.1918766,5.6623987],[-0.1924117,5.6623948],[-0.1924142,5.6627392]]]}},{"id":"108","type":"Feature","properties":{"category":"water"},"geometry":{"type":"Polygon","coordinates":[[[-0.1921388,5.6654986],[-0.1914277,5.6649562],[-0.1921372,5.6649541],[-0.1921388,5.6654986]]]}},{"id":"109","type":"Feature","properties":{"category":"water"},"geometry":{"type":"Polygon","coordinates":[[[-0.1913155,5.6646018],[-0.190674,5.6640593],[-0.1913137,5.6640573],[-0.1913155,5.6646018]]]}},{"id":"110","type":"Feature","properties":{"category":"water"},"geometry":{"type":"Polygon","coordinates":[[[-0.1918385,5.6627428],[-0.1912989,5.6624005],[-0.191834,5.6623984],[-0.1918385,5.6627428]]]}},{"id":"111","type":"Feature","properties":{"category":"water"},"geometry":{"type":"Polygon","coordinates":[[[-0.1929723,5.6654932],[-0.1922612,5.6649509],[-0.1929707,5.6649487],[-0.1929723,5.6654932]]]}},{"id":"112","type":"Feature","properties":{"category":"cemetery"},"geometry":{"type":"Polygon","coordinates":[[[-0.2479442,5.6893354],[-0.2479228,5.690323],[-0.2474507,5.689218],[-0.2479442,5.6893354]]]}},{"id":"113","type":"Feature","properties":{"category":"industrial"},"geometry":{"type":"Polygon","coordinates":[[[-0.1860753,5.712578],[-0.185881,5.7120523],[-0.1879372,5.7113001],[-0.1881314,5.7118258],[-0.1860753,5.712578]]]}},{"id":"114","type":"Feature","properties":{"category":"wetland"},"geometry":{"type":"Polygon","coordinates":[[[0.4357601,5.8592619],[0.458647,5.8664989],[0.4623967,5.8652156],[0.4633087,5.8665496],[0.4659396,5.8657538],[0.4674259,5.8672087],[0.469856,5.8662882],[0.4707438,5.8681265],[0.4739383,5.8685721],[0.4769278,5.8674167],[0.4774571,5.8653888],[0.47808,5.8652982],[0.4776639,5.8643234],[0.4784469,5.8621584],[0.4775113,5.8595181],[0.4788334,5.8581735],[0.4836221,5.8586952],[0.484863,5.8602823],[0.4855425,5.8578919],[0.4875269,5.8556043],[0.4966257,5.8584877],[0.4977747,5.8577036],[0.4962131,5.8557219],[0.4970305,5.8541838],[0.4980352,5.8539264],[0.4995292,5.8556207],[0.5009133,5.8553032],[0.5026942,5.8509674],[0.5087534,5.849225],[0.5095574,5.8466695],[0.5090552,5.8451608],[0.5041311,5.8415848],[0.4999849,5.8420551],[0.4999849,5.8405268],[0.4953718,5.8432348],[0.4880172,5.8433041],[0.4851848,5.8440673],[0.4835808,5.8449745],[0.4797131,5.8496332],[0.4731926,5.85319],[0.4694134,5.8540678],[0.4689869,5.8554687],[0.4729915,5.8561864],[0.4744559,5.8575232],[0.4720822,5.8576859],[0.4720473,5.8589347],[0.4745257,5.8598018],[0.4715243,5.86136],[0.4684183,5.86021],[0.466074,5.8604635],[0.4651031,5.8584544],[0.4609483,5.85775],[0.4579201,5.8558422],[0.4523411,5.8563732],[0.4491091,5.8555033],[0.4477143,5.8555781],[0.4466414,5.8584277],[0.4436481,5.8577233],[0.4431546,5.8586412],[0.4373369,5.8561117],[0.4357601,5.8592619]]]}},{"id":"115","type":"Feature","properties":{"category":"water"},"geometry":{"type":"Polygon","coordinates":[[[0.4349001,5.7981872],[0.4378357,5.8041091],[0.4444141,5.7996262],[0.4461141,5.7972491],[0.4433691,5.7968209],[0.4443347,5.79459],[0.4426503,5.7945153],[0.4431546,5.7925727],[0.4414004,5.7927167],[0.4370391,5.7945714],[0.4351683,5.7935627],[0.4349001,5.7981872]]]}},{"id":"116","type":"Feature","properties":{"category":"water"},"geometry":{"type":"Polygon","coordinates":[[[0.375579,5.8075268],[0.3771561,5.8104407],[0.3795165,5.8102326],[0.380938,5.811348],[0.3806269,5.8123673],[0.3776604,5.8127569],[0.3765607,5.8137869],[0.3765392,5.8170744],[0.375697,5.8181204],[0.3779608,5.8188249],[0.3789237,5.8207861],[0.3831992,5.8218375],[0.3869837,5.8214372],[0.389287,5.8141505],[0.3863522,5.8129937],[0.384248,5.8111978],[0.3834672,5.8092311],[0.3814239,5.8078263],[0.3763683,5.8055676],[0.375579,5.8075268]]]}},{"id":"117","type":"Feature","properties":{"category":"wetland"},"geometry":{"type":"MultiPolygon","coordinates":[[[[0.375579,5.8075268],[0.3771561,5.8104407],[0.3795165,5.8102326],[0.380938,5.811348],[0.3806269,5.8123673],[0.3776604,5.8127569],[0.3765607,5.8137869],[0.3765392,5.8170744],[0.375697,5.8181204],[0.3779608,5.8188249],[0.3789237,5.8207861],[0.3831992,5.8218375],[0.3869837,5.8214372],[0.389287,5.8141505],[0.3863522,5.8129937],[0.384248,5.8111978],[0.3834672,5.8092311],[0.3814239,5.8078263],[0.3763683,5.8055676],[0.375579,5.8075268]]],[[[0.3873177,5.8215013],[0.389784,5.8230489],[0.3910527,5.825301],[0.3953965,5.8272889],[0.4102895,5.8155814],[0.3935341,5.8155938],[0.3892718,5.8146883],[0.3873177,5.8215013]]],[[[0.3954998,5.8276011],[0.3972432,5.8322467],[0.4009742,5.8337276],[0.4026049,5.8375273],[0.4052335,5.8406572],[0.4115877,5.8404998],[0.4155385,5.8433868],[0.4294968,5.8402676],[0.4329622,5.8389922],[0.4366046,5.8361771],[0.4396382,5.8366974],[0.4516518,5.8434215],[0.4503027,5.8452333],[0.4491091,5.8555033],[0.4523411,5.8563732],[0.4579201,5.8558422],[0.4609483,5.85775],[0.4651031,5.8584544],[0.466074,5.8604635],[0.4684183,5.86021],[0.4715243,5.86136],[0.4745257,5.8598018],[0.4720473,5.8589347],[0.4720822,5.8576859],[0.4744559,5.8575232],[0.4729915,5.8561864],[0.4689869,5.8554687],[0.4694134,5.8540678],[0.4731926,5.85319],[0.4797131,5.8496332],[0.4835808,5.8449745],[0.4851848,5.8440673],[0.4972869,5.8426477],[0.4999849,5.8405268],[0.5020728,5.8369802],[0.5019546,5.8329241],[0.5026735,5.832738],[0.5061302,5.8354126],[0.5093309,5.8323265],[0.5122066,5.8328654],[0.5155353,5.8306904],[0.5162838,5.829015],[0.5159982,5.8265069],[0.5118422,5.8248218],[0.5110347,5.8213437],[0.5086317,5.821765],[0.5084938,5.8243417],[0.5073416,5.8259191],[0.5056575,5.8246552],[0.5082181,5.820746],[0.5132604,5.8167389],[0.5172194,5.816347],[0.5187655,5.81765],[0.5183913,5.8182085],[0.5158209,5.8180909],[0.5151315,5.8205599],[0.5128664,5.8211575],[0.5126695,5.8221275],[0.5141073,5.8243417],[0.5185489,5.8248218],[0.5201935,5.8272907],[0.519514,5.8298674],[0.5140778,5.8371369],[0.5194943,5.8426331],[0.5215723,5.8490894],[0.5246745,5.8489522],[0.5298546,5.8460915],[0.532297,5.8404876],[0.5301599,5.8363532],[0.5318735,5.8338255],[0.5329174,5.8300535],[0.5308395,5.8279471],[0.5304849,5.8264383],[0.5320803,5.8224116],[0.5343848,5.821716],[0.5353598,5.8225096],[0.5361674,5.8220981],[0.5380582,5.8252333],[0.5412786,5.8280745],[0.5433072,5.8261394],[0.5431298,5.8230599],[0.5342048,5.8198815],[0.5313349,5.8197561],[0.5282409,5.8176448],[0.5269146,5.8126395],[0.5229771,5.8070892],[0.5198389,5.8085835],[0.5194044,5.8097363],[0.5164915,5.8097683],[0.518353,5.7992199],[0.5178353,5.7962018],[0.5169234,5.7961831],[0.5170494,5.7934186],[0.5193159,5.7925646],[0.5198711,5.7936427],[0.5277944,5.7922578],[0.5286688,5.7926687],[0.5271748,5.794542],[0.529397,5.7956147],[0.5347158,5.7954666],[0.5393158,5.7933985],[0.5406019,5.7951317],[0.541192,5.7942084],[0.5445984,5.7932878],[0.544762,5.7912224],[0.5482489,5.7881269],[0.5490656,5.7860588],[0.5468152,5.7855531],[0.5454366,5.7836637],[0.5363452,5.7881936],[0.5346769,5.7881482],[0.5327779,5.7870488],[0.5319149,5.7838821],[0.5280886,5.7842703],[0.5282262,5.7853369],[0.526806,5.7860067],[0.525312,5.785932],[0.5250773,5.7850167],[0.5236164,5.7845543],[0.5061757,5.7866382],[0.4783138,5.7879238],[0.4716043,5.7895327],[0.4626182,5.7894837],[0.4627008,5.7901349],[0.4725688,5.790203],[0.4725688,5.7907649],[0.4757417,5.7915637],[0.4784605,5.7934643],[0.479197,5.796577],[0.4799667,5.7970562],[0.4882561,5.7960316],[0.4901111,5.7965825],[0.4904489,5.7975521],[0.4889649,5.7990009],[0.4845073,5.7991111],[0.4819491,5.8000972],[0.4761625,5.7996455],[0.4748834,5.7977394],[0.473643,5.7974529],[0.4738424,5.7949959],[0.471273,5.7933652],[0.4702652,5.7937343],[0.470974,5.7951005],[0.4679562,5.7952603],[0.4621032,5.7978606],[0.4594176,5.7979652],[0.4585537,5.7970507],[0.458742,5.7958773],[0.4576068,5.7976733],[0.4540186,5.7987365],[0.4544616,5.8022237],[0.4572635,5.7994306],[0.4595449,5.7999925],[0.4596944,5.8009401],[0.4575016,5.8032814],[0.4566267,5.807033],[0.454744,5.8075894],[0.4529389,5.8093688],[0.4522799,5.80857],[0.4518092,5.809479],[0.4527672,5.8109499],[0.4514382,5.8126741],[0.4507128,5.8111647],[0.4523519,5.8073112],[0.4517843,5.803309],[0.4527561,5.8024771],[0.4514991,5.797811],[0.4507959,5.7981691],[0.451848,5.8016728],[0.4515213,5.8024881],[0.4492897,5.8033255],[0.447623,5.8014855],[0.4461501,5.8017169],[0.4445276,5.7997997],[0.4274726,5.8114181],[0.4108071,5.8154627],[0.3954998,5.8276011]],[[0.4614901,5.8188195],[0.4644868,5.8163697],[0.4659748,5.8177735],[0.4657602,5.8201858],[0.4640274,5.8214186],[0.4616833,5.8205273],[0.4614901,5.8188195]],[[0.4639149,5.8131519],[0.4647614,5.8081252],[0.4641934,5.8076117],[0.4663396,5.8066089],[0.4671657,5.8076122],[0.4679489,5.8130238],[0.4648805,5.8154253],[0.4643349,5.8154363],[0.4639149,5.8131519]],[[0.465728,5.8512342],[0.467906,5.8521414],[0.4671979,5.8540412],[0.465492,5.8521841],[0.465728,5.8512342]],[[0.4715484,5.797995],[0.4723316,5.7973599],[0.4725569,5.7976161],[0.4715484,5.797995]],[[0.4916167,5.8262483],[0.4924321,5.8231103],[0.4998779,5.8196307],[0.5024743,5.8233878],[0.4986763,5.8223205],[0.4959512,5.8231957],[0.4955005,5.8244338],[0.4969597,5.8265258],[0.494256,5.8243057],[0.4916167,5.8262483]],[[0.4952216,5.7923485],[0.4969382,5.7923699],[0.4980325,5.7935867],[0.4946637,5.7939069],[0.4943204,5.7932238],[0.4952216,5.7923485]],[[0.4999637,5.7956148],[0.5011868,5.7935653],[0.5026245,5.7940564],[0.5014443,5.7948462],[0.5016804,5.7961698],[0.4999637,5.7956148]],[[0.5004144,5.7988383],[0.5007362,5.7973866],[0.5019378,5.7973866],[0.5017447,5.7986889],[0.5004144,5.7988383]],[[0.5035257,5.7954653],[0.5105853,5.7908328],[0.5141687,5.7921777],[0.5150056,5.7932665],[0.5143404,5.794462],[0.5092549,5.7944193],[0.5054998,5.7965114],[0.5034399,5.7961698],[0.5035257,5.7954653]],[[0.507946,5.827956],[0.5095446,5.8295357],[0.5089009,5.8309659],[0.5076349,5.8288312],[0.507946,5.827956]]]]}},{"id":"118","type":"Feature","properties":{"category":"water"},"geometry":{"type":"Polygon","coordinates":[[[0.3873177,5.8215013],[0.389784,5.8230489],[0.3910527,5.825301],[0.3953965,5.8272889],[0.4102895,5.8155814],[0.3935341,5.8155938],[0.3892718,5.8146883],[0.3873177,5.8215013]]]}},{"id":"119","type":"Feature","properties":{"category":"wetland"},"geometry":{"type":"Polygon","coordinates":[[[0.5164915,5.8097683],[0.5194044,5.8097363],[0.5198389,5.8085835],[0.5229771,5.8070892],[0.5269146,5.8126395],[0.5282409,5.8176448],[0.5313349,5.8197561],[0.5342048,5.8198815],[0.5415487,5.8230062],[0.5431298,5.8230599],[0.5431487,5.8199423],[0.5554345,5.8195013],[0.5549222,5.795508],[0.5528301,5.7894024],[0.5543268,5.7896373],[0.5537464,5.7875476],[0.5553937,5.7863576],[0.5548122,5.7864324],[0.554477,5.7841614],[0.5526638,5.7839266],[0.5493432,5.7856305],[0.5488926,5.7873423],[0.544762,5.7912224],[0.5445984,5.7932878],[0.541192,5.7942084],[0.5406019,5.7951317],[0.5393158,5.7933985],[0.5347158,5.7954666],[0.529397,5.7956147],[0.5271748,5.794542],[0.5286688,5.7926687],[0.5277944,5.7922578],[0.5198711,5.7936427],[0.5193159,5.7925646],[0.5170494,5.7934186],[0.5169234,5.7961831],[0.5178353,5.7962018],[0.518353,5.7992199],[0.5165693,5.8076709],[0.5164915,5.8097683]]]}},{"id":"120","type":"Feature","properties":{"category":"industrial"},"geometry":{"type":"Polygon","coordinates":[[[0.0696516,5.9979357],[0.0718081,5.9976582],[0.0721085,5.9960364],[0.0697374,5.9956309],[0.0696516,5.9979357]]]}},{"id":"121","type":"Feature","properties":{"category":"industrial"},"geometry":{"type":"Polygon","coordinates":[[[0.3026438,6.0395908],[0.3028974,6.040387],[0.3060042,6.0394085],[0.3056864,6.0384108],[0.3026438,6.0395908]]]}},{"id":"122","type":"Feature","properties":{"category":"water"},"geometry":{"type":"Polygon","coordinates":[[[-0.1395399,5.5629504],[-0.1364741,5.5641537],[-0.136385,5.5646289],[-0.136273,5.5640703],[-0.1395399,5.5629504]]]}},{"id":"123","type":"Feature","properties":{"category":"industrial"},"geometry":{"type":"Polygon","coordinates":[[[0.0070944,5.714169],[0.0124621,5.717276],[0.013711,5.7166388],[0.012939,5.715426],[0.008065,5.7125261],[0.0070944,5.714169]]]}},{"id":"124","type":"Feature","properties":{"category":"industrial"},"geometry":{"type":"Polygon","coordinates":[[[-0.1169776,5.5923139],[-0.1167879,5.5922478],[-0.1169435,5.5922214],[-0.1169776,5.5923139]]]}},{"id":"125","type":"Feature","properties":{"category":"industrial"},"geometry":{"type":"Polygon","coordinates":[[[-0.1168145,5.5923583],[-0.1166324,5.5923243],[-0.1167728,5.5922724],[-0.1168145,5.5923583]]]}},{"id":"126","type":"Feature","properties":{"category":"water"},"geometry":{"type":"Polygon","coordinates":[[[-0.1177549,5.5921316],[-0.117703,5.5922977],[-0.1176421,5.592199],[-0.1177549,5.5921316]]]}},{"id":"127","type":"Feature","properties":{"category":"water"},"geometry":{"type":"Polygon","coordinates":[[[-0.1172788,5.591708],[-0.1172157,5.5916987],[-0.1172566,5.5916693],[-0.1172788,5.591708]]]}},{"id":"128","type":"Feature","properties":{"category":"industrial"},"geometry":{"type":"Polygon","coordinates":[[[0.006617,5.6525225],[0.0073193,5.6516777],[0.0061802,5.6507385],[0.0053108,5.6514575],[0.006617,5.6525225]]]}},{"id":"129","type":"Feature","properties":{"category":"industrial"},"geometry":{"type":"Polygon","coordinates":[[[-0.0242009,5.6823464],[-0.0170731,5.6852177],[-0.0155459,5.6839868],[-0.0144578,5.6840765],[-0.013616,5.6818472],[-0.0223703,5.6783268],[-0.0242009,5.6823464]]]}},{"id":"130","type":"Feature","properties":{"category":"water"},"geometry":{"type":"Polygon","coordinates":[[[0.2879259,6.0279182],[0.288913,6.0288891],[0.2905867,6.0276728],[0.2879259,6.0279182]]]}},{"id":"131","type":"Feature","properties":{"category":"water"},"geometry":{"type":"Polygon","coordinates":[[[0.6018602,5.884679],[0.6022014,5.8852772],[0.6023619,5.8848078],[0.6018602,5.884679]]]}},{"id":"132","type":"Feature","properties":{"category":"water"},"geometry":{"type":"Polygon","coordinates":[[[0.6620451,5.790582],[0.6624958,5.790678],[0.6621041,5.7904085],[0.6620451,5.790582]]]}},{"id":"133","type":"Feature","properties":{"category":"water"},"geometry":{"type":"Polygon","coordinates":[[[0.6621444,5.7903124],[0.6627586,5.7903231],[0.6622544,5.7899896],[0.6621444,5.7903124]]]}},{"id":"134","type":"Feature","properties":{"category":"water"},"geometry":{"type":"Polygon","coordinates":[[[0.6623134,5.7897147],[0.6628176,5.7895626],[0.6623724,5.7893251],[0.6623134,5.7897147]]]}},{"id":"135","type":"Feature","properties":{"category":"water"},"geometry":{"type":"Polygon","coordinates":[[[0.2345819,6.0278819],[0.2351127,6.0250943],[0.2337395,6.024855],[0.2332087,6.0276637],[0.2345819,6.0278819]]]}},{"id":"136","type":"Feature","properties":{"category":"water"},"geometry":{"type":"Polygon","coordinates":[[[0.237392,6.0347592],[0.2374628,6.0334218],[0.2367125,6.0332669],[0.2359268,6.0347381],[0.237392,6.0347592]]]}},{"id":"137","type":"Feature","properties":{"category":"water"},"geometry":{"type":"Polygon","coordinates":[[[0.2379795,6.0472395],[0.238022,6.0436355],[0.2371867,6.0435651],[0.2369531,6.0472325],[0.2379795,6.0472395]]]}},{"id":"138","type":"Feature","properties":{"category":"water"},"geometry":{"type":"Polygon","coordinates":[[[0.2363727,6.0532649],[0.2370098,6.052575],[0.2376468,6.0503155],[0.2367832,6.0502803],[0.2363727,6.0532649]]]}},{"id":"139","type":"Feature","properties":{"category":"water"},"geometry":{"type":"Polygon","coordinates":[[[0.2285935,6.0564816],[0.2315169,6.0574037],[0.2318779,6.0571503],[0.2285157,6.0554962],[0.2285935,6.0564816]]]}},{"id":"140","type":"Feature","properties":{"category":"water"},"geometry":{"type":"Polygon","coordinates":[[[0.2251039,6.0603882],[0.2252455,6.0636683],[0.2254295,6.0636612],[0.226194,6.0607894],[0.2251039,6.0603882]]]}},{"id":"141","type":"Feature","properties":{"category":"water"},"geometry":{"type":"Polygon","coordinates":[[[0.3438925,5.9031663],[0.3444075,5.9035025],[0.3446865,5.9036092],[0.3444987,5.9031076],[0.3438925,5.9031663]]]}},{"id":"142","type":"Feature","properties":{"category":"water"},"geometry":{"type":"Polygon","coordinates":[[[0.346288,5.876029],[0.3471133,5.876765],[0.347402,5.8756609],[0.3468653,5.8755801],[0.346288,5.876029]]]}},{"id":"143","type":"Feature","properties":{"category":"water"},"geometry":{"type":"Polygon","coordinates":[[[0.3537931,5.8579945],[0.3545227,5.8584374],[0.3545173,5.8580105],[0.3537931,5.8579945]]]}},{"id":"144","type":"Feature","properties":{"category":"water"},"geometry":{"type":"Polygon","coordinates":[[[0.3157899,5.7862242],[0.3159253,5.786902],[0.3164148,5.786878],[0.31662,5.7861989],[0.3157899,5.7862242]]]}},{"id":"145","type":"Feature","properties":{"category":"water"},"geometry":{"type":"Polygon","coordinates":[[[0.1935605,5.76095],[0.1934103,5.7616865],[0.1944832,5.7611528],[0.1935605,5.76095]]]}},{"id":"146","type":"Feature","properties":{"category":"water"},"geometry":{"type":"Polygon","coordinates":[[[0.1690311,5.7793238],[0.1696964,5.7790562],[0.1697389,5.7786055],[0.1692222,5.7787674],[0.1690311,5.7793238]]]}},{"id":"147","type":"Feature","properties":{"category":"water"},"geometry":{"type":"Polygon","coordinates":[[[0.2323147,5.7627164],[0.2335605,5.7636461],[0.2348063,5.7625756],[0.234509,5.7623009],[0.2323147,5.7627164]]]}},{"id":"148","type":"Feature","properties":{"category":"wetland"},"geometry":{"type":"Polygon","coordinates":[[[-0.3302447,5.5149873],[-0.327955,5.51655],[-0.3239451,5.5155422],[-0.3238674,5.5166354],[-0.3218021,5.5169051],[-0.3215888,5.5160468],[-0.3227489,5.51594],[-0.3235844,5.5148427],[-0.3235629,5.5131954],[-0.3215962,5.5125964],[-0.3237923,5.5129685],[-0.3254043,5.5114974],[-0.3254861,5.5157678],[-0.3282259,5.5161923],[-0.3288066,5.5156596],[-0.3283466,5.5151564],[-0.327833,5.5159226],[-0.3256631,5.515649],[-0.3260373,5.5132581],[-0.3253734,5.5107886],[-0.3268773,5.5107906],[-0.3264248,5.5134704],[-0.3301701,5.5140777],[-0.3302447,5.5149873]]]}},{"id":"149","type":"Feature","properties":{"category":"wetland"},"geometry":{"type":"Polygon","coordinates":[[[-0.3282367,5.5096886],[-0.3264959,5.5108433],[-0.3255263,5.5104455],[-0.3261995,5.509144],[-0.3280442,5.5089257],[-0.3282367,5.5096886]]]}},{"id":"150","type":"Feature","properties":{"category":"wetland"},"geometry":{"type":"Polygon","coordinates":[[[-0.3253976,5.5098795],[-0.3240068,5.5128964],[-0.3215962,5.5125964],[-0.3224525,5.5097967],[-0.3253976,5.5098795]]]}},{"id":"151","type":"Feature","properties":{"category":"water"},"geometry":{"type":"Polygon","coordinates":[[[-0.3202289,5.5284665],[-0.3194176,5.5285359],[-0.3190052,5.5282622],[-0.3190273,5.5266938],[-0.3170599,5.5244659],[-0.3140907,5.525694],[-0.3121836,5.5242923],[-0.3106038,5.5221499],[-0.3106186,5.5195335],[-0.3069574,5.5195295],[-0.3080383,5.5186084],[-0.3122976,5.5195135],[-0.3110907,5.5197858],[-0.3107192,5.5215999],[-0.3113294,5.5230883],[-0.3137139,5.5253709],[-0.3172785,5.5243457],[-0.3191453,5.5262733],[-0.3192097,5.5282622],[-0.3202289,5.5284665]]]}},{"id":"152","type":"Feature","properties":{"category":"water"},"geometry":{"type":"Polygon","coordinates":[[[-0.3090281,5.5427697],[-0.3081782,5.5422026],[-0.3082899,5.543049],[-0.3080334,5.5420492],[-0.3090281,5.5427697]]]}},{"id":"153","type":"Feature","properties":{"category":"water"},"geometry":{"type":"Polygon","coordinates":[[[-0.0094673,5.7761703],[-0.0062877,5.7762684],[-0.0055729,5.7747724],[-0.0073722,5.7723446],[-0.0091099,5.7725776],[-0.0094673,5.7761703]]]}},{"id":"154","type":"Feature","properties":{"category":"water"},"geometry":{"type":"Polygon","coordinates":[[[-0.4455604,5.5772457],[-0.4441148,5.5784459],[-0.4431698,5.5759894],[-0.4453348,5.5751542],[-0.4455604,5.5772457]]]}},{"id":"155","type":"Feature","properties":{"category":"wetland"},"geometry":{"type":"Polygon","coordinates":[[[-0.4447213,5.5790986],[-0.4444815,5.5806777],[-0.4442488,5.5807128],[-0.4436282,5.580032],[-0.4440161,5.5781862],[-0.4447213,5.5790986]]]}},{"id":"156","type":"Feature","properties":{"category":"water"},"geometry":{"type":"Polygon","coordinates":[[[-0.4069301,5.4714431],[-0.4068241,5.4706519],[-0.4070601,5.4708388],[-0.4072505,5.4715357],[-0.4067194,5.4755914],[-0.4059838,5.4737753],[-0.4069301,5.4714431]],[[-0.4062971,5.4738565],[-0.4062399,5.4734824],[-0.4063215,5.4740426],[-0.4062971,5.4738565]]]}},{"id":"157","type":"Feature","properties":{"category":"forest"},"geometry":{"type":"Polygon","coordinates":[[[-0.4063215,5.4740426],[-0.4061291,5.4736245],[-0.4062399,5.4734824],[-0.4063215,5.4740426]]]}},{"id":"158","type":"Feature","properties":{"category":"industrial"},"geometry":{"type":"Polygon","coordinates":[[[-0.2229425,5.5739997],[-0.222795,5.5710712],[-0.2229667,5.5710645],[-0.2236547,5.5740023],[-0.2229425,5.5739997]]]}},{"id":"159","type":"Feature","properties":{"category":"water"},"geometry":{"type":"Polygon","coordinates":[[[-0.3515721,5.6152763],[-0.3512332,5.6158773],[-0.3508758,5.6162084],[-0.3498652,5.6155155],[-0.3504814,5.6143196],[-0.3513256,5.6144116],[-0.3515721,5.6152763]],[[-0.3514735,5.6153499],[-0.350352,5.6149819],[-0.3505554,5.6159509],[-0.3514735,5.6153499]]]}},{"id":"160","type":"Feature","properties":{"category":"water"},"geometry":{"type":"Polygon","coordinates":[[[-0.3577101,5.7222103],[-0.3583324,5.7228828],[-0.3579301,5.7228668],[-0.3577101,5.7222103]]]}},{"id":"161","type":"Feature","properties":{"category":"water"},"geometry":{"type":"Polygon","coordinates":[[[-0.3593972,5.7248711],[-0.3594267,5.7260988],[-0.3591558,5.7249538],[-0.3593972,5.7248711]]]}},{"id":"162","type":"Feature","properties":{"category":"water"},"geometry":{"type":"Polygon","coordinates":[[[-0.3602394,5.7259066],[-0.3597915,5.7260027],[-0.3598532,5.7256984],[-0.3602394,5.7259066]]]}},{"id":"163","type":"Feature","properties":{"category":"water"},"geometry":{"type":"Polygon","coordinates":[[[-0.3597647,5.726355],[-0.3596789,5.7267766],[-0.3595287,5.7266459],[-0.3597647,5.726355]]]}},{"id":"164","type":"Feature","properties":{"category":"water"},"geometry":{"type":"Polygon","coordinates":[[[-0.3618971,5.7280577],[-0.3601402,5.726798],[-0.3604889,5.7262535],[-0.3617924,5.7274812],[-0.3618971,5.7280577]]]}},{"id":"165","type":"Feature","properties":{"category":"water"},"geometry":{"type":"Polygon","coordinates":[[[-0.419991,5.7108035],[-0.4189879,5.7103978],[-0.419932,5.7094744],[-0.419991,5.7108035]]]}},{"id":"166","type":"Feature","properties":{"category":"water"},"geometry":{"type":"Polygon","coordinates":[[[-0.3378116,5.6766837],[-0.3367949,5.677438],[-0.3347183,5.6772663],[-0.3368011,5.676279],[-0.3378116,5.6766837]]]}},{"id":"167","type":"Feature","properties":{"category":"cemetery"},"geometry":{"type":"Polygon","coordinates":[[[0.0331373,5.667495],[0.033759,5.6657047],[0.031923,5.6648993],[0.0312786,5.666729],[0.0331373,5.667495]]]}},{"id":"168","type":"Feature","properties":{"category":"water"},"geometry":{"type":"Polygon","coordinates":[[[0.3597566,5.8793113],[0.3598344,5.8799036],[0.3602582,5.8795621],[0.3597566,5.8793113]]]}},{"id":"169","type":"Feature","properties":{"category":"cemetery"},"geometry":{"type":"Polygon","coordinates":[[[-0.4054275,5.537305],[-0.4059729,5.5385035],[-0.405195,5.5385436],[-0.4054275,5.537305]]]}},{"id":"170","type":"Feature","properties":{"category":"cemetery"},"geometry":{"type":"Polygon","coordinates":[[[-0.2804653,5.6871403],[-0.2800707,5.6871525],[-0.2802882,5.686951],[-0.2804653,5.6871403]]]}},{"id":"171","type":"Feature","properties":{"category":"cemetery"},"geometry":{"type":"Polygon","coordinates":[[[-0.4063882,5.5381896],[-0.4059738,5.538614],[-0.4059786,5.5381831],[-0.4063882,5.5381896]]]}},{"id":"172","type":"Feature","properties":{"category":"water"},"geometry":{"type":"Polygon","coordinates":[[[0.2489896,5.9833899],[0.2488713,5.9832767],[0.2488802,5.9834644],[0.2489896,5.9833899]]]}},{"id":"173","type":"Feature","properties":{"category":"water"},"geometry":{"type":"Polygon","coordinates":[[[0.2953505,5.996086],[0.295846,5.9962193],[0.2955516,5.9958338],[0.2953505,5.996086]]]}},{"id":"174","type":"Feature","properties":{"category":"water"},"geometry":{"type":"Polygon","coordinates":[[[0.317688,5.9853099],[0.3185925,5.9860339],[0.3194749,5.9844158],[0.3181623,5.9847285],[0.317688,5.9853099]]]}},{"id":"175","type":"Feature","properties":{"category":"water"},"geometry":{"type":"Polygon","coordinates":[[[0.2474292,6.0938577],[0.2478953,6.0935481],[0.2474815,6.0934566],[0.2474292,6.0938577]]]}},{"id":"176","type":"Feature","properties":{"category":"water"},"geometry":{"type":"Polygon","coordinates":[[[0.2478007,6.0937621],[0.2481831,6.0936158],[0.2479124,6.0935378],[0.2478007,6.0937621]]]}},{"id":"177","type":"Feature","properties":{"category":"water"},"geometry":{"type":"Polygon","coordinates":[[[0.2761095,6.0061475],[0.2796288,6.0126127],[0.2786798,6.0140205],[0.2791751,6.0166375],[0.2798084,6.0123747],[0.2783392,6.0098806],[0.2785565,6.0085318],[0.2761095,6.0061475]]]}},{"id":"178","type":"Feature","properties":{"category":"water"},"geometry":{"type":"Polygon","coordinates":[[[0.3033218,6.0319154],[0.304204,6.0318224],[0.3043381,6.0325704],[0.3051228,6.031309],[0.3033218,6.0319154]]]}},{"id":"179","type":"Feature","properties":{"category":"water"},"geometry":{"type":"Polygon","coordinates":[[[0.2641635,5.9657592],[0.2641919,5.9661314],[0.2645321,5.9660356],[0.2641635,5.9657592]]]}},{"id":"180","type":"Feature","properties":{"category":"water"},"geometry":{"type":"Polygon","coordinates":[[[0.2653324,5.9578066],[0.2662666,5.9578378],[0.266229,5.9570375],[0.2658946,5.957102],[0.2653324,5.9578066]]]}},{"id":"181","type":"Feature","properties":{"category":"water"},"geometry":{"type":"Polygon","coordinates":[[[0.2685618,6.0845446],[0.2689277,6.0849892],[0.2690822,6.0848154],[0.2685618,6.0845446]]]}},{"id":"182","type":"Feature","properties":{"category":"water"},"geometry":{"type":"Polygon","coordinates":[[[0.2736003,6.076678],[0.2737385,6.076678],[0.2736084,6.0761969],[0.2736003,6.076678]]]}},{"id":"183","type":"Feature","properties":{"category":"water"},"geometry":{"type":"Polygon","coordinates":[[[0.2734905,6.0750407],[0.2737914,6.076112],[0.2740475,6.0737996],[0.2734905,6.0750407]]]}},{"id":"184","type":"Feature","properties":{"category":"water"},"geometry":{"type":"Polygon","coordinates":[[[0.271844,6.0756794],[0.2721042,6.075635],[0.2720188,6.0749356],[0.271844,6.0756794]]]}},{"id":"185","type":"Feature","properties":{"category":"water"},"geometry":{"type":"Polygon","coordinates":[[[0.2744622,6.0729102],[0.2740069,6.0735247],[0.2742345,6.0736905],[0.2744622,6.0729102]]]}},{"id":"186","type":"Feature","properties":{"category":"water"},"geometry":{"type":"Polygon","coordinates":[[[0.2624002,6.073567],[0.2624527,6.0739815],[0.2626801,6.0737178],[0.2624002,6.073567]]]}},{"id":"187","type":"Feature","properties":{"category":"water"},"geometry":{"type":"Polygon","coordinates":[[[0.2552702,6.0663546],[0.255475,6.0667453],[0.2554499,6.0663567],[0.2552702,6.0663546]]]}},{"id":"188","type":"Feature","properties":{"category":"industrial"},"geometry":{"type":"Polygon","coordinates":[[[-0.3063677,5.749701],[-0.3058171,5.7510634],[-0.3048602,5.7510886],[-0.304661,5.7501293],[-0.3063677,5.749701]]]}},{"id":"189","type":"Feature","properties":{"category":"water"},"geometry":{"type":"Polygon","coordinates":[[[-0.1921397,5.664038],[-0.1914657,5.6646236],[-0.191472,5.6640309],[-0.1921397,5.664038]]]}},{"id":"190","type":"Feature","properties":{"category":"industrial"},"geometry":{"type":"Polygon","coordinates":[[[-0.230495,5.621161],[-0.229925,5.6207566],[-0.2303897,5.6207379],[-0.230495,5.621161]]]}},{"id":"191","type":"Feature","properties":{"category":"industrial"},"geometry":{"type":"Polygon","coordinates":[[[-0.2306237,5.6216454],[-0.2300716,5.6213097],[-0.230495,5.621161],[-0.2306237,5.6216454]]]}},{"id":"192","type":"Feature","properties":{"category":"industrial"},"geometry":{"type":"Polygon","coordinates":[[[-0.2336003,5.6315632],[-0.232797,5.6319569],[-0.2325093,5.6308945],[-0.2336003,5.6315632]]]}},{"id":"193","type":"Feature","properties":{"category":"industrial"},"geometry":{"type":"Polygon","coordinates":[[[-0.2343667,5.6310433],[-0.2337458,5.6310433],[-0.2336838,5.6309135],[-0.2343667,5.6310433]]]}},{"id":"194","type":"Feature","properties":{"category":"landfill"},"geometry":{"type":"Polygon","coordinates":[[[-0.3228951,5.6771662],[-0.3219014,5.6779449],[-0.3210643,5.6778288],[-0.3209318,5.6769939],[-0.3220629,5.676004],[-0.3228951,5.6771662]]]}},{"id":"195","type":"Feature","properties":{"category":"industrial"},"geometry":{"type":"Polygon","coordinates":[[[0.2637196,5.8588508],[0.2652856,5.8561179],[0.2613741,5.8548018],[0.2598691,5.8577846],[0.2637196,5.8588508]]]}},{"id":"196","type":"Feature","properties":{"category":"forest"},"geometry":{"type":"Polygon","coordinates":[[[-0.2288548,5.6277721],[-0.2285135,5.627301],[-0.2286167,5.6264562],[-0.2288172,5.6266284],[-0.2288548,5.6277721]]]}},{"id":"197","type":"Feature","properties":{"category":"forest"},"geometry":{"type":"Polygon","coordinates":[[[-0.2309456,5.6269467],[-0.2307652,5.6271342],[-0.2305922,5.6267031],[-0.2309456,5.6269467]]]}},{"id":"198","type":"Feature","properties":{"category":"forest"},"geometry":{"type":"Polygon","coordinates":[[[-0.234185,5.6264061],[-0.233493,5.6271248],[-0.2333676,5.6271335],[-0.234185,5.6264061]]]}},{"id":"199","type":"Feature","properties":{"category":"forest"},"geometry":{"type":"Polygon","coordinates":[[[-0.2387672,5.6333349],[-0.2365333,5.633391],[-0.2360062,5.6324087],[-0.2368994,5.6318361],[-0.2387672,5.6333349]]]}},{"id":"200","type":"Feature","properties":{"category":"water"},"geometry":{"type":"Polygon","coordinates":[[[-0.374431,5.7442491],[-0.3731114,5.7468378],[-0.3717917,5.74703],[-0.3722692,5.7439769],[-0.3733474,5.7432884],[-0.374431,5.7442491]]]}},{"id":"201","type":"Feature","properties":{"category":"industrial"},"geometry":{"type":"Polygon","coordinates":[[[-0.0217969,5.6214706],[-0.0201524,5.6217783],[-0.0195778,5.6188156],[-0.0227296,5.6180035],[-0.0217969,5.6214706]]]}},{"id":"202","type":"Feature","properties":{"category":"industrial"},"geometry":{"type":"Polygon","coordinates":[[[-0.0186694,5.6226565],[-0.0160588,5.6235142],[-0.0155406,5.6224492],[-0.0179074,5.6206386],[-0.0186694,5.6226565]]]}},{"id":"203","type":"Feature","properties":{"category":"water"},"geometry":{"type":"Polygon","coordinates":[[[0.1946533,5.8079431],[0.1951843,5.8082419],[0.1956993,5.8090104],[0.1953238,5.8076709],[0.1946533,5.8079431]]]}},{"id":"204","type":"Feature","properties":{"category":"water"},"geometry":{"type":"Polygon","coordinates":[[[0.1968795,5.7975921],[0.1969627,5.7985074],[0.19708,5.798406],[0.1968795,5.7975921]]]}},{"id":"205","type":"Feature","properties":{"category":"water"},"geometry":{"type":"Polygon","coordinates":[[[0.2231129,5.8168009],[0.223951,5.8174773],[0.2238545,5.8166248],[0.2231129,5.8168009]]]}},{"id":"206","type":"Feature","properties":{"category":"water"},"geometry":{"type":"Polygon","coordinates":[[[0.2145982,5.8116469],[0.2147135,5.8123727],[0.214979,5.8117456],[0.2145982,5.8116469]]]}},{"id":"207","type":"Feature","properties":{"category":"industrial"},"geometry":{"type":"Polygon","coordinates":[[[-0.0080583,5.6268852],[-0.0077533,5.6263152],[-0.0058534,5.6269875],[-0.0054864,5.6260405],[-0.0080415,5.6245169],[-0.0090312,5.6263454],[-0.0080583,5.6268852]]]}},{"id":"208","type":"Feature","properties":{"category":"industrial"},"geometry":{"type":"Polygon","coordinates":[[[0.0022511,5.6362636],[0.002995,5.6366451],[0.0047861,5.6372886],[0.0049235,5.6359048],[0.0025258,5.6350791],[0.0022511,5.6362636]]]}},{"id":"209","type":"Feature","properties":{"category":"industrial"},"geometry":{"type":"Polygon","coordinates":[[[0.0053456,5.6366608],[0.0074176,5.6389773],[0.0105994,5.6385359],[0.0069939,5.6347576],[0.0053376,5.6350632],[0.0053456,5.6366608]]]}},{"id":"210","type":"Feature","properties":{"category":"industrial"},"geometry":{"type":"Polygon","coordinates":[[[-0.0049841,5.6284305],[-0.0028011,5.6291616],[-0.0042449,5.6265249],[-0.0049841,5.6284305]]]}},{"id":"211","type":"Feature","properties":{"category":"industrial"},"geometry":{"type":"Polygon","coordinates":[[[-0.0129818,5.6243946],[-0.0093699,5.6263617],[-0.0085264,5.6248221],[-0.0119395,5.6224755],[-0.0129818,5.6243946]]]}},{"id":"212","type":"Feature","properties":{"category":"industrial"},"geometry":{"type":"Polygon","coordinates":[[[0.0135586,5.6444229],[0.0138417,5.641556],[0.0130557,5.6410792],[0.0122228,5.6414774],[0.01206,5.6436967],[0.0135586,5.6444229]]]}},{"id":"213","type":"Feature","properties":{"category":"industrial"},"geometry":{"type":"Polygon","coordinates":[[[-0.0221243,5.6158696],[-0.0136406,5.6199378],[-0.0131536,5.61885],[-0.0098759,5.6204302],[-0.0080279,5.6164289],[-0.0047116,5.6180331],[-0.0042728,5.6171203],[-0.0183104,5.6107855],[-0.0221243,5.6158696]]]}},{"id":"214","type":"Feature","properties":{"category":"industrial"},"geometry":{"type":"Polygon","coordinates":[[[0.0104658,5.6377972],[0.0136652,5.6414761],[0.0155542,5.6373682],[0.0148521,5.6384617],[0.0148265,5.6373564],[0.0142187,5.6382858],[0.0146947,5.6372919],[0.0132459,5.6355563],[0.0127537,5.6380819],[0.0124761,5.6353509],[0.0104658,5.6377972]]]}},{"id":"215","type":"Feature","properties":{"category":"water"},"geometry":{"type":"Polygon","coordinates":[[[0.0149728,5.6374495],[0.0148521,5.6384617],[0.0154024,5.6376711],[0.0149728,5.6374495]]]}},{"id":"216","type":"Feature","properties":{"category":"industrial"},"geometry":{"type":"Polygon","coordinates":[[[-0.3279054,5.7588523],[-0.3271142,5.757614],[-0.3275779,5.7573207],[-0.3283691,5.758559],[-0.3279054,5.7588523]]]}},{"id":"217","type":"Feature","properties":{"category":"industrial"},"geometry":{"type":"Polygon","coordinates":[[[-0.2399635,5.6101186],[-0.2396515,5.6093495],[-0.2399048,5.6092742],[-0.2399635,5.6101186]]]}},{"id":"218","type":"Feature","properties":{"category":"industrial"},"geometry":{"type":"Polygon","coordinates":[[[-0.0728689,5.6145284],[-0.0721045,5.6149194],[-0.0720683,5.6145364],[-0.0728689,5.6145284]]]}},{"id":"219","type":"Feature","properties":{"category":"water"},"geometry":{"type":"Polygon","coordinates":[[[-0.2296454,5.6235293],[-0.2295113,5.6240779],[-0.2289265,5.6255386],[-0.2296454,5.6235293]]]}},{"id":"220","type":"Feature","properties":{"category":"water"},"geometry":{"type":"Polygon","coordinates":[[[-0.3665346,5.6087359],[-0.3660035,5.6087599],[-0.3661346,5.6082894],[-0.3665346,5.6087359]]]}},{"id":"221","type":"Feature","properties":{"category":"water"},"geometry":{"type":"Polygon","coordinates":[[[-0.3652445,5.6093205],[-0.3643727,5.6121473],[-0.3631014,5.6115013],[-0.3627259,5.6102254],[-0.3652445,5.6093205]]]}},{"id":"222","type":"Feature","properties":{"category":"water"},"geometry":{"type":"Polygon","coordinates":[[[0.1489244,6.06975],[0.1490937,6.0682493],[0.1459873,6.0669988],[0.1457298,6.069282],[0.1489244,6.06975]]]}},{"id":"223","type":"Feature","properties":{"category":"wetland"},"geometry":{"type":"Polygon","coordinates":[[[0.3130835,6.0498646],[0.3149289,6.0506594],[0.315983,6.0527292],[0.3171793,6.0522944],[0.3130031,6.0491017],[0.3130835,6.0498646]]]}},{"id":"224","type":"Feature","properties":{"category":"wetland"},"geometry":{"type":"Polygon","coordinates":[[[0.3096449,6.053569],[0.3158773,6.0548384],[0.3178436,6.0540445],[0.317988,6.052967],[0.3171793,6.0522944],[0.3165033,6.0531373],[0.3175548,6.0535454],[0.3168547,6.0537588],[0.3151676,6.05314],[0.3096449,6.053569]]]}},{"id":"225","type":"Feature","properties":{"category":"water"},"geometry":{"type":"Polygon","coordinates":[[[0.2984702,6.0515916],[0.2986284,6.0516476],[0.2986164,6.0515763],[0.2984702,6.0515916]]]}},{"id":"226","type":"Feature","properties":{"category":"water"},"geometry":{"type":"Polygon","coordinates":[[[0.2983307,6.0506094],[0.2983857,6.0508488],[0.2985084,6.0507428],[0.2983307,6.0506094]]]}},{"id":"227","type":"Feature","properties":{"category":"water"},"geometry":{"type":"Polygon","coordinates":[[[0.3034343,6.0511262],[0.3034437,6.0513556],[0.303846,6.0509995],[0.3034343,6.0511262]]]}},{"id":"228","type":"Feature","properties":{"category":"forest"},"geometry":{"type":"Polygon","coordinates":[[[0.2901372,6.0586611],[0.2910063,6.0590852],[0.2919075,6.0570901],[0.290266,6.0573462],[0.290789,6.057861],[0.2901372,6.0586611]]]}},{"id":"229","type":"Feature","properties":{"category":"wetland"},"geometry":{"type":"Polygon","coordinates":[[[0.2968964,6.0536921],[0.3029984,6.0507501],[0.3037387,6.0499339],[0.2998173,6.0513476],[0.2968964,6.0536921]]]}},{"id":"230","type":"Feature","properties":{"category":"water"},"geometry":{"type":"Polygon","coordinates":[[[0.3030333,6.0504327],[0.3033283,6.0504274],[0.303331,6.0502727],[0.3030333,6.0504327]]]}},{"id":"231","type":"Feature","properties":{"category":"wetland"},"geometry":{"type":"Polygon","coordinates":[[[0.2795076,6.0658146],[0.2812779,6.0642303],[0.2851135,6.0572315],[0.2800173,6.0622966],[0.2800411,6.0635178],[0.2805081,6.0624273],[0.2810875,6.0639502],[0.2795076,6.0658146]]]}},{"id":"232","type":"Feature","properties":{"category":"forest"},"geometry":{"type":"Polygon","coordinates":[[[-0.2468061,5.6377859],[-0.2459693,5.638285],[-0.2447248,5.636881],[-0.245752,5.6363338],[-0.2468061,5.6377859]]]}},{"id":"233","type":"Feature","properties":{"category":"water"},"geometry":{"type":"Polygon","coordinates":[[[0.2624568,6.0434697],[0.2629007,6.0437898],[0.2630872,6.0437391],[0.2627854,6.0432003],[0.2624568,6.0434697]],[[0.2625869,6.0433764],[0.2626915,6.0434417],[0.2626151,6.0434791],[0.2625869,6.0433764]],[[0.2628323,6.0436018],[0.2628417,6.0434191],[0.2629141,6.0435351],[0.2628323,6.0436018]]]}},{"id":"234","type":"Feature","properties":{"category":"industrial"},"geometry":{"type":"Polygon","coordinates":[[[0.0412685,5.6820641],[0.0430977,5.6792269],[0.0421388,5.6784356],[0.040162,5.6807923],[0.0412685,5.6820641]]]}},{"id":"235","type":"Feature","properties":{"category":"water"},"geometry":{"type":"Polygon","coordinates":[[[-0.1788839,5.6412322],[-0.1787981,5.641798],[-0.1786586,5.6416059],[-0.1788839,5.6412322]]]}},{"id":"236","type":"Feature","properties":{"category":"wetland"},"geometry":{"type":"Polygon","coordinates":[[[0.2558613,6.0170241],[0.2561429,6.0186353],[0.2560544,6.0169761],[0.2558613,6.0170241]]]}},{"id":"237","type":"Feature","properties":{"category":"water"},"geometry":{"type":"Polygon","coordinates":[[[0.2561054,6.0171388],[0.2566069,6.0180591],[0.2563173,6.0187633],[0.2573553,6.0177897],[0.2561054,6.0171388]]]}},{"id":"238","type":"Feature","properties":{"category":"water"},"geometry":{"type":"Polygon","coordinates":[[[-0.4136261,5.6968317],[-0.4126042,5.6969037],[-0.413028,5.6958335],[-0.4133686,5.6958548],[-0.4136261,5.6968317]]]}},{"id":"239","type":"Feature","properties":{"category":"water"},"geometry":{"type":"Polygon","coordinates":[[[-0.4114938,5.7029702],[-0.4110432,5.7031224],[-0.4110298,5.7027407],[-0.4114938,5.7029702]]]}},{"id":"240","type":"Feature","properties":{"category":"water"},"geometry":{"type":"Polygon","coordinates":[[[-0.4123735,5.7034213],[-0.4126766,5.7037963],[-0.4122099,5.7036668],[-0.4123735,5.7034213]]]}},{"id":"241","type":"Feature","properties":{"category":"water"},"geometry":{"type":"Polygon","coordinates":[[[-0.4136503,5.700384],[-0.4130924,5.7010513],[-0.412918,5.7006643],[-0.4136503,5.700384]]]}},{"id":"242","type":"Feature","properties":{"category":"water"},"geometry":{"type":"Polygon","coordinates":[[[-0.4100481,5.733051],[-0.4080337,5.7328402],[-0.4081222,5.7318581],[-0.4092193,5.7316552],[-0.4100481,5.733051]]]}},{"id":"243","type":"Feature","properties":{"category":"water"},"geometry":{"type":"Polygon","coordinates":[[[-0.2935785,5.5552213],[-0.2918968,5.5530168],[-0.2930769,5.5501723],[-0.2947949,5.5525777],[-0.2935785,5.5552213]]]}},{"id":"244","type":"Feature","properties":{"category":"water"},"geometry":{"type":"Polygon","coordinates":[[[-0.293319,5.5500182],[-0.2931628,5.5500355],[-0.293211,5.5499354],[-0.293319,5.5500182]]]}},{"id":"245","type":"Feature","properties":{"category":"water"},"geometry":{"type":"Polygon","coordinates":[[[-0.2934176,5.555573],[-0.2915662,5.5575318],[-0.2904095,5.5562818],[-0.2918163,5.5531383],[-0.2934176,5.555573]]]}},{"id":"246","type":"Feature","properties":{"category":"water"},"geometry":{"type":"Polygon","coordinates":[[[-0.2919021,5.5526898],[-0.2902392,5.5506208],[-0.2916674,5.5474293],[-0.2931413,5.549828],[-0.2919021,5.5526898]]]}},{"id":"247","type":"Feature","properties":{"category":"water"},"geometry":{"type":"Polygon","coordinates":[[[-0.2917425,5.553129],[-0.2904323,5.5559734],[-0.2902338,5.5560055],[-0.2886674,5.5541447],[-0.2901721,5.5507597],[-0.2917425,5.553129]]]}},{"id":"248","type":"Feature","properties":{"category":"water"},"geometry":{"type":"Polygon","coordinates":[[[-0.2885306,5.553803],[-0.2868649,5.5518409],[-0.2870715,5.5513763],[-0.2888712,5.5529541],[-0.2885306,5.553803]]]}},{"id":"249","type":"Feature","properties":{"category":"water"},"geometry":{"type":"Polygon","coordinates":[[[-0.2889329,5.5528713],[-0.2883294,5.5523187],[-0.2886808,5.5516406],[-0.2892803,5.5521799],[-0.2889329,5.5528713]]]}},{"id":"250","type":"Feature","properties":{"category":"water"},"geometry":{"type":"Polygon","coordinates":[[[-0.2892977,5.5521252],[-0.2887023,5.5515819],[-0.2890295,5.5508664],[-0.2896196,5.5514377],[-0.2892977,5.5521252]]]}},{"id":"251","type":"Feature","properties":{"category":"water"},"geometry":{"type":"Polygon","coordinates":[[[-0.2896611,5.5513403],[-0.2890335,5.5508344],[-0.2893473,5.5501403],[-0.2899602,5.5506662],[-0.2896611,5.5513403]]]}},{"id":"252","type":"Feature","properties":{"category":"water"},"geometry":{"type":"Polygon","coordinates":[[[-0.2900004,5.5505888],[-0.2893889,5.5500656],[-0.2896947,5.5493968],[-0.2902928,5.5499147],[-0.2900004,5.5505888]]]}},{"id":"253","type":"Feature","properties":{"category":"water"},"geometry":{"type":"Polygon","coordinates":[[[-0.2900702,5.548676],[-0.2902499,5.549836],[-0.2897108,5.5493207],[-0.2900702,5.548676]]]}},{"id":"254","type":"Feature","properties":{"category":"water"},"geometry":{"type":"Polygon","coordinates":[[[-0.2903967,5.5478578],[-0.2906629,5.5490925],[-0.2900326,5.5485866],[-0.2903967,5.5478578]]]}},{"id":"255","type":"Feature","properties":{"category":"water"},"geometry":{"type":"Polygon","coordinates":[[[-0.2910277,5.5483089],[-0.2904034,5.5478424],[-0.2907407,5.5471116],[-0.2912651,5.5475921],[-0.2910277,5.5483089]]]}},{"id":"256","type":"Feature","properties":{"category":"water"},"geometry":{"type":"Polygon","coordinates":[[[-0.298385,5.5548375],[-0.297754,5.5532744],[-0.2992916,5.5527726],[-0.2998388,5.5543316],[-0.298385,5.5548375]]]}},{"id":"257","type":"Feature","properties":{"category":"water"},"geometry":{"type":"Polygon","coordinates":[[[-0.2865726,5.5579142],[-0.2858269,5.5592757],[-0.2840258,5.5574537],[-0.2848204,5.5554408],[-0.2865726,5.5579142]]]}},{"id":"258","type":"Feature","properties":{"category":"water"},"geometry":{"type":"Polygon","coordinates":[[[-0.286763,5.5574577],[-0.2848238,5.5554302],[-0.2856472,5.5535441],[-0.2874577,5.5559654],[-0.286763,5.5574577]]]}},{"id":"259","type":"Feature","properties":{"category":"water"},"geometry":{"type":"Polygon","coordinates":[[[-0.2876079,5.5557358],[-0.2856821,5.55348],[-0.2864814,5.5515605],[-0.2883321,5.5542168],[-0.2876079,5.5557358]]]}},{"id":"260","type":"Feature","properties":{"category":"water"},"geometry":{"type":"Polygon","coordinates":[[[-0.2913871,5.5576526],[-0.2880833,5.561316],[-0.2859744,5.55954],[-0.2884582,5.5542168],[-0.2913871,5.5576526]]]}},{"id":"261","type":"Feature","properties":{"category":"water"},"geometry":{"type":"Polygon","coordinates":[[[-0.2973028,5.5518008],[-0.2964357,5.5496524],[-0.2973014,5.5479138],[-0.2982831,5.5502017],[-0.2973028,5.5518008]]]}},{"id":"262","type":"Feature","properties":{"category":"water"},"geometry":{"type":"Polygon","coordinates":[[[-0.2983113,5.5501603],[-0.2973215,5.5478751],[-0.2981148,5.5462987],[-0.2992762,5.5485732],[-0.2983113,5.5501603]]]}},{"id":"263","type":"Feature","properties":{"category":"water"},"geometry":{"type":"Polygon","coordinates":[[[-0.2992313,5.552256],[-0.2983233,5.5501857],[-0.2992916,5.5485986],[-0.3007735,5.5515218],[-0.2992313,5.552256]]]}},{"id":"264","type":"Feature","properties":{"category":"water"},"geometry":{"type":"Polygon","coordinates":[[[-0.2977654,5.5529381],[-0.2973135,5.5518275],[-0.2983005,5.5502297],[-0.2991897,5.5522894],[-0.2977654,5.5529381]]]}},{"id":"265","type":"Feature","properties":{"category":"water"},"geometry":{"type":"Polygon","coordinates":[[[-0.2948713,5.5493528],[-0.2942536,5.5479122],[-0.2946574,5.5469835],[-0.2952911,5.5484474],[-0.2948713,5.5493528]]]}},{"id":"266","type":"Feature","properties":{"category":"water"},"geometry":{"type":"Polygon","coordinates":[[[-0.2955231,5.5507557],[-0.2948894,5.5493614],[-0.2953005,5.5484491],[-0.2959362,5.5499134],[-0.2955231,5.5507557]]]}},{"id":"267","type":"Feature","properties":{"category":"water"},"geometry":{"type":"Polygon","coordinates":[[[-0.2944435,5.5502604],[-0.2938561,5.5488215],[-0.2942403,5.5478985],[-0.2948693,5.5493688],[-0.2944435,5.5502604]]]}},{"id":"268","type":"Feature","properties":{"category":"water"},"geometry":{"type":"Polygon","coordinates":[[[-0.2950564,5.551654],[-0.294461,5.5502898],[-0.2948834,5.5493795],[-0.2954856,5.5508291],[-0.2950564,5.551654]]]}},{"id":"269","type":"Feature","properties":{"category":"water"},"geometry":{"type":"Polygon","coordinates":[[[-0.2947761,5.552296],[-0.2933827,5.5499414],[-0.293828,5.5488976],[-0.2950028,5.5517821],[-0.2947761,5.552296]]]}},{"id":"270","type":"Feature","properties":{"category":"water"},"geometry":{"type":"Polygon","coordinates":[[[-0.2948177,5.5459436],[-0.2938682,5.5437385],[-0.2954507,5.5407378],[-0.2963734,5.5425104],[-0.2948177,5.5459436]]]}},{"id":"271","type":"Feature","properties":{"category":"water"},"geometry":{"type":"Polygon","coordinates":[[[-0.2953863,5.5471343],[-0.2948928,5.5460184],[-0.2964136,5.5426172],[-0.2972585,5.5442911],[-0.2953863,5.5471343]]]}},{"id":"272","type":"Feature","properties":{"category":"water"},"geometry":{"type":"Polygon","coordinates":[[[-0.2963921,5.5492286],[-0.2954158,5.5473746],[-0.2961078,5.5463494],[-0.2970681,5.5478204],[-0.2963921,5.5492286]]]}},{"id":"273","type":"Feature","properties":{"category":"water"},"geometry":{"type":"Polygon","coordinates":[[[-0.2973081,5.5444072],[-0.2976233,5.5462506],[-0.2971767,5.5475494],[-0.2961494,5.5462052],[-0.2973081,5.5444072]]]}},{"id":"274","type":"Feature","properties":{"category":"water"},"geometry":{"type":"Polygon","coordinates":[[[-0.2924225,5.5483663],[-0.2918136,5.5473852],[-0.2923501,5.5461145],[-0.2929482,5.5472518],[-0.2924225,5.5483663]]]}},{"id":"275","type":"Feature","properties":{"category":"water"},"geometry":{"type":"Polygon","coordinates":[[[-0.2929542,5.5472384],[-0.2923621,5.5461011],[-0.2928818,5.5448537],[-0.2934591,5.5461305],[-0.2929542,5.5472384]]]}},{"id":"276","type":"Feature","properties":{"category":"water"},"geometry":{"type":"Polygon","coordinates":[[[-0.2934699,5.5461025],[-0.2928945,5.5448277],[-0.2934343,5.543597],[-0.2939795,5.5449999],[-0.2934699,5.5461025]]]}},{"id":"277","type":"Feature","properties":{"category":"water"},"geometry":{"type":"Polygon","coordinates":[[[-0.2931882,5.5495837],[-0.2924493,5.548389],[-0.2929562,5.5472618],[-0.2936228,5.5485639],[-0.2931882,5.5495837]]]}},{"id":"278","type":"Feature","properties":{"category":"water"},"geometry":{"type":"Polygon","coordinates":[[[-0.2936429,5.5485385],[-0.292967,5.5472444],[-0.2934719,5.5461358],[-0.2940868,5.5475027],[-0.2936429,5.5485385]]]}},{"id":"279","type":"Feature","properties":{"category":"water"},"geometry":{"type":"Polygon","coordinates":[[[-0.2941203,5.547432],[-0.2934773,5.5461212],[-0.2939889,5.5450132],[-0.2945468,5.5464322],[-0.2941203,5.547432]]]}},{"id":"280","type":"Feature","properties":{"category":"water"},"geometry":{"type":"Polygon","coordinates":[[[-0.2949719,5.5398501],[-0.2949424,5.5414706],[-0.2948888,5.5414839],[-0.2949719,5.5398501]]]}},{"id":"281","type":"Feature","properties":{"category":"water"},"geometry":{"type":"Polygon","coordinates":[[[-0.2939165,5.5435543],[-0.2935892,5.5429429],[-0.2945522,5.5407965],[-0.2949035,5.5415734],[-0.2939165,5.5435543]]]}},{"id":"282","type":"Feature","properties":{"category":"water"},"geometry":{"type":"Polygon","coordinates":[[[-0.294984,5.5197858],[-0.2887264,5.5230309],[-0.2866262,5.5230402],[-0.2848853,5.5198481],[-0.2894171,5.519145],[-0.2945167,5.5167367],[-0.294984,5.5197858]]]}},{"id":"283","type":"Feature","properties":{"category":"water"},"geometry":{"type":"Polygon","coordinates":[[[-0.2932781,5.5430631],[-0.2927551,5.5425398],[-0.2930582,5.541803],[-0.2935758,5.5423342],[-0.2932781,5.5430631]]]}},{"id":"284","type":"Feature","properties":{"category":"water"},"geometry":{"type":"Polygon","coordinates":[[[-0.2929536,5.5438319],[-0.2924144,5.543282],[-0.2927282,5.5426092],[-0.293254,5.5431271],[-0.2929536,5.5438319]]]}},{"id":"285","type":"Feature","properties":{"category":"water"},"geometry":{"type":"Polygon","coordinates":[[[-0.292629,5.5445527],[-0.2920792,5.5440402],[-0.2923876,5.5433274],[-0.2929321,5.5438773],[-0.292629,5.5445527]]]}},{"id":"286","type":"Feature","properties":{"category":"water"},"geometry":{"type":"Polygon","coordinates":[[[-0.292342,5.5452962],[-0.2917399,5.5448157],[-0.2920738,5.5441149],[-0.2925995,5.5446302],[-0.292342,5.5452962]]]}},{"id":"287","type":"Feature","properties":{"category":"water"},"geometry":{"type":"Polygon","coordinates":[[[-0.2917372,5.5448584],[-0.291988,5.5460351],[-0.2914307,5.5455599],[-0.2917372,5.5448584]]]}},{"id":"288","type":"Feature","properties":{"category":"water"},"geometry":{"type":"Polygon","coordinates":[[[-0.2916909,5.5467612],[-0.2910827,5.5463321],[-0.2913972,5.5456146],[-0.2919571,5.5461472],[-0.2916909,5.5467612]]]}},{"id":"289","type":"Feature","properties":{"category":"water"},"geometry":{"type":"Polygon","coordinates":[[[-0.2913774,5.5475237],[-0.2907521,5.5470662],[-0.2910639,5.5463621],[-0.2916352,5.5469154],[-0.2913774,5.5475237]]]}},{"id":"290","type":"Feature","properties":{"category":"water"},"geometry":{"type":"Polygon","coordinates":[[[-0.2904095,5.5477777],[-0.2897832,5.5472571],[-0.2901211,5.5465623],[-0.290722,5.5470916],[-0.2904095,5.5477777]]]}},{"id":"291","type":"Feature","properties":{"category":"water"},"geometry":{"type":"Polygon","coordinates":[[[-0.2907367,5.5470302],[-0.2901319,5.5465176],[-0.2904645,5.5458048],[-0.2910398,5.5463334],[-0.2907367,5.5470302]]]}},{"id":"292","type":"Feature","properties":{"category":"water"},"geometry":{"type":"Polygon","coordinates":[[[-0.2910653,5.5462747],[-0.2904832,5.5457674],[-0.2907984,5.5450399],[-0.2913724,5.5455819],[-0.2910653,5.5462747]]]}},{"id":"293","type":"Feature","properties":{"category":"water"},"geometry":{"type":"Polygon","coordinates":[[[-0.2913898,5.5455138],[-0.2908158,5.5450199],[-0.291127,5.5442911],[-0.2916943,5.5448504],[-0.2913898,5.5455138]]]}},{"id":"294","type":"Feature","properties":{"category":"water"},"geometry":{"type":"Polygon","coordinates":[[[-0.291709,5.544777],[-0.2911377,5.5442697],[-0.2914703,5.5435249],[-0.2920268,5.5440615],[-0.291709,5.544777]]]}},{"id":"295","type":"Feature","properties":{"category":"water"},"geometry":{"type":"Polygon","coordinates":[[[-0.2920496,5.5440108],[-0.2915105,5.5434875],[-0.2918109,5.5427667],[-0.2923527,5.5433113],[-0.2920496,5.5440108]]]}},{"id":"296","type":"Feature","properties":{"category":"water"},"geometry":{"type":"Polygon","coordinates":[[[-0.2923742,5.5432579],[-0.2918431,5.542724],[-0.2921435,5.5420139],[-0.2926907,5.5425425],[-0.2923742,5.5432579]]]}},{"id":"297","type":"Feature","properties":{"category":"water"},"geometry":{"type":"Polygon","coordinates":[[[-0.2927175,5.5424918],[-0.2921757,5.5419765],[-0.2924842,5.5412477],[-0.2930152,5.541795],[-0.2927175,5.5424918]]]}},{"id":"298","type":"Feature","properties":{"category":"water"},"geometry":{"type":"Polygon","coordinates":[[[-0.2930528,5.5417523],[-0.2919129,5.5406176],[-0.2921918,5.5399849],[-0.2933452,5.5411249],[-0.2930528,5.5417523]]]}},{"id":"299","type":"Feature","properties":{"category":"water"},"geometry":{"type":"Polygon","coordinates":[[[-0.289405,5.5479619],[-0.2888203,5.54746],[-0.2891622,5.5467378],[-0.2897483,5.5472651],[-0.289405,5.5479619]]]}},{"id":"300","type":"Feature","properties":{"category":"water"},"geometry":{"type":"Polygon","coordinates":[[[-0.2900273,5.5484771],[-0.2894613,5.5479966],[-0.2897805,5.5473025],[-0.2903572,5.5478231],[-0.2900273,5.5484771]]]}},{"id":"301","type":"Feature","properties":{"category":"water"},"geometry":{"type":"Polygon","coordinates":[[[-0.2895404,5.5459943],[-0.2897912,5.547205],[-0.2891716,5.5467125],[-0.2895404,5.5459943]]]}},{"id":"302","type":"Feature","properties":{"category":"water"},"geometry":{"type":"Polygon","coordinates":[[[-0.2901265,5.5464562],[-0.2895324,5.5459636],[-0.2898596,5.5452308],[-0.290435,5.5457754],[-0.2901265,5.5464562]]]}},{"id":"303","type":"Feature","properties":{"category":"water"},"geometry":{"type":"Polygon","coordinates":[[[-0.2904457,5.545706],[-0.2898838,5.5451854],[-0.2901962,5.5444673],[-0.2907541,5.5450146],[-0.2904457,5.545706]]]}},{"id":"304","type":"Feature","properties":{"category":"water"},"geometry":{"type":"Polygon","coordinates":[[[-0.2907756,5.5449639],[-0.290207,5.5444326],[-0.2905235,5.5437171],[-0.2910841,5.5442617],[-0.2907756,5.5449639]]]}},{"id":"305","type":"Feature","properties":{"category":"water"},"geometry":{"type":"Polygon","coordinates":[[[-0.2911001,5.544219],[-0.2905449,5.5436851],[-0.2908856,5.5429536],[-0.2914274,5.5435036],[-0.2911001,5.544219]]]}},{"id":"306","type":"Feature","properties":{"category":"water"},"geometry":{"type":"Polygon","coordinates":[[[-0.2914515,5.5434181],[-0.2909151,5.5428949],[-0.2912289,5.5421874],[-0.2917546,5.5427454],[-0.2914515,5.5434181]]]}},{"id":"307","type":"Feature","properties":{"category":"water"},"geometry":{"type":"Polygon","coordinates":[[[-0.2917975,5.5426626],[-0.2912504,5.542158],[-0.2915749,5.5414132],[-0.2921221,5.5419658],[-0.2917975,5.5426626]]]}},{"id":"308","type":"Feature","properties":{"category":"water"},"geometry":{"type":"Polygon","coordinates":[[[-0.2915655,5.5413304],[-0.2910002,5.5408038],[-0.2913228,5.5400744],[-0.29188,5.5406397],[-0.2915655,5.5413304]]]}},{"id":"309","type":"Feature","properties":{"category":"water"},"geometry":{"type":"Polygon","coordinates":[[[-0.2921838,5.5418897],[-0.2915729,5.5413665],[-0.2918847,5.5406597],[-0.2924667,5.5412417],[-0.2921838,5.5418897]]]}},{"id":"310","type":"Feature","properties":{"category":"water"},"geometry":{"type":"Polygon","coordinates":[[[-0.2888276,5.5473839],[-0.288204,5.5469034],[-0.2885678,5.5461819],[-0.2891421,5.5467398],[-0.2888276,5.5473839]]]}},{"id":"311","type":"Feature","properties":{"category":"water"},"geometry":{"type":"Polygon","coordinates":[[[-0.2892032,5.5466244],[-0.2885675,5.5461585],[-0.2889121,5.545421],[-0.2894989,5.5459623],[-0.2892032,5.5466244]]]}},{"id":"312","type":"Feature","properties":{"category":"water"},"geometry":{"type":"Polygon","coordinates":[[[-0.2892588,5.5446649],[-0.2895002,5.5458969],[-0.2889182,5.545375],[-0.2892588,5.5446649]]]}},{"id":"313","type":"Feature","properties":{"category":"water"},"geometry":{"type":"Polygon","coordinates":[[[-0.2898905,5.5451147],[-0.2892923,5.5446448],[-0.2896176,5.5439147],[-0.2901788,5.544454],[-0.2898905,5.5451147]]]}},{"id":"314","type":"Feature","properties":{"category":"water"},"geometry":{"type":"Polygon","coordinates":[[[-0.2902271,5.5443251],[-0.2896343,5.543896],[-0.2899552,5.5431598],[-0.2905148,5.5437011],[-0.2902271,5.5443251]]]}},{"id":"315","type":"Feature","properties":{"category":"water"},"geometry":{"type":"Polygon","coordinates":[[[-0.2902834,5.5423983],[-0.2905141,5.5436324],[-0.289974,5.5431512],[-0.2902834,5.5423983]]]}},{"id":"316","type":"Feature","properties":{"category":"water"},"geometry":{"type":"Polygon","coordinates":[[[-0.2909043,5.5428441],[-0.2903143,5.5423516],[-0.2906448,5.5416288],[-0.2912222,5.5421607],[-0.2909043,5.5428441]]]}},{"id":"317","type":"Feature","properties":{"category":"water"},"geometry":{"type":"Polygon","coordinates":[[[-0.2912617,5.5420739],[-0.2906616,5.5415941],[-0.2909939,5.5408432],[-0.2915581,5.5413778],[-0.2912617,5.5420739]]]}},{"id":"318","type":"Feature","properties":{"category":"water"},"geometry":{"type":"Polygon","coordinates":[[[-0.291312,5.5389731],[-0.2905034,5.5381695],[-0.2909446,5.5372218],[-0.2917533,5.53803],[-0.291312,5.5389731]]]}},{"id":"319","type":"Feature","properties":{"category":"water"},"geometry":{"type":"Polygon","coordinates":[[[-0.289582,5.5372205],[-0.2887988,5.5364583],[-0.2901238,5.5351421],[-0.2906656,5.5356947],[-0.289582,5.5372205]]]}},{"id":"320","type":"Feature","properties":{"category":"water"},"geometry":{"type":"Polygon","coordinates":[[[-0.2905288,5.5378412],[-0.2896169,5.5372485],[-0.290156,5.5364583],[-0.2908748,5.5371711],[-0.2905288,5.5378412]]]}},{"id":"321","type":"Feature","properties":{"category":"water"},"geometry":{"type":"Polygon","coordinates":[[[-0.2908909,5.537135],[-0.2901748,5.5364289],[-0.2906723,5.5357067],[-0.2912959,5.5363048],[-0.2908909,5.537135]]]}},{"id":"322","type":"Feature","properties":{"category":"water"},"geometry":{"type":"Polygon","coordinates":[[[-0.29176,5.5380147],[-0.2909526,5.5371978],[-0.2913389,5.5363248],[-0.2921522,5.537141],[-0.29176,5.5380147]]]}},{"id":"323","type":"Feature","properties":{"category":"water"},"geometry":{"type":"Polygon","coordinates":[[[-0.2921569,5.5398087],[-0.2913362,5.5389891],[-0.2917647,5.5380407],[-0.2925834,5.538861],[-0.2921569,5.5398087]]]}},{"id":"324","type":"Feature","properties":{"category":"water"},"geometry":{"type":"Polygon","coordinates":[[[-0.2925915,5.5388356],[-0.2917734,5.5380347],[-0.2921677,5.5371524],[-0.2929804,5.5379533],[-0.2925915,5.5388356]]]}},{"id":"325","type":"Feature","properties":{"category":"water"},"geometry":{"type":"Polygon","coordinates":[[[-0.2929958,5.540649],[-0.2922267,5.5398821],[-0.2926478,5.538913],[-0.2934223,5.5396772],[-0.2929958,5.540649]]]}},{"id":"326","type":"Feature","properties":{"category":"water"},"geometry":{"type":"Polygon","coordinates":[[[-0.2934249,5.5396619],[-0.2926585,5.538897],[-0.2933291,5.5373366],[-0.2939688,5.5384045],[-0.2934249,5.5396619]]]}},{"id":"327","type":"Feature","properties":{"category":"water"},"geometry":{"type":"Polygon","coordinates":[[[-0.2937984,5.5414479],[-0.29303,5.5406697],[-0.2934337,5.5396979],[-0.2942088,5.5404748],[-0.2937984,5.5414479]]]}},{"id":"328","type":"Feature","properties":{"category":"water"},"geometry":{"type":"Polygon","coordinates":[[[-0.2942249,5.5404414],[-0.2934457,5.5396779],[-0.2939916,5.5384232],[-0.2946326,5.5394777],[-0.2942249,5.5404414]]]}},{"id":"329","type":"Feature","properties":{"category":"water"},"geometry":{"type":"Polygon","coordinates":[[[-0.2788022,5.5406176],[-0.274677,5.5348591],[-0.2764325,5.5327514],[-0.2807549,5.5381268],[-0.2788022,5.5406176]]]}},{"id":"330","type":"Feature","properties":{"category":"water"},"geometry":{"type":"Polygon","coordinates":[[[-0.2849029,5.5482502],[-0.2820611,5.5428548],[-0.2828014,5.5421554],[-0.2862454,5.5452549],[-0.2849029,5.5482502]]]}},{"id":"331","type":"Feature","properties":{"category":"water"},"geometry":{"type":"Polygon","coordinates":[[[-0.2785099,5.5458075],[-0.2763078,5.5441336],[-0.2801862,5.5390292],[-0.2818331,5.5426039],[-0.2785099,5.5458075]]]}},{"id":"332","type":"Feature","properties":{"category":"water"},"geometry":{"type":"Polygon","coordinates":[[[-0.2877152,5.5371924],[-0.2854836,5.5345094],[-0.2903183,5.5307504],[-0.2916527,5.5334415],[-0.2877152,5.5371924]]]}},{"id":"333","type":"Feature","properties":{"category":"water"},"geometry":{"type":"Polygon","coordinates":[[[-0.2819243,5.5425665],[-0.2802426,5.5389758],[-0.2854085,5.5346776],[-0.2875006,5.5371711],[-0.2819243,5.5425665]]]}},{"id":"334","type":"Feature","properties":{"category":"water"},"geometry":{"type":"Polygon","coordinates":[[[-0.2870339,5.5436824],[-0.2840754,5.54093],[-0.2886996,5.536493],[-0.2897859,5.5376623],[-0.2870339,5.5436824]]]}},{"id":"335","type":"Feature","properties":{"category":"water"},"geometry":{"type":"Polygon","coordinates":[[[-0.2918673,5.5405322],[-0.2913523,5.5400517],[-0.2916151,5.5394937],[-0.2921328,5.5399422],[-0.2918673,5.5405322]]]}},{"id":"336","type":"Feature","properties":{"category":"water"},"geometry":{"type":"Polygon","coordinates":[[[-0.2915266,5.5395791],[-0.2907716,5.5394964],[-0.2909996,5.5389704],[-0.2911994,5.5391173],[-0.2915266,5.5395791]]]}},{"id":"337","type":"Feature","properties":{"category":"water"},"geometry":{"type":"Polygon","coordinates":[[[-0.2907434,5.5394416],[-0.2901976,5.5388864],[-0.2904685,5.5382763],[-0.2910291,5.5388383],[-0.2907434,5.5394416]]]}},{"id":"338","type":"Feature","properties":{"category":"water"},"geometry":{"type":"Polygon","coordinates":[[[-0.2907622,5.5395084],[-0.2910009,5.5407611],[-0.2904236,5.5402212],[-0.2907622,5.5395084]]]}},{"id":"339","type":"Feature","properties":{"category":"water"},"geometry":{"type":"Polygon","coordinates":[[[-0.2904202,5.5402439],[-0.2906629,5.5415053],[-0.2900648,5.5410154],[-0.2904202,5.5402439]]]}},{"id":"340","type":"Feature","properties":{"category":"water"},"geometry":{"type":"Polygon","coordinates":[[[-0.2903277,5.5422461],[-0.2897309,5.541783],[-0.2900648,5.5410381],[-0.2906254,5.5415921],[-0.2903277,5.5422461]]]}},{"id":"341","type":"Feature","properties":{"category":"water"},"geometry":{"type":"Polygon","coordinates":[[[-0.2897108,5.541807],[-0.2899367,5.5430537],[-0.2893782,5.5425698],[-0.2897108,5.541807]]]}},{"id":"342","type":"Feature","properties":{"category":"water"},"geometry":{"type":"Polygon","coordinates":[[[-0.289629,5.5438079],[-0.2890402,5.5433047],[-0.2893607,5.5425959],[-0.289916,5.5431565],[-0.289629,5.5438079]]]}},{"id":"343","type":"Feature","properties":{"category":"water"},"geometry":{"type":"Polygon","coordinates":[[[-0.2892803,5.5445207],[-0.2886835,5.5440615],[-0.2890228,5.5433447],[-0.2895901,5.54388],[-0.2892803,5.5445207]]]}},{"id":"344","type":"Feature","properties":{"category":"water"},"geometry":{"type":"Polygon","coordinates":[[[-0.2889249,5.5452896],[-0.28832,5.544825],[-0.2886754,5.5440922],[-0.289232,5.5446315],[-0.2889249,5.5452896]]]}},{"id":"345","type":"Feature","properties":{"category":"water"},"geometry":{"type":"Polygon","coordinates":[[[-0.2883234,5.5448617],[-0.288552,5.5460898],[-0.2879579,5.5455699],[-0.2883234,5.5448617]]]}},{"id":"346","type":"Feature","properties":{"category":"water"},"geometry":{"type":"Polygon","coordinates":[[[-0.2879499,5.5456026],[-0.2882034,5.546842],[-0.2875925,5.5463768],[-0.2879499,5.5456026]]]}},{"id":"347","type":"Feature","properties":{"category":"water"},"geometry":{"type":"Polygon","coordinates":[[[-0.2883482,5.5446996],[-0.2877112,5.5442831],[-0.2880773,5.5435356],[-0.2886459,5.5440642],[-0.2883482,5.5446996]]]}},{"id":"348","type":"Feature","properties":{"category":"water"},"geometry":{"type":"Polygon","coordinates":[[[-0.2880746,5.5434328],[-0.2874845,5.5429483],[-0.2878332,5.5421821],[-0.2884005,5.5427227],[-0.2880746,5.5434328]]]}},{"id":"349","type":"Feature","properties":{"category":"water"},"geometry":{"type":"Polygon","coordinates":[[[-0.288666,5.5439921],[-0.2880773,5.5435062],[-0.2884139,5.5427494],[-0.289008,5.5433127],[-0.288666,5.5439921]]]}},{"id":"350","type":"Feature","properties":{"category":"water"},"geometry":{"type":"Polygon","coordinates":[[[-0.2884072,5.5426573],[-0.2878493,5.5421554],[-0.2881658,5.5414399],[-0.2887318,5.5419765],[-0.2884072,5.5426573]]]}},{"id":"351","type":"Feature","properties":{"category":"water"},"geometry":{"type":"Polygon","coordinates":[[[-0.2890107,5.5432526],[-0.2884287,5.5427213],[-0.2887572,5.5420032],[-0.2893366,5.5425745],[-0.2890107,5.5432526]]]}},{"id":"352","type":"Feature","properties":{"category":"water"},"geometry":{"type":"Polygon","coordinates":[[[-0.2887425,5.5419285],[-0.2881846,5.5414132],[-0.2885453,5.5406203],[-0.2891059,5.5411649],[-0.2887425,5.5419285]]]}},{"id":"353","type":"Feature","properties":{"category":"water"},"geometry":{"type":"Polygon","coordinates":[[[-0.2891073,5.5411222],[-0.2885574,5.5405963],[-0.2889027,5.5398675],[-0.2894526,5.5404294],[-0.2891073,5.5411222]]]}},{"id":"354","type":"Feature","properties":{"category":"water"},"geometry":{"type":"Polygon","coordinates":[[[-0.2894439,5.5404067],[-0.2889088,5.5398568],[-0.2892467,5.5391066],[-0.2898113,5.5396339],[-0.2894439,5.5404067]]]}},{"id":"355","type":"Feature","properties":{"category":"water"},"geometry":{"type":"Polygon","coordinates":[[[-0.2898113,5.5395992],[-0.2892682,5.5390786],[-0.2898663,5.5376863],[-0.290443,5.5382616],[-0.2898113,5.5395992]]]}},{"id":"356","type":"Feature","properties":{"category":"water"},"geometry":{"type":"Polygon","coordinates":[[[-0.2893446,5.5425358],[-0.288768,5.5419832],[-0.28912,5.5411869],[-0.2896974,5.5417723],[-0.2893446,5.5425358]]]}},{"id":"357","type":"Feature","properties":{"category":"water"},"geometry":{"type":"Polygon","coordinates":[[[-0.2897054,5.5417376],[-0.289122,5.5411663],[-0.289462,5.5404368],[-0.2900514,5.5410254],[-0.2897054,5.5417376]]]}},{"id":"358","type":"Feature","properties":{"category":"water"},"geometry":{"type":"Polygon","coordinates":[[[-0.2900501,5.5409914],[-0.289466,5.5404208],[-0.2898281,5.5396459],[-0.2904041,5.5402265],[-0.2900501,5.5409914]]]}},{"id":"359","type":"Feature","properties":{"category":"water"},"geometry":{"type":"Polygon","coordinates":[[[-0.2904081,5.5402078],[-0.2898288,5.5396299],[-0.2901781,5.538901],[-0.2907528,5.5394824],[-0.2904081,5.5402078]]]}},{"id":"360","type":"Feature","properties":{"category":"water"},"geometry":{"type":"Polygon","coordinates":[[[-0.2896383,5.549262],[-0.2890965,5.5487761],[-0.2893969,5.5480927],[-0.2900004,5.5486213],[-0.2896383,5.549262]]]}},{"id":"361","type":"Feature","properties":{"category":"water"},"geometry":{"type":"Polygon","coordinates":[[[-0.2890644,5.548712],[-0.2884904,5.5481781],[-0.2887854,5.5475454],[-0.2893594,5.548082],[-0.2890644,5.548712]]]}},{"id":"362","type":"Feature","properties":{"category":"water"},"geometry":{"type":"Polygon","coordinates":[[[-0.2884394,5.5481488],[-0.2878869,5.5476495],[-0.2882168,5.5470168],[-0.2887344,5.547476],[-0.2884394,5.5481488]]]}},{"id":"363","type":"Feature","properties":{"category":"water"},"geometry":{"type":"Polygon","coordinates":[[[-0.2856124,5.5533225],[-0.2835685,5.550733],[-0.2845448,5.5487521],[-0.2864224,5.5514805],[-0.2856124,5.5533225]]]}},{"id":"364","type":"Feature","properties":{"category":"water"},"geometry":{"type":"Polygon","coordinates":[[[-0.2863151,5.5509893],[-0.2848077,5.5486987],[-0.2863768,5.545367],[-0.2881148,5.54691],[-0.2863151,5.5509893]]]}},{"id":"365","type":"Feature","properties":{"category":"water"},"geometry":{"type":"Polygon","coordinates":[[[-0.2870232,5.5457247],[-0.2864063,5.5452735],[-0.2868153,5.5445207],[-0.2873316,5.5450039],[-0.2870232,5.5457247]]]}},{"id":"366","type":"Feature","properties":{"category":"water"},"geometry":{"type":"Polygon","coordinates":[[[-0.2873638,5.5449465],[-0.2868113,5.5444379],[-0.2871184,5.5437905],[-0.2876844,5.5443058],[-0.2873638,5.5449465]]]}},{"id":"367","type":"Feature","properties":{"category":"water"},"geometry":{"type":"Polygon","coordinates":[[[-0.2876079,5.5462747],[-0.2870232,5.5457834],[-0.2873625,5.545048],[-0.2879432,5.5455805],[-0.2876079,5.5462747]]]}},{"id":"368","type":"Feature","properties":{"category":"water"},"geometry":{"type":"Polygon","coordinates":[[[-0.2879579,5.5455071],[-0.2873611,5.5450119],[-0.2877092,5.5443238],[-0.2882865,5.5448384],[-0.2879579,5.5455071]]]}},{"id":"369","type":"Feature","properties":{"category":"water"},"geometry":{"type":"Polygon","coordinates":[[[-0.2877152,5.5442164],[-0.2871305,5.5437759],[-0.2874684,5.542975],[-0.2880532,5.5435249],[-0.2877152,5.5442164]]]}},{"id":"370","type":"Feature","properties":{"category":"water"},"geometry":{"type":"Polygon","coordinates":[[[-0.2830884,5.5633388],[-0.2819793,5.5638754],[-0.2820584,5.5643439],[-0.2817553,5.5647991],[-0.2801286,5.565903],[-0.2806892,5.5679719],[-0.2810191,5.5721817],[-0.2799247,5.5657561],[-0.2816226,5.5647644],[-0.2818076,5.56379],[-0.2830884,5.5633388]]]}},{"id":"371","type":"Feature","properties":{"category":"water"},"geometry":{"type":"Polygon","coordinates":[[[-0.2921355,5.5370029],[-0.290207,5.5350941],[-0.2917036,5.5336257],[-0.2927631,5.535676],[-0.2921355,5.5370029]]]}},{"id":"372","type":"Feature","properties":{"category":"water"},"geometry":{"type":"Polygon","coordinates":[[[-0.2885601,5.5514858],[-0.2877983,5.5516006],[-0.2880532,5.5510306],[-0.2885601,5.5514858]]]}},{"id":"373","type":"Feature","properties":{"category":"water"},"geometry":{"type":"Polygon","coordinates":[[[-0.2885816,5.5514164],[-0.2880733,5.5509852],[-0.2884018,5.5503058],[-0.28889,5.550725],[-0.2885816,5.5514164]]]}},{"id":"374","type":"Feature","properties":{"category":"water"},"geometry":{"type":"Polygon","coordinates":[[[-0.2877742,5.5515659],[-0.2871975,5.5511361],[-0.2874711,5.5505247],[-0.288029,5.5510159],[-0.2877742,5.5515659]]]}},{"id":"375","type":"Feature","properties":{"category":"water"},"geometry":{"type":"Polygon","coordinates":[[[-0.287101,5.5511921],[-0.2865726,5.5507597],[-0.2869025,5.5500068],[-0.2874255,5.5504954],[-0.287101,5.5511921]]]}},{"id":"376","type":"Feature","properties":{"category":"water"},"geometry":{"type":"Polygon","coordinates":[[[-0.2880397,5.5509652],[-0.2874738,5.5504633],[-0.2878118,5.5497666],[-0.2883643,5.5502871],[-0.2880397,5.5509652]]]}},{"id":"377","type":"Feature","properties":{"category":"water"},"geometry":{"type":"Polygon","coordinates":[[[-0.2874336,5.5504446],[-0.2868998,5.5499401],[-0.2872324,5.5492193],[-0.2877608,5.5497292],[-0.2874336,5.5504446]]]}},{"id":"378","type":"Feature","properties":{"category":"water"},"geometry":{"type":"Polygon","coordinates":[[[-0.2889249,5.5506796],[-0.2884072,5.5502444],[-0.2887264,5.549541],[-0.2892548,5.5500308],[-0.2889249,5.5506796]]]}},{"id":"379","type":"Feature","properties":{"category":"water"},"geometry":{"type":"Polygon","coordinates":[[[-0.2883777,5.5502044],[-0.2878252,5.5497025],[-0.288139,5.5490004],[-0.2887103,5.5495129],[-0.2883777,5.5502044]]]}},{"id":"380","type":"Feature","properties":{"category":"water"},"geometry":{"type":"Polygon","coordinates":[[[-0.2877876,5.5496464],[-0.2872565,5.5491739],[-0.2875301,5.5484745],[-0.288088,5.5489683],[-0.2877876,5.5496464]]]}},{"id":"381","type":"Feature","properties":{"category":"water"},"geometry":{"type":"Polygon","coordinates":[[[-0.2892682,5.5499855],[-0.2887559,5.5495209],[-0.2890992,5.5488295],[-0.2895981,5.5493154],[-0.2892682,5.5499855]]]}},{"id":"382","type":"Feature","properties":{"category":"water"},"geometry":{"type":"Polygon","coordinates":[[[-0.2887103,5.5494515],[-0.2881444,5.548947],[-0.2884662,5.5482502],[-0.2890348,5.5487815],[-0.2887103,5.5494515]]]}},{"id":"383","type":"Feature","properties":{"category":"water"},"geometry":{"type":"Polygon","coordinates":[[[-0.2880907,5.5488882],[-0.2875543,5.5484317],[-0.2878708,5.5477029],[-0.2884287,5.5482102],[-0.2880907,5.5488882]]]}},{"id":"384","type":"Feature","properties":{"category":"water"},"geometry":{"type":"Polygon","coordinates":[[[-0.2806234,5.5295117],[-0.2766404,5.5326873],[-0.2792823,5.5279819],[-0.2806234,5.5295117]]]}},{"id":"385","type":"Feature","properties":{"category":"water"},"geometry":{"type":"Polygon","coordinates":[[[-0.2954829,5.5403533],[-0.2950725,5.5395418],[-0.297752,5.5372432],[-0.2981436,5.5381909],[-0.2954829,5.5403533]]]}},{"id":"386","type":"Feature","properties":{"category":"water"},"geometry":{"type":"Polygon","coordinates":[[[-0.2808943,5.537992],[-0.2767664,5.5328582],[-0.2783516,5.5315113],[-0.2817754,5.5373012],[-0.2808943,5.537992]]]}},{"id":"387","type":"Feature","properties":{"category":"water"},"geometry":{"type":"Polygon","coordinates":[[[-0.282151,5.5468526],[-0.2808756,5.5440268],[-0.281994,5.5429723],[-0.2830951,5.5455392],[-0.282151,5.5468526]]]}},{"id":"388","type":"Feature","properties":{"category":"water"},"geometry":{"type":"Polygon","coordinates":[[[-0.2863044,5.5452282],[-0.2828228,5.542142],[-0.2839977,5.5410101],[-0.2869695,5.5437705],[-0.2863044,5.5452282]]]}},{"id":"389","type":"Feature","properties":{"category":"water"},"geometry":{"type":"Polygon","coordinates":[[[-0.2839346,5.5573016],[-0.2815582,5.5546707],[-0.2827075,5.5543263],[-0.2825332,5.5527539],[-0.28475,5.5553781],[-0.2839346,5.5573016]]]}},{"id":"390","type":"Feature","properties":{"category":"water"},"geometry":{"type":"Polygon","coordinates":[[[-0.2847648,5.5553354],[-0.2825439,5.5527245],[-0.2834773,5.5508291],[-0.2855802,5.5534773],[-0.2847648,5.5553354]]]}},{"id":"391","type":"Feature","properties":{"category":"water"},"geometry":{"type":"Polygon","coordinates":[[[-0.2834988,5.5506102],[-0.2817473,5.5475694],[-0.2831072,5.5455725],[-0.2844858,5.5486133],[-0.2834988,5.5506102]]]}},{"id":"392","type":"Feature","properties":{"category":"water"},"geometry":{"type":"Polygon","coordinates":[[[-0.2882557,5.5276549],[-0.2874121,5.5275201],[-0.2878895,5.527157],[-0.2882557,5.5276549]]]}},{"id":"393","type":"Feature","properties":{"category":"water"},"geometry":{"type":"Polygon","coordinates":[[[-0.2886795,5.5282275],[-0.2878051,5.528022],[-0.2882718,5.5276722],[-0.2886795,5.5282275]]]}},{"id":"394","type":"Feature","properties":{"category":"water"},"geometry":{"type":"Polygon","coordinates":[[[-0.2886607,5.5273719],[-0.287907,5.5271369],[-0.2883817,5.5267712],[-0.2886607,5.5273719]]]}},{"id":"395","type":"Feature","properties":{"category":"water"},"geometry":{"type":"Polygon","coordinates":[[[-0.2889799,5.5280313],[-0.2882865,5.5276669],[-0.2886727,5.5273892],[-0.2889799,5.5280313]]]}},{"id":"396","type":"Feature","properties":{"category":"water"},"geometry":{"type":"Polygon","coordinates":[[[-0.2892762,5.5286547],[-0.2882221,5.528604],[-0.2889973,5.5280593],[-0.2892762,5.5286547]]]}},{"id":"397","type":"Feature","properties":{"category":"water"},"geometry":{"type":"Polygon","coordinates":[[[-0.2895793,5.5292367],[-0.2886432,5.5291326],[-0.2893138,5.5286734],[-0.2895793,5.5292367]]]}},{"id":"398","type":"Feature","properties":{"category":"water"},"geometry":{"type":"Polygon","coordinates":[[[-0.2898932,5.5298881],[-0.2890402,5.5296665],[-0.2895954,5.5292634],[-0.2898932,5.5298881]]]}},{"id":"399","type":"Feature","properties":{"category":"water"},"geometry":{"type":"Polygon","coordinates":[[[-0.2902284,5.5305529],[-0.2894747,5.5302432],[-0.2899119,5.5299175],[-0.2902284,5.5305529]]]}},{"id":"400","type":"Feature","properties":{"category":"water"},"geometry":{"type":"Polygon","coordinates":[[[-0.287972,5.5313271],[-0.2869964,5.5310688],[-0.287506,5.5307157],[-0.287972,5.5313271]]]}},{"id":"401","type":"Feature","properties":{"category":"water"},"geometry":{"type":"Polygon","coordinates":[[[-0.2884381,5.530968],[-0.2875301,5.5307131],[-0.2879928,5.5303807],[-0.2884381,5.530968]]]}},{"id":"402","type":"Feature","properties":{"category":"water"},"geometry":{"type":"Polygon","coordinates":[[[-0.2889584,5.5305662],[-0.2880263,5.530366],[-0.2885306,5.5300122],[-0.2889584,5.5305662]]]}},{"id":"403","type":"Feature","properties":{"category":"water"},"geometry":{"type":"Polygon","coordinates":[[[-0.2894305,5.5302272],[-0.2885561,5.5299936],[-0.2890094,5.5296679],[-0.2894305,5.5302272]]]}},{"id":"404","type":"Feature","properties":{"category":"water"},"geometry":{"type":"Polygon","coordinates":[[[-0.2857022,5.5341009],[-0.2852422,5.5333788],[-0.2857666,5.5329943],[-0.2862158,5.5337031],[-0.2857022,5.5341009]]]}},{"id":"405","type":"Feature","properties":{"category":"water"},"geometry":{"type":"Polygon","coordinates":[[[-0.2862842,5.5336951],[-0.2858048,5.532967],[-0.2862708,5.5326099],[-0.2867469,5.5333134],[-0.2862842,5.5336951]]]}},{"id":"406","type":"Feature","properties":{"category":"water"},"geometry":{"type":"Polygon","coordinates":[[[-0.2867872,5.5332827],[-0.2862923,5.5325965],[-0.2868958,5.532136],[-0.2873786,5.5328101],[-0.2867872,5.5332827]]]}},{"id":"407","type":"Feature","properties":{"category":"water"},"geometry":{"type":"Polygon","coordinates":[[[-0.2874242,5.5327874],[-0.2869253,5.5321327],[-0.2874557,5.5317142],[-0.2879593,5.5323629],[-0.2874242,5.5327874]]]}},{"id":"408","type":"Feature","properties":{"category":"water"},"geometry":{"type":"Polygon","coordinates":[[[-0.2884541,5.5319665],[-0.2874778,5.5317022],[-0.2879787,5.5313384],[-0.2884541,5.5319665]]]}},{"id":"409","type":"Feature","properties":{"category":"water"},"geometry":{"type":"Polygon","coordinates":[[[-0.2888981,5.5315994],[-0.2879915,5.5313311],[-0.2884555,5.5309974],[-0.2888981,5.5315994]]]}},{"id":"410","type":"Feature","properties":{"category":"water"},"geometry":{"type":"Polygon","coordinates":[[[-0.2894372,5.5311669],[-0.2884716,5.530988],[-0.2889946,5.5305983],[-0.2894372,5.5311669]]]}},{"id":"411","type":"Feature","properties":{"category":"water"},"geometry":{"type":"Polygon","coordinates":[[[-0.2898636,5.5308225],[-0.2890255,5.5305862],[-0.2894566,5.5302485],[-0.2898636,5.5308225]]]}},{"id":"412","type":"Feature","properties":{"category":"water"},"geometry":{"type":"Polygon","coordinates":[[[-0.2852717,5.5322388],[-0.2844228,5.5320893],[-0.2849324,5.5317262],[-0.2852717,5.5322388]]]}},{"id":"413","type":"Feature","properties":{"category":"water"},"geometry":{"type":"Polygon","coordinates":[[[-0.2857947,5.5318784],[-0.2850008,5.5317202],[-0.285446,5.5313678],[-0.2857947,5.5318784]]]}},{"id":"414","type":"Feature","properties":{"category":"water"},"geometry":{"type":"Polygon","coordinates":[[[-0.2864103,5.5314419],[-0.2854514,5.5313538],[-0.2860402,5.5309413],[-0.2864103,5.5314419]]]}},{"id":"415","type":"Feature","properties":{"category":"water"},"geometry":{"type":"Polygon","coordinates":[[[-0.2869669,5.5310601],[-0.2860482,5.530934],[-0.286586,5.5305609],[-0.2869669,5.5310601]]]}},{"id":"416","type":"Feature","properties":{"category":"water"},"geometry":{"type":"Polygon","coordinates":[[[-0.2874899,5.530709],[-0.2866034,5.5305489],[-0.287099,5.5302005],[-0.2874899,5.530709]]]}},{"id":"417","type":"Feature","properties":{"category":"water"},"geometry":{"type":"Polygon","coordinates":[[[-0.2879713,5.530358],[-0.2871184,5.5301938],[-0.2876025,5.5298547],[-0.2879713,5.530358]]]}},{"id":"418","type":"Feature","properties":{"category":"water"},"geometry":{"type":"Polygon","coordinates":[[[-0.2884971,5.5299949],[-0.2876213,5.5298374],[-0.2881256,5.5294903],[-0.2884971,5.5299949]]]}},{"id":"419","type":"Feature","properties":{"category":"water"},"geometry":{"type":"Polygon","coordinates":[[[-0.2889812,5.5296518],[-0.2881484,5.5294743],[-0.2886137,5.5291539],[-0.2889812,5.5296518]]]}},{"id":"420","type":"Feature","properties":{"category":"water"},"geometry":{"type":"Polygon","coordinates":[[[-0.2852288,5.5333507],[-0.2847567,5.5326126],[-0.2852891,5.5322535],[-0.2857518,5.5329783],[-0.2852288,5.5333507]]]}},{"id":"421","type":"Feature","properties":{"category":"water"},"geometry":{"type":"Polygon","coordinates":[[[-0.2862521,5.5325965],[-0.285322,5.5322241],[-0.2858008,5.5318924],[-0.2862521,5.5325965]]]}},{"id":"422","type":"Feature","properties":{"category":"water"},"geometry":{"type":"Polygon","coordinates":[[[-0.2862769,5.5325778],[-0.2858155,5.5318784],[-0.286421,5.5314599],[-0.2868857,5.5321187],[-0.2862769,5.5325778]]]}},{"id":"423","type":"Feature","properties":{"category":"water"},"geometry":{"type":"Polygon","coordinates":[[[-0.2869085,5.5321153],[-0.2864358,5.5314486],[-0.2869742,5.5310788],[-0.2874523,5.5316998],[-0.2869085,5.5321153]]]}},{"id":"424","type":"Feature","properties":{"category":"water"},"geometry":{"type":"Polygon","coordinates":[[[-0.2817889,5.5372832],[-0.2811572,5.5363234],[-0.2818056,5.5358262],[-0.2824192,5.536784],[-0.2817889,5.5372832]]]}},{"id":"425","type":"Feature","properties":{"category":"water"},"geometry":{"type":"Polygon","coordinates":[[[-0.2824353,5.536768],[-0.281817,5.5358169],[-0.2824554,5.535321],[-0.2830723,5.536266],[-0.2824353,5.536768]]]}},{"id":"426","type":"Feature","properties":{"category":"water"},"geometry":{"type":"Polygon","coordinates":[[[-0.2830777,5.536242],[-0.2824688,5.5353063],[-0.2830703,5.5348451],[-0.2836731,5.5357802],[-0.2830777,5.536242]]]}},{"id":"427","type":"Feature","properties":{"category":"water"},"geometry":{"type":"Polygon","coordinates":[[[-0.2837053,5.5356694],[-0.2831434,5.534799],[-0.2838924,5.5342017],[-0.284455,5.5350593],[-0.2837053,5.5356694]]]}},{"id":"428","type":"Feature","properties":{"category":"water"},"geometry":{"type":"Polygon","coordinates":[[[-0.2844697,5.535046],[-0.2839051,5.5341904],[-0.2844402,5.5337659],[-0.2850062,5.5346576],[-0.2844697,5.535046]]]}},{"id":"429","type":"Feature","properties":{"category":"water"},"geometry":{"type":"Polygon","coordinates":[[[-0.28543,5.5343278],[-0.2842632,5.5334629],[-0.2846602,5.5332279],[-0.28543,5.5343278]]]}},{"id":"430","type":"Feature","properties":{"category":"water"},"geometry":{"type":"Polygon","coordinates":[[[-0.2842458,5.530653],[-0.2834331,5.5305102],[-0.2839199,5.5301537],[-0.2842458,5.530653]]]}},{"id":"431","type":"Feature","properties":{"category":"water"},"geometry":{"type":"Polygon","coordinates":[[[-0.2847259,5.5302872],[-0.2839521,5.5301244],[-0.2844134,5.529784],[-0.2847259,5.5302872]]]}},{"id":"432","type":"Feature","properties":{"category":"water"},"geometry":{"type":"Polygon","coordinates":[[[-0.2852596,5.5299001],[-0.2844362,5.529768],[-0.2849069,5.5294142],[-0.2852596,5.5299001]]]}},{"id":"433","type":"Feature","properties":{"category":"water"},"geometry":{"type":"Polygon","coordinates":[[[-0.2857827,5.5295224],[-0.2849311,5.5293955],[-0.2854045,5.5290311],[-0.2857827,5.5295224]]]}},{"id":"434","type":"Feature","properties":{"category":"water"},"geometry":{"type":"Polygon","coordinates":[[[-0.2862775,5.5291526],[-0.2854273,5.5290178],[-0.2858967,5.5286614],[-0.2862775,5.5291526]]]}},{"id":"435","type":"Feature","properties":{"category":"water"},"geometry":{"type":"Polygon","coordinates":[[[-0.2867791,5.5287762],[-0.2859087,5.5286507],[-0.2864063,5.5282769],[-0.2867791,5.5287762]]]}},{"id":"436","type":"Feature","properties":{"category":"water"},"geometry":{"type":"Polygon","coordinates":[[[-0.2872686,5.5284024],[-0.2864271,5.5282636],[-0.2868971,5.5279118],[-0.2872686,5.5284024]]]}},{"id":"437","type":"Feature","properties":{"category":"water"},"geometry":{"type":"Polygon","coordinates":[[[-0.2877675,5.528022],[-0.2869119,5.5278965],[-0.2873987,5.5275347],[-0.2877675,5.528022]]]}},{"id":"438","type":"Feature","properties":{"category":"water"},"geometry":{"type":"Polygon","coordinates":[[[-0.2845871,5.5311803],[-0.283775,5.5310307],[-0.2842592,5.530681],[-0.2845871,5.5311803]]]}},{"id":"439","type":"Feature","properties":{"category":"water"},"geometry":{"type":"Polygon","coordinates":[[[-0.285088,5.5308185],[-0.2843128,5.5306363],[-0.2847527,5.5303106],[-0.285088,5.5308185]]]}},{"id":"440","type":"Feature","properties":{"category":"water"},"geometry":{"type":"Polygon","coordinates":[[[-0.2856579,5.5304247],[-0.2847708,5.5302946],[-0.2852851,5.5299128],[-0.2856579,5.5304247]]]}},{"id":"441","type":"Feature","properties":{"category":"water"},"geometry":{"type":"Polygon","coordinates":[[[-0.2861863,5.5300416],[-0.2853046,5.5298921],[-0.2857907,5.5295397],[-0.2861863,5.5300416]]]}},{"id":"442","type":"Feature","properties":{"category":"water"},"geometry":{"type":"Polygon","coordinates":[[[-0.286698,5.5296852],[-0.2858075,5.5295204],[-0.2862909,5.5291619],[-0.286698,5.5296852]]]}},{"id":"443","type":"Feature","properties":{"category":"water"},"geometry":{"type":"Polygon","coordinates":[[[-0.2871942,5.5293255],[-0.2863124,5.5291513],[-0.2867892,5.5287969],[-0.2871942,5.5293255]]]}},{"id":"444","type":"Feature","properties":{"category":"water"},"geometry":{"type":"Polygon","coordinates":[[[-0.2877031,5.5289537],[-0.2868073,5.5287868],[-0.287282,5.5284211],[-0.2877031,5.5289537]]]}},{"id":"445","type":"Feature","properties":{"category":"water"},"geometry":{"type":"Polygon","coordinates":[[[-0.2881873,5.528592],[-0.2872981,5.5284077],[-0.2877816,5.5280433],[-0.2881873,5.528592]]]}},{"id":"446","type":"Feature","properties":{"category":"water"},"geometry":{"type":"Polygon","coordinates":[[[-0.2849257,5.5317102],[-0.2840889,5.5315527],[-0.2845918,5.5311976],[-0.2849257,5.5317102]]]}},{"id":"447","type":"Feature","properties":{"category":"water"},"geometry":{"type":"Polygon","coordinates":[[[-0.2854346,5.5313484],[-0.2846468,5.5311629],[-0.285094,5.5308385],[-0.2854346,5.5313484]]]}},{"id":"448","type":"Feature","properties":{"category":"water"},"geometry":{"type":"Polygon","coordinates":[[[-0.2860241,5.5309293],[-0.2851074,5.5308312],[-0.2856687,5.5304421],[-0.2860241,5.5309293]]]}},{"id":"449","type":"Feature","properties":{"category":"water"},"geometry":{"type":"Polygon","coordinates":[[[-0.2865712,5.5305469],[-0.2856828,5.5304281],[-0.2862044,5.530053],[-0.2865712,5.5305469]]]}},{"id":"450","type":"Feature","properties":{"category":"water"},"geometry":{"type":"Polygon","coordinates":[[[-0.2870882,5.5301871],[-0.2862138,5.5300403],[-0.2867094,5.5296999],[-0.2870882,5.5301871]]]}},{"id":"451","type":"Feature","properties":{"category":"water"},"geometry":{"type":"Polygon","coordinates":[[[-0.2875898,5.529838],[-0.2867235,5.5296905],[-0.2872049,5.5293381],[-0.2875898,5.529838]]]}},{"id":"452","type":"Feature","properties":{"category":"water"},"geometry":{"type":"Polygon","coordinates":[[[-0.2881028,5.5294676],[-0.2872257,5.5293288],[-0.2877206,5.5289764],[-0.2881028,5.5294676]]]}},{"id":"453","type":"Feature","properties":{"category":"water"},"geometry":{"type":"Polygon","coordinates":[[[-0.2885923,5.5291352],[-0.287738,5.5289617],[-0.288204,5.528616],[-0.2885923,5.5291352]]]}},{"id":"454","type":"Feature","properties":{"category":"water"},"geometry":{"type":"Polygon","coordinates":[[[-0.2832406,5.5331952],[-0.2821416,5.5325471],[-0.2825828,5.5322074],[-0.2832406,5.5331952]]]}},{"id":"455","type":"Feature","properties":{"category":"water"},"geometry":{"type":"Polygon","coordinates":[[[-0.282849,5.5335139],[-0.2818365,5.5327841],[-0.2821208,5.5325612],[-0.282849,5.5335139]]]}},{"id":"456","type":"Feature","properties":{"category":"water"},"geometry":{"type":"Polygon","coordinates":[[[-0.2818304,5.5342965],[-0.2811666,5.5333013],[-0.28176,5.5328348],[-0.2824232,5.5338513],[-0.2818304,5.5342965]]]}},{"id":"457","type":"Feature","properties":{"category":"water"},"geometry":{"type":"Polygon","coordinates":[[[-0.2811719,5.5348044],[-0.2805229,5.5338099],[-0.2811585,5.533318],[-0.2818137,5.5343185],[-0.2811719,5.5348044]]]}},{"id":"458","type":"Feature","properties":{"category":"water"},"geometry":{"type":"Polygon","coordinates":[[[-0.2805188,5.5353083],[-0.2798811,5.5343325],[-0.2805108,5.5338299],[-0.2811605,5.5348244],[-0.2805188,5.5353083]]]}},{"id":"459","type":"Feature","properties":{"category":"water"},"geometry":{"type":"Polygon","coordinates":[[[-0.2811498,5.5363054],[-0.2805202,5.535331],[-0.2811696,5.5348448],[-0.2817976,5.5358122],[-0.2811498,5.5363054]]]}},{"id":"460","type":"Feature","properties":{"category":"water"},"geometry":{"type":"Polygon","coordinates":[[[-0.281809,5.5357895],[-0.2811807,5.5348331],[-0.2818224,5.5343345],[-0.28245,5.5353043],[-0.281809,5.5357895]]]}},{"id":"461","type":"Feature","properties":{"category":"water"},"geometry":{"type":"Polygon","coordinates":[[[-0.2824661,5.5352729],[-0.2818304,5.5343225],[-0.2824319,5.5338606],[-0.2830636,5.5348324],[-0.2824661,5.5352729]]]}},{"id":"462","type":"Feature","properties":{"category":"water"},"geometry":{"type":"Polygon","coordinates":[[[-0.2831313,5.534775],[-0.2824996,5.5338032],[-0.2832433,5.5332146],[-0.2838863,5.534187],[-0.2831313,5.534775]]]}},{"id":"463","type":"Feature","properties":{"category":"water"},"geometry":{"type":"Polygon","coordinates":[[[-0.2839011,5.5341777],[-0.2832533,5.5332092],[-0.2838072,5.5327968],[-0.2844302,5.5337512],[-0.2839011,5.5341777]]]}},{"id":"464","type":"Feature","properties":{"category":"water"},"geometry":{"type":"Polygon","coordinates":[[[-0.2832413,5.5331719],[-0.2825895,5.5321814],[-0.2831474,5.5317716],[-0.2837791,5.5327594],[-0.2832413,5.5331719]]]}},{"id":"465","type":"Feature","properties":{"category":"water"},"geometry":{"type":"Polygon","coordinates":[[[-0.2841264,5.5325325],[-0.2833378,5.5319772],[-0.2836329,5.5317743],[-0.2841264,5.5325325]]]}},{"id":"466","type":"Feature","properties":{"category":"water"},"geometry":{"type":"Polygon","coordinates":[[[-0.2845703,5.5332359],[-0.283826,5.5327567],[-0.2841546,5.5325605],[-0.2845703,5.5332359]]]}},{"id":"467","type":"Feature","properties":{"category":"water"},"geometry":{"type":"Polygon","coordinates":[[[-0.2805658,5.5337312],[-0.2799147,5.5336901],[-0.2803257,5.5333688],[-0.2805658,5.5337312]]]}},{"id":"468","type":"Feature","properties":{"category":"water"},"geometry":{"type":"Polygon","coordinates":[[[-0.2809332,5.5334442],[-0.2803411,5.5333654],[-0.2806972,5.5330831],[-0.2809332,5.5334442]]]}},{"id":"469","type":"Feature","properties":{"category":"water"},"geometry":{"type":"Polygon","coordinates":[[[-0.2813007,5.5331639],[-0.280716,5.5330744],[-0.2810707,5.5328021],[-0.2813007,5.5331639]]]}},{"id":"470","type":"Feature","properties":{"category":"water"},"geometry":{"type":"Polygon","coordinates":[[[-0.2817057,5.5328355],[-0.2810821,5.5327888],[-0.2814764,5.5324817],[-0.2817057,5.5328355]]]}},{"id":"471","type":"Feature","properties":{"category":"water"},"geometry":{"type":"Polygon","coordinates":[[[-0.2820946,5.5324991],[-0.2814884,5.5324671],[-0.2818854,5.5321774],[-0.2820946,5.5324991]]]}},{"id":"472","type":"Feature","properties":{"category":"water"},"geometry":{"type":"Polygon","coordinates":[[[-0.2823052,5.531873],[-0.2821375,5.5324123],[-0.281931,5.5321427],[-0.2823052,5.531873]]]}},{"id":"473","type":"Feature","properties":{"category":"water"},"geometry":{"type":"Polygon","coordinates":[[[-0.2826653,5.5313364],[-0.2819672,5.5311916],[-0.2823541,5.5308519],[-0.2826653,5.5313364]]]}},{"id":"474","type":"Feature","properties":{"category":"water"},"geometry":{"type":"Polygon","coordinates":[[[-0.28297,5.531797],[-0.2822824,5.5316895],[-0.2826683,5.5313478],[-0.28297,5.531797]]]}},{"id":"475","type":"Feature","properties":{"category":"water"},"geometry":{"type":"Polygon","coordinates":[[[-0.283018,5.5310234],[-0.2823608,5.5308459],[-0.2827068,5.5305355],[-0.283018,5.5310234]]]}},{"id":"476","type":"Feature","properties":{"category":"water"},"geometry":{"type":"Polygon","coordinates":[[[-0.2833398,5.531508],[-0.2826733,5.5313411],[-0.2830257,5.5310321],[-0.2833398,5.531508]]]}},{"id":"477","type":"Feature","properties":{"category":"water"},"geometry":{"type":"Polygon","coordinates":[[[-0.2834056,5.530678],[-0.2827129,5.5305295],[-0.2830984,5.5302005],[-0.2834056,5.530678]]]}},{"id":"478","type":"Feature","properties":{"category":"water"},"geometry":{"type":"Polygon","coordinates":[[[-0.2837321,5.5312056],[-0.2830334,5.5310247],[-0.2834079,5.530685],[-0.2837321,5.5312056]]]}},{"id":"479","type":"Feature","properties":{"category":"water"},"geometry":{"type":"Polygon","coordinates":[[[-0.2803173,5.5333637],[-0.279693,5.5333901],[-0.2801085,5.5330664],[-0.2803173,5.5333637]]]}},{"id":"480","type":"Feature","properties":{"category":"water"},"geometry":{"type":"Polygon","coordinates":[[[-0.2806938,5.5330731],[-0.2801145,5.5330597],[-0.2804786,5.5327627],[-0.2806938,5.5330731]]]}},{"id":"481","type":"Feature","properties":{"category":"water"},"geometry":{"type":"Polygon","coordinates":[[[-0.2810533,5.5327861],[-0.2804887,5.5327541],[-0.2808544,5.532454],[-0.2810533,5.5327861]]]}},{"id":"482","type":"Feature","properties":{"category":"water"},"geometry":{"type":"Polygon","coordinates":[[[-0.2814683,5.5324657],[-0.2808615,5.532443],[-0.2812548,5.532129],[-0.2814683,5.5324657]]]}},{"id":"483","type":"Feature","properties":{"category":"water"},"geometry":{"type":"Polygon","coordinates":[[[-0.2818713,5.5321614],[-0.2812618,5.5321173],[-0.2816346,5.5318003],[-0.2818713,5.5321614]]]}},{"id":"484","type":"Feature","properties":{"category":"water"},"geometry":{"type":"Polygon","coordinates":[[[-0.2818868,5.532128],[-0.2803592,5.529768],[-0.2808407,5.5293782],[-0.282328,5.5318183],[-0.2818868,5.532128]]]}},{"id":"485","type":"Feature","properties":{"category":"water"},"geometry":{"type":"Polygon","coordinates":[[[-0.2816246,5.5317889],[-0.2810043,5.5317075],[-0.2813865,5.5314139],[-0.2816246,5.5317889]]]}},{"id":"486","type":"Feature","properties":{"category":"water"},"geometry":{"type":"Polygon","coordinates":[[[-0.2812497,5.5321167],[-0.2805812,5.5320132],[-0.2809842,5.5317189],[-0.2812497,5.5321167]]]}},{"id":"487","type":"Feature","properties":{"category":"water"},"geometry":{"type":"Polygon","coordinates":[[[-0.280844,5.5324487],[-0.2801849,5.5323055],[-0.2805711,5.5320179],[-0.280844,5.5324487]]]}},{"id":"488","type":"Feature","properties":{"category":"water"},"geometry":{"type":"Polygon","coordinates":[[[-0.2804752,5.5327507],[-0.2797966,5.5325952],[-0.2801789,5.5323109],[-0.2804752,5.5327507]]]}},{"id":"489","type":"Feature","properties":{"category":"water"},"geometry":{"type":"Polygon","coordinates":[[[-0.2801048,5.5330577],[-0.2793628,5.5329296],[-0.2797839,5.5326065],[-0.2801048,5.5330577]]]}},{"id":"490","type":"Feature","properties":{"category":"water"},"geometry":{"type":"Polygon","coordinates":[[[-0.2813718,5.5313998],[-0.2807334,5.5313137],[-0.2810982,5.5310027],[-0.2813718,5.5313998]]]}},{"id":"491","type":"Feature","properties":{"category":"water"},"geometry":{"type":"Polygon","coordinates":[[[-0.2809688,5.5317008],[-0.2803277,5.5316248],[-0.2807213,5.5313231],[-0.2809688,5.5317008]]]}},{"id":"492","type":"Feature","properties":{"category":"water"},"geometry":{"type":"Polygon","coordinates":[[[-0.2805638,5.5320059],[-0.2799408,5.5319405],[-0.280319,5.5316308],[-0.2805638,5.5320059]]]}},{"id":"493","type":"Feature","properties":{"category":"water"},"geometry":{"type":"Polygon","coordinates":[[[-0.2801755,5.5322955],[-0.2795559,5.5322561],[-0.2799348,5.5319451],[-0.2801755,5.5322955]]]}},{"id":"494","type":"Feature","properties":{"category":"water"},"geometry":{"type":"Polygon","coordinates":[[[-0.2797779,5.5325952],[-0.2791335,5.5325992],[-0.2795472,5.5322602],[-0.2797779,5.5325952]]]}},{"id":"495","type":"Feature","properties":{"category":"water"},"geometry":{"type":"Polygon","coordinates":[[[-0.2794071,5.5311716],[-0.2787741,5.5311435],[-0.2791643,5.5308132],[-0.2794071,5.5311716]]]}},{"id":"496","type":"Feature","properties":{"category":"water"},"geometry":{"type":"Polygon","coordinates":[[[-0.2796377,5.5315166],[-0.2790222,5.531512],[-0.2794164,5.5311869],[-0.2796377,5.5315166]]]}},{"id":"497","type":"Feature","properties":{"category":"water"},"geometry":{"type":"Polygon","coordinates":[[[-0.2799281,5.5319351],[-0.2792589,5.5318337],[-0.2796498,5.53153],[-0.2799281,5.5319351]]]}},{"id":"498","type":"Feature","properties":{"category":"water"},"geometry":{"type":"Polygon","coordinates":[[[-0.2790108,5.5314979],[-0.2783784,5.5314993],[-0.278762,5.5311496],[-0.2790108,5.5314979]]]}},{"id":"499","type":"Feature","properties":{"category":"water"},"geometry":{"type":"Polygon","coordinates":[[[-0.2792367,5.5318257],[-0.2786239,5.531841],[-0.2790128,5.531518],[-0.2792367,5.5318257]]]}},{"id":"500","type":"Feature","properties":{"category":"water"},"geometry":{"type":"Polygon","coordinates":[[[-0.2795442,5.5322531],[-0.2788478,5.532144],[-0.2792481,5.5318377],[-0.2795442,5.5322531]]]}},{"id":"501","type":"Feature","properties":{"category":"water"},"geometry":{"type":"Polygon","coordinates":[[[-0.2805845,5.5302085],[-0.2799703,5.5301264],[-0.2803284,5.5298247],[-0.2805845,5.5302085]]]}},{"id":"502","type":"Feature","properties":{"category":"water"},"geometry":{"type":"Polygon","coordinates":[[[-0.280844,5.5306016],[-0.2802178,5.5305135],[-0.2805899,5.5302218],[-0.280844,5.5306016]]]}},{"id":"503","type":"Feature","properties":{"category":"water"},"geometry":{"type":"Polygon","coordinates":[[[-0.2810861,5.5309907],[-0.2804773,5.5309026],[-0.2808541,5.5306169],[-0.2810861,5.5309907]]]}},{"id":"504","type":"Feature","properties":{"category":"water"},"geometry":{"type":"Polygon","coordinates":[[[-0.2802124,5.5304955],[-0.2795767,5.5304487],[-0.2799623,5.5301331],[-0.2802124,5.5304955]]]}},{"id":"505","type":"Feature","properties":{"category":"water"},"geometry":{"type":"Polygon","coordinates":[[[-0.2804565,5.5308993],[-0.2798375,5.5308305],[-0.2802077,5.5305208],[-0.2804565,5.5308993]]]}},{"id":"506","type":"Feature","properties":{"category":"water"},"geometry":{"type":"Polygon","coordinates":[[[-0.2807113,5.5313077],[-0.2800662,5.5312153],[-0.2804692,5.5309086],[-0.2807113,5.5313077]]]}},{"id":"507","type":"Feature","properties":{"category":"water"},"geometry":{"type":"Polygon","coordinates":[[[-0.2798194,5.5308278],[-0.279173,5.5308058],[-0.279568,5.5304554],[-0.2798194,5.5308278]]]}},{"id":"508","type":"Feature","properties":{"category":"water"},"geometry":{"type":"Polygon","coordinates":[[[-0.2800568,5.5312029],[-0.2794245,5.5311736],[-0.2798295,5.5308412],[-0.2800568,5.5312029]]]}},{"id":"509","type":"Feature","properties":{"category":"water"},"geometry":{"type":"Polygon","coordinates":[[[-0.2803103,5.5316147],[-0.2796612,5.5315273],[-0.2800602,5.5312236],[-0.2803103,5.5316147]]]}},{"id":"510","type":"Feature","properties":{"category":"water"},"geometry":{"type":"Polygon","coordinates":[[[-0.2814881,5.5294539],[-0.2808484,5.5293695],[-0.2812212,5.5290325],[-0.2814881,5.5294539]]]}},{"id":"511","type":"Feature","properties":{"category":"water"},"geometry":{"type":"Polygon","coordinates":[[[-0.2818465,5.5291266],[-0.2812263,5.5290258],[-0.281579,5.5287088],[-0.2818465,5.5291266]]]}},{"id":"512","type":"Feature","properties":{"category":"water"},"geometry":{"type":"Polygon","coordinates":[[[-0.2822167,5.5288002],[-0.2815877,5.5287041],[-0.2819726,5.5283997],[-0.2822167,5.5288002]]]}},{"id":"513","type":"Feature","properties":{"category":"water"},"geometry":{"type":"Polygon","coordinates":[[[-0.2817526,5.5298808],[-0.2811116,5.5298],[-0.2814884,5.529463],[-0.2817526,5.5298808]]]}},{"id":"514","type":"Feature","properties":{"category":"water"},"geometry":{"type":"Polygon","coordinates":[[[-0.2821335,5.5295517],[-0.2814992,5.5294556],[-0.2818626,5.5291366],[-0.2821335,5.5295517]]]}},{"id":"515","type":"Feature","properties":{"category":"water"},"geometry":{"type":"Polygon","coordinates":[[[-0.2825063,5.5292407],[-0.2818673,5.5291239],[-0.2822247,5.5288089],[-0.2825063,5.5292407]]]}},{"id":"516","type":"Feature","properties":{"category":"water"},"geometry":{"type":"Polygon","coordinates":[[[-0.2820256,5.5303994],[-0.2813996,5.5302907],[-0.2817426,5.5299859],[-0.2820256,5.5303994]]]}},{"id":"517","type":"Feature","properties":{"category":"water"},"geometry":{"type":"Polygon","coordinates":[[[-0.2824125,5.5300606],[-0.281748,5.5299809],[-0.2821389,5.5296442],[-0.2824125,5.5300606]]]}},{"id":"518","type":"Feature","properties":{"category":"water"},"geometry":{"type":"Polygon","coordinates":[[[-0.2827873,5.5297179],[-0.2821436,5.5296398],[-0.2825332,5.5292928],[-0.2827873,5.5297179]]]}},{"id":"519","type":"Feature","properties":{"category":"water"},"geometry":{"type":"Polygon","coordinates":[[[-0.2823152,5.5307945],[-0.2816749,5.5307331],[-0.2820336,5.5304094],[-0.2823152,5.5307945]]]}},{"id":"520","type":"Feature","properties":{"category":"water"},"geometry":{"type":"Polygon","coordinates":[[[-0.2826891,5.5304548],[-0.2820443,5.5304014],[-0.2824138,5.5300696],[-0.2826891,5.5304548]]]}},{"id":"521","type":"Feature","properties":{"category":"water"},"geometry":{"type":"Polygon","coordinates":[[[-0.2830656,5.5301284],[-0.2824239,5.5300603],[-0.2828,5.5297386],[-0.2830656,5.5301284]]]}},{"id":"522","type":"Feature","properties":{"category":"water"},"geometry":{"type":"Polygon","coordinates":[[[-0.2802808,5.5269421],[-0.2795317,5.5268698],[-0.2799676,5.5265596],[-0.2802808,5.5269421]]]}},{"id":"523","type":"Feature","properties":{"category":"water"},"geometry":{"type":"Polygon","coordinates":[[[-0.2806878,5.5266284],[-0.279975,5.5265529],[-0.2803753,5.5262513],[-0.2806878,5.5266284]]]}},{"id":"524","type":"Feature","properties":{"category":"water"},"geometry":{"type":"Polygon","coordinates":[[[-0.2802449,5.5276532],[-0.2795291,5.5276108],[-0.2799247,5.5273015],[-0.2802449,5.5276532]]]}},{"id":"525","type":"Feature","properties":{"category":"water"},"geometry":{"type":"Polygon","coordinates":[[[-0.2806489,5.528088],[-0.2798697,5.5279699],[-0.2802486,5.5276656],[-0.2806489,5.528088]]]}},{"id":"526","type":"Feature","properties":{"category":"water"},"geometry":{"type":"Polygon","coordinates":[[[-0.2806238,5.5273602],[-0.2799321,5.5272971],[-0.2803163,5.5269794],[-0.2806238,5.5273602]]]}},{"id":"527","type":"Feature","properties":{"category":"water"},"geometry":{"type":"Polygon","coordinates":[[[-0.2809735,5.5277784],[-0.2802593,5.5276569],[-0.2806285,5.5273659],[-0.2809735,5.5277784]]]}},{"id":"528","type":"Feature","properties":{"category":"water"},"geometry":{"type":"Polygon","coordinates":[[[-0.2810224,5.5270442],[-0.2803217,5.5269748],[-0.2807126,5.5266611],[-0.2810224,5.5270442]]]}},{"id":"529","type":"Feature","properties":{"category":"water"},"geometry":{"type":"Polygon","coordinates":[[[-0.281345,5.5274493],[-0.2806362,5.5273599],[-0.2810305,5.5270515],[-0.281345,5.5274493]]]}},{"id":"530","type":"Feature","properties":{"category":"water"},"geometry":{"type":"Polygon","coordinates":[[[-0.2809668,5.5285402],[-0.2802882,5.5285045],[-0.2806506,5.5281668],[-0.2809668,5.5285402]]]}},{"id":"531","type":"Feature","properties":{"category":"water"},"geometry":{"type":"Polygon","coordinates":[[[-0.2813319,5.5282075],[-0.2806583,5.5281635],[-0.2810224,5.5278334],[-0.2813319,5.5282075]]]}},{"id":"532","type":"Feature","properties":{"category":"water"},"geometry":{"type":"Polygon","coordinates":[[[-0.2816527,5.5279178],[-0.2810298,5.5278271],[-0.2813952,5.5275027],[-0.2816527,5.5279178]]]}},{"id":"533","type":"Feature","properties":{"category":"water"},"geometry":{"type":"Polygon","coordinates":[[[-0.2812772,5.5289036],[-0.280606,5.5288769],[-0.2809738,5.5285466],[-0.2812772,5.5289036]]]}},{"id":"534","type":"Feature","properties":{"category":"water"},"geometry":{"type":"Polygon","coordinates":[[[-0.2816383,5.5285719],[-0.2809788,5.5285412],[-0.2813352,5.5282145],[-0.2816383,5.5285719]]]}},{"id":"535","type":"Feature","properties":{"category":"water"},"geometry":{"type":"Polygon","coordinates":[[[-0.2819176,5.5283317],[-0.281349,5.5282088],[-0.2816621,5.5279225],[-0.2819176,5.5283317]]]}},{"id":"536","type":"Feature","properties":{"category":"water"},"geometry":{"type":"Polygon","coordinates":[[[-0.2744731,5.544762],[-0.2740219,5.5440865],[-0.2744819,5.5435266],[-0.2749271,5.544214],[-0.2744731,5.544762]]]}},{"id":"537","type":"Feature","properties":{"category":"water"},"geometry":{"type":"Polygon","coordinates":[[[-0.2749492,5.5441847],[-0.2745046,5.5434752],[-0.2749781,5.5428899],[-0.2753831,5.5436447],[-0.2749492,5.5441847]]]}},{"id":"538","type":"Feature","properties":{"category":"water"},"geometry":{"type":"Polygon","coordinates":[[[-0.2749955,5.5455415],[-0.2744912,5.5447753],[-0.2749311,5.544238],[-0.2754072,5.5449969],[-0.2749955,5.5455415]]]}},{"id":"539","type":"Feature","properties":{"category":"water"},"geometry":{"type":"Polygon","coordinates":[[[-0.2754381,5.5449755],[-0.2749553,5.5442093],[-0.2753951,5.5436614],[-0.2758297,5.5444736],[-0.2754381,5.5449755]]]}},{"id":"540","type":"Feature","properties":{"category":"water"},"geometry":{"type":"Polygon","coordinates":[[[-0.2753938,5.543624],[-0.2749888,5.5428665],[-0.275493,5.5422151],[-0.2759135,5.5429619],[-0.2753938,5.543624]]]}},{"id":"541","type":"Feature","properties":{"category":"water"},"geometry":{"type":"Polygon","coordinates":[[[-0.2759262,5.5429466],[-0.2755105,5.5422018],[-0.2760268,5.5415323],[-0.2764533,5.5422565],[-0.2759262,5.5429466]]]}},{"id":"542","type":"Feature","properties":{"category":"water"},"geometry":{"type":"Polygon","coordinates":[[[-0.2764747,5.5422338],[-0.2760416,5.5415183],[-0.2765418,5.5408556],[-0.2769884,5.5415904],[-0.2764747,5.5422338]]]}},{"id":"543","type":"Feature","properties":{"category":"water"},"geometry":{"type":"Polygon","coordinates":[[[-0.2770025,5.5415684],[-0.2765552,5.5408396],[-0.2770729,5.5401748],[-0.2775288,5.5408896],[-0.2770025,5.5415684]]]}},{"id":"544","type":"Feature","properties":{"category":"water"},"geometry":{"type":"Polygon","coordinates":[[[-0.2775429,5.5408769],[-0.277089,5.5401568],[-0.2775892,5.5395087],[-0.2780559,5.5402222],[-0.2775429,5.5408769]]]}},{"id":"545","type":"Feature","properties":{"category":"water"},"geometry":{"type":"Polygon","coordinates":[[[-0.2758498,5.5444483],[-0.2754032,5.5436487],[-0.2759222,5.5429846],[-0.2763742,5.5437482],[-0.2758498,5.5444483]]]}},{"id":"546","type":"Feature","properties":{"category":"water"},"geometry":{"type":"Polygon","coordinates":[[[-0.2763768,5.5437315],[-0.2759343,5.5429653],[-0.2764707,5.5422638],[-0.2769253,5.5430347],[-0.2763768,5.5437315]]]}},{"id":"547","type":"Feature","properties":{"category":"water"},"geometry":{"type":"Polygon","coordinates":[[[-0.2769401,5.5430027],[-0.2764868,5.5422538],[-0.2769964,5.5416038],[-0.2774618,5.5423406],[-0.2769401,5.5430027]]]}},{"id":"548","type":"Feature","properties":{"category":"water"},"geometry":{"type":"Polygon","coordinates":[[[-0.2774765,5.5423112],[-0.2770045,5.5415864],[-0.2775369,5.5409116],[-0.2779902,5.5416411],[-0.2774765,5.5423112]]]}},{"id":"549","type":"Feature","properties":{"category":"water"},"geometry":{"type":"Polygon","coordinates":[[[-0.2780029,5.5416228],[-0.2775483,5.5408913],[-0.278066,5.5402379],[-0.2785313,5.5409554],[-0.2780029,5.5416228]]]}},{"id":"550","type":"Feature","properties":{"category":"water"},"geometry":{"type":"Polygon","coordinates":[[[-0.2748621,5.5365761],[-0.2742659,5.5356023],[-0.2745677,5.5349035],[-0.2752999,5.5359774],[-0.2748621,5.5365761]]]}},{"id":"551","type":"Feature","properties":{"category":"water"},"geometry":{"type":"Polygon","coordinates":[[[-0.2752852,5.5372682],[-0.2748735,5.5365914],[-0.2753174,5.5359847],[-0.2757425,5.5366488],[-0.2752852,5.5372682]]]}},{"id":"552","type":"Feature","properties":{"category":"water"},"geometry":{"type":"Polygon","coordinates":[[[-0.27578,5.5380491],[-0.2752986,5.5372775],[-0.2757465,5.5366668],[-0.276232,5.5374017],[-0.27578,5.5380491]]]}},{"id":"553","type":"Feature","properties":{"category":"water"},"geometry":{"type":"Polygon","coordinates":[[[-0.2762146,5.5387392],[-0.2757867,5.5380611],[-0.2762414,5.537413],[-0.2766987,5.5381265],[-0.2762146,5.5387392]]]}},{"id":"554","type":"Feature","properties":{"category":"water"},"geometry":{"type":"Polygon","coordinates":[[[-0.2766155,5.5393772],[-0.276232,5.5387525],[-0.2767094,5.5381365],[-0.2771051,5.5387485],[-0.2766155,5.5393772]]]}},{"id":"555","type":"Feature","properties":{"category":"water"},"geometry":{"type":"Polygon","coordinates":[[[-0.2740138,5.5440652],[-0.2735498,5.5433791],[-0.2740151,5.5427631],[-0.2744738,5.5434992],[-0.2740138,5.5440652]]]}},{"id":"556","type":"Feature","properties":{"category":"water"},"geometry":{"type":"Polygon","coordinates":[[[-0.2744899,5.5434638],[-0.2740366,5.542725],[-0.2745261,5.5421023],[-0.2749841,5.5428331],[-0.2744899,5.5434638]]]}},{"id":"557","type":"Feature","properties":{"category":"water"},"geometry":{"type":"Polygon","coordinates":[[[-0.2749982,5.5428225],[-0.2745422,5.542079],[-0.2750344,5.5414376],[-0.275485,5.5421851],[-0.2749982,5.5428225]]]}},{"id":"558","type":"Feature","properties":{"category":"water"},"geometry":{"type":"Polygon","coordinates":[[[-0.2755024,5.5421771],[-0.2750465,5.5414082],[-0.2755661,5.5407521],[-0.2760188,5.5414996],[-0.2755024,5.5421771]]]}},{"id":"559","type":"Feature","properties":{"category":"water"},"geometry":{"type":"Polygon","coordinates":[[[-0.2760362,5.541481],[-0.2755762,5.5407428],[-0.2760838,5.5401001],[-0.2765351,5.5408322],[-0.2760362,5.541481]]]}},{"id":"560","type":"Feature","properties":{"category":"water"},"geometry":{"type":"Polygon","coordinates":[[[-0.2765512,5.5408215],[-0.2760905,5.54008],[-0.2766169,5.5394099],[-0.2770702,5.5401514],[-0.2765512,5.5408215]]]}},{"id":"561","type":"Feature","properties":{"category":"water"},"geometry":{"type":"Polygon","coordinates":[[[-0.2770836,5.5401368],[-0.2766216,5.5393906],[-0.2771191,5.5387666],[-0.2775758,5.5394974],[-0.2770836,5.5401368]]]}},{"id":"562","type":"Feature","properties":{"category":"water"},"geometry":{"type":"Polygon","coordinates":[[[-0.2743766,5.5372625],[-0.2738341,5.5364049],[-0.2742498,5.535626],[-0.2748547,5.5365931],[-0.2743766,5.5372625]]]}},{"id":"563","type":"Feature","properties":{"category":"water"},"geometry":{"type":"Polygon","coordinates":[[[-0.2747883,5.5379299],[-0.2743759,5.5372966],[-0.2748641,5.5366058],[-0.2752771,5.5372872],[-0.2747883,5.5379299]]]}},{"id":"564","type":"Feature","properties":{"category":"water"},"geometry":{"type":"Polygon","coordinates":[[[-0.2752765,5.5387435],[-0.2747937,5.5379586],[-0.2752879,5.5372972],[-0.275768,5.5380608],[-0.2752765,5.5387435]]]}},{"id":"565","type":"Feature","properties":{"category":"water"},"geometry":{"type":"Polygon","coordinates":[[[-0.2756855,5.5394163],[-0.2752858,5.5387602],[-0.2757787,5.5380714],[-0.2762105,5.5387549],[-0.2756855,5.5394163]]]}},{"id":"566","type":"Feature","properties":{"category":"water"},"geometry":{"type":"Polygon","coordinates":[[[-0.2735397,5.5433574],[-0.2731019,5.5427],[-0.2735887,5.5421026],[-0.2740044,5.5427467],[-0.2735397,5.5433574]]]}},{"id":"567","type":"Feature","properties":{"category":"water"},"geometry":{"type":"Polygon","coordinates":[[[-0.2740306,5.5427047],[-0.2736343,5.5420473],[-0.2741204,5.5414573],[-0.2745114,5.5420793],[-0.2740306,5.5427047]]]}},{"id":"568","type":"Feature","properties":{"category":"water"},"geometry":{"type":"Polygon","coordinates":[[[-0.2745214,5.5420653],[-0.2741198,5.5414266],[-0.2746334,5.5407718],[-0.275021,5.5414119],[-0.2745214,5.5420653]]]}},{"id":"569","type":"Feature","properties":{"category":"water"},"geometry":{"type":"Polygon","coordinates":[[[-0.2750364,5.5414012],[-0.2746435,5.5407358],[-0.2751672,5.5400951],[-0.2755594,5.5407358],[-0.2750364,5.5414012]]]}},{"id":"570","type":"Feature","properties":{"category":"water"},"geometry":{"type":"Polygon","coordinates":[[[-0.2755728,5.5407184],[-0.2751806,5.540077],[-0.2756862,5.5394356],[-0.2760791,5.5400864],[-0.2755728,5.5407184]]]}},{"id":"571","type":"Feature","properties":{"category":"water"},"geometry":{"type":"Polygon","coordinates":[[[-0.2760892,5.5400627],[-0.2756888,5.539424],[-0.2762172,5.5387692],[-0.2766021,5.5393919],[-0.2760892,5.5400627]]]}},{"id":"572","type":"Feature","properties":{"category":"water"},"geometry":{"type":"Polygon","coordinates":[[[-0.2718446,5.5408172],[-0.2715489,5.540372],[-0.272029,5.5395958],[-0.2723448,5.5401164],[-0.2718446,5.5408172]]]}},{"id":"573","type":"Feature","properties":{"category":"water"},"geometry":{"type":"Polygon","coordinates":[[[-0.2722389,5.5414085],[-0.27186,5.5408379],[-0.2723602,5.5401351],[-0.2727384,5.5407151],[-0.2722389,5.5414085]]]}},{"id":"574","type":"Feature","properties":{"category":"water"},"geometry":{"type":"Polygon","coordinates":[[[-0.272776,5.5422188],[-0.2722489,5.5414239],[-0.2727491,5.5407451],[-0.2732547,5.54157],[-0.272776,5.5422188]]]}},{"id":"575","type":"Feature","properties":{"category":"water"},"geometry":{"type":"Polygon","coordinates":[[[-0.2723756,5.540051],[-0.2720585,5.5395538],[-0.2724702,5.5388216],[-0.2728216,5.539415],[-0.2723756,5.540051]]]}},{"id":"576","type":"Feature","properties":{"category":"water"},"geometry":{"type":"Polygon","coordinates":[[[-0.2727646,5.5406917],[-0.2723991,5.5400837],[-0.2728618,5.539433],[-0.273244,5.5400423],[-0.2727646,5.5406917]]]}},{"id":"577","type":"Feature","properties":{"category":"water"},"geometry":{"type":"Polygon","coordinates":[[[-0.2732956,5.5415207],[-0.27278,5.5407084],[-0.2732628,5.540079],[-0.273755,5.5408859],[-0.2732956,5.5415207]]]}},{"id":"578","type":"Feature","properties":{"category":"water"},"geometry":{"type":"Polygon","coordinates":[[[-0.2728517,5.5393756],[-0.2724876,5.5387902],[-0.2729087,5.5380794],[-0.2733258,5.5387235],[-0.2728517,5.5393756]]]}},{"id":"579","type":"Feature","properties":{"category":"water"},"geometry":{"type":"Polygon","coordinates":[[[-0.2732655,5.5400223],[-0.2728779,5.5394109],[-0.2733587,5.5387582],[-0.2737483,5.5393682],[-0.2732655,5.5400223]]]}},{"id":"580","type":"Feature","properties":{"category":"water"},"geometry":{"type":"Polygon","coordinates":[[[-0.2737811,5.5408459],[-0.2732762,5.540029],[-0.273763,5.5393943],[-0.2742673,5.5401665],[-0.2737811,5.5408459]]]}},{"id":"581","type":"Feature","properties":{"category":"water"},"geometry":{"type":"Polygon","coordinates":[[[-0.2733681,5.5386801],[-0.2729436,5.5380267],[-0.2733728,5.5372412],[-0.2738596,5.537996],[-0.2733681,5.5386801]]]}},{"id":"582","type":"Feature","properties":{"category":"water"},"geometry":{"type":"Polygon","coordinates":[[[-0.2737637,5.5393262],[-0.2733714,5.5387035],[-0.2738676,5.5380114],[-0.2742726,5.5386581],[-0.2737637,5.5393262]]]}},{"id":"583","type":"Feature","properties":{"category":"water"},"geometry":{"type":"Polygon","coordinates":[[[-0.2742827,5.5401378],[-0.2737724,5.5393535],[-0.2742847,5.5386734],[-0.2747742,5.5394563],[-0.2742827,5.5401378]]]}},{"id":"584","type":"Feature","properties":{"category":"water"},"geometry":{"type":"Polygon","coordinates":[[[-0.2735692,5.5420713],[-0.2727921,5.5422288],[-0.2732708,5.5415874],[-0.2735692,5.5420713]]]}},{"id":"585","type":"Feature","properties":{"category":"water"},"geometry":{"type":"Polygon","coordinates":[[[-0.2736034,5.5420092],[-0.2733392,5.5415387],[-0.2737684,5.5409707],[-0.2740661,5.5414332],[-0.2736034,5.5420092]]]}},{"id":"586","type":"Feature","properties":{"category":"water"},"geometry":{"type":"Polygon","coordinates":[[[-0.2740923,5.5414059],[-0.2737831,5.5408726],[-0.2742726,5.5402018],[-0.2746079,5.5407545],[-0.2740923,5.5414059]]]}},{"id":"587","type":"Feature","properties":{"category":"water"},"geometry":{"type":"Polygon","coordinates":[[[-0.2746421,5.5407131],[-0.2742941,5.5401711],[-0.2747863,5.5394884],[-0.2751604,5.540081],[-0.2746421,5.5407131]]]}},{"id":"588","type":"Feature","properties":{"category":"water"},"geometry":{"type":"Polygon","coordinates":[[[-0.2738696,5.5379606],[-0.2733895,5.5372131],[-0.273818,5.5364309],[-0.2743585,5.5372912],[-0.2738696,5.5379606]]]}},{"id":"589","type":"Feature","properties":{"category":"water"},"geometry":{"type":"Polygon","coordinates":[[[-0.2742881,5.5386294],[-0.2738717,5.5379907],[-0.2743719,5.5373119],[-0.2747715,5.537956],[-0.2742881,5.5386294]]]}},{"id":"590","type":"Feature","properties":{"category":"water"},"geometry":{"type":"Polygon","coordinates":[[[-0.2747843,5.539425],[-0.2742995,5.5386528],[-0.2747836,5.5379713],[-0.2752657,5.5387615],[-0.2747843,5.539425]]]}},{"id":"591","type":"Feature","properties":{"category":"water"},"geometry":{"type":"Polygon","coordinates":[[[-0.2751732,5.540063],[-0.2747876,5.5394483],[-0.2752771,5.5387749],[-0.2756701,5.5394256],[-0.2751732,5.540063]]]}},{"id":"592","type":"Feature","properties":{"category":"water"},"geometry":{"type":"Polygon","coordinates":[[[-0.2834632,5.5296191],[-0.283653,5.530079],[-0.2833486,5.5296959],[-0.2834632,5.5296191]]]}},{"id":"593","type":"Feature","properties":{"category":"water"},"geometry":{"type":"Polygon","coordinates":[[[-0.2840848,5.5298694],[-0.2834713,5.5296105],[-0.2837563,5.5294296],[-0.2840848,5.5298694]]]}},{"id":"594","type":"Feature","properties":{"category":"water"},"geometry":{"type":"Polygon","coordinates":[[[-0.2844127,5.5296111],[-0.2837656,5.5294202],[-0.2841043,5.5292093],[-0.2844127,5.5296111]]]}},{"id":"595","type":"Feature","properties":{"category":"water"},"geometry":{"type":"Polygon","coordinates":[[[-0.2844275,5.5289978],[-0.2844282,5.5296051],[-0.2841204,5.5291973],[-0.2844275,5.5289978]]]}},{"id":"596","type":"Feature","properties":{"category":"water"},"geometry":{"type":"Polygon","coordinates":[[[-0.2850451,5.5291539],[-0.2844362,5.5289911],[-0.2847581,5.5287775],[-0.2850451,5.5291539]]]}},{"id":"597","type":"Feature","properties":{"category":"water"},"geometry":{"type":"Polygon","coordinates":[[[-0.2853401,5.528943],[-0.2847782,5.5287748],[-0.2850699,5.5285846],[-0.2853401,5.528943]]]}},{"id":"598","type":"Feature","properties":{"category":"water"},"geometry":{"type":"Polygon","coordinates":[[[-0.2857874,5.5286086],[-0.2850826,5.5285773],[-0.2855319,5.5282929],[-0.2857874,5.5286086]]]}},{"id":"599","type":"Feature","properties":{"category":"water"},"geometry":{"type":"Polygon","coordinates":[[[-0.2859188,5.5280487],[-0.2858048,5.528598],[-0.2855453,5.5282823],[-0.2859188,5.5280487]]]}},{"id":"600","type":"Feature","properties":{"category":"water"},"geometry":{"type":"Polygon","coordinates":[[[-0.2864774,5.5280907],[-0.2859396,5.5280346],[-0.2862574,5.5278364],[-0.2864774,5.5280907]]]}},{"id":"601","type":"Feature","properties":{"category":"water"},"geometry":{"type":"Polygon","coordinates":[[[-0.2869125,5.527759],[-0.2862715,5.5278157],[-0.2867302,5.5275254],[-0.2869125,5.527759]]]}},{"id":"602","type":"Feature","properties":{"category":"water"},"geometry":{"type":"Polygon","coordinates":[[[-0.2873598,5.5274173],[-0.2867442,5.5275134],[-0.2872002,5.5272144],[-0.2873598,5.5274173]]]}},{"id":"603","type":"Feature","properties":{"category":"water"},"geometry":{"type":"Polygon","coordinates":[[[-0.2876589,5.5271837],[-0.287219,5.5272037],[-0.2875221,5.5270141],[-0.2876589,5.5271837]]]}},{"id":"604","type":"Feature","properties":{"category":"water"},"geometry":{"type":"Polygon","coordinates":[[[-0.2880035,5.526918],[-0.287101,5.5264722],[-0.2875395,5.5261945],[-0.2880035,5.526918]]]}},{"id":"605","type":"Feature","properties":{"category":"water"},"geometry":{"type":"Polygon","coordinates":[[[-0.2883267,5.5266951],[-0.2875596,5.5261825],[-0.28797,5.5259663],[-0.2883267,5.5266951]]]}},{"id":"606","type":"Feature","properties":{"category":"water"},"geometry":{"type":"Polygon","coordinates":[[[-0.28624,5.5241402],[-0.2858162,5.5234941],[-0.2864358,5.5229361],[-0.2867845,5.5236062],[-0.28624,5.5241402]]]}},{"id":"607","type":"Feature","properties":{"category":"water"},"geometry":{"type":"Polygon","coordinates":[[[-0.2872056,5.5244832],[-0.2862614,5.5241789],[-0.2868073,5.5236516],[-0.2872056,5.5244832]]]}},{"id":"608","type":"Feature","properties":{"category":"water"},"geometry":{"type":"Polygon","coordinates":[[[-0.2875851,5.5252054],[-0.2867228,5.524901],[-0.287227,5.5245086],[-0.2875851,5.5252054]]]}},{"id":"609","type":"Feature","properties":{"category":"water"},"geometry":{"type":"Polygon","coordinates":[[[-0.2879579,5.5259476],[-0.2871197,5.5255137],[-0.2875945,5.5252241],[-0.2879579,5.5259476]]]}},{"id":"610","type":"Feature","properties":{"category":"water"},"geometry":{"type":"Polygon","coordinates":[[[-0.2831393,5.529176],[-0.2827343,5.528891],[-0.2828631,5.5288035],[-0.2831393,5.529176]]]}},{"id":"611","type":"Feature","properties":{"category":"water"},"geometry":{"type":"Polygon","coordinates":[[[-0.2834237,5.5290058],[-0.2828725,5.5287949],[-0.2831313,5.528624],[-0.2834237,5.5290058]]]}},{"id":"612","type":"Feature","properties":{"category":"water"},"geometry":{"type":"Polygon","coordinates":[[[-0.2837724,5.5287929],[-0.2831447,5.5286126],[-0.28348,5.5284017],[-0.2837724,5.5287929]]]}},{"id":"613","type":"Feature","properties":{"category":"water"},"geometry":{"type":"Polygon","coordinates":[[[-0.2833164,5.5294176],[-0.28302,5.5292674],[-0.2831554,5.5291873],[-0.2833164,5.5294176]]]}},{"id":"614","type":"Feature","properties":{"category":"water"},"geometry":{"type":"Polygon","coordinates":[[[-0.2834599,5.5296078],[-0.2831863,5.5295237],[-0.2833244,5.5294309],[-0.2834599,5.5296078]]]}},{"id":"615","type":"Feature","properties":{"category":"water"},"geometry":{"type":"Polygon","coordinates":[[[-0.2837509,5.5294182],[-0.2831662,5.5291806],[-0.2834384,5.5290191],[-0.2837509,5.5294182]]]}},{"id":"616","type":"Feature","properties":{"category":"water"},"geometry":{"type":"Polygon","coordinates":[[[-0.2840915,5.529194],[-0.2834572,5.5290118],[-0.2837878,5.5288115],[-0.2840915,5.529194]]]}},{"id":"617","type":"Feature","properties":{"category":"water"},"geometry":{"type":"Polygon","coordinates":[[[-0.284117,5.52917],[-0.2835082,5.5283891],[-0.2841184,5.5279873],[-0.284748,5.5287702],[-0.284117,5.52917]]]}},{"id":"618","type":"Feature","properties":{"category":"water"},"geometry":{"type":"Polygon","coordinates":[[[-0.2847715,5.5287521],[-0.2842927,5.5281621],[-0.2850424,5.5277043],[-0.2855265,5.5282729],[-0.2847715,5.5287521]]]}},{"id":"619","type":"Feature","properties":{"category":"water"},"geometry":{"type":"Polygon","coordinates":[[[-0.2859,5.5280313],[-0.2850679,5.5276802],[-0.2854561,5.5274526],[-0.2859,5.5280313]]]}},{"id":"620","type":"Feature","properties":{"category":"water"},"geometry":{"type":"Polygon","coordinates":[[[-0.2862393,5.5278191],[-0.2854648,5.5274513],[-0.2857746,5.5272664],[-0.2862393,5.5278191]]]}},{"id":"621","type":"Feature","properties":{"category":"water"},"geometry":{"type":"Polygon","coordinates":[[[-0.2867375,5.5275014],[-0.2857907,5.5272517],[-0.286299,5.5269487],[-0.2867375,5.5275014]]]}},{"id":"622","type":"Feature","properties":{"category":"water"},"geometry":{"type":"Polygon","coordinates":[[[-0.2867429,5.527488],[-0.2863204,5.5269247],[-0.2870782,5.5264869],[-0.2875073,5.5270021],[-0.2867429,5.527488]]]}},{"id":"623","type":"Feature","properties":{"category":"water"},"geometry":{"type":"Polygon","coordinates":[[[-0.2850759,5.5252721],[-0.2845408,5.524582],[-0.2850893,5.5240761],[-0.2856499,5.5247395],[-0.2850759,5.5252721]]]}},{"id":"624","type":"Feature","properties":{"category":"water"},"geometry":{"type":"Polygon","coordinates":[[[-0.2854903,5.5258515],[-0.2851027,5.5253082],[-0.285666,5.5247569],[-0.2861233,5.5253242],[-0.2854903,5.5258515]]]}},{"id":"625","type":"Feature","properties":{"category":"water"},"geometry":{"type":"Polygon","coordinates":[[[-0.285894,5.5263721],[-0.2855185,5.5258728],[-0.2861407,5.5253442],[-0.2865538,5.5258675],[-0.285894,5.5263721]]]}},{"id":"626","type":"Feature","properties":{"category":"water"},"geometry":{"type":"Polygon","coordinates":[[[-0.2856646,5.5246968],[-0.285143,5.5240988],[-0.2857894,5.5235181],[-0.2862172,5.5241735],[-0.2856646,5.5246968]]]}},{"id":"627","type":"Feature","properties":{"category":"water"},"geometry":{"type":"Polygon","coordinates":[[[-0.2866946,5.5248957],[-0.2856834,5.5247355],[-0.286236,5.5242082],[-0.2866946,5.5248957]]]}},{"id":"628","type":"Feature","properties":{"category":"water"},"geometry":{"type":"Polygon","coordinates":[[[-0.2870849,5.5255004],[-0.2861689,5.5253215],[-0.2867027,5.524909],[-0.2870849,5.5255004]]]}},{"id":"629","type":"Feature","properties":{"category":"water"},"geometry":{"type":"Polygon","coordinates":[[[-0.2847031,5.5272905],[-0.2842994,5.5281328],[-0.2840365,5.5277964],[-0.2847031,5.5272905]]]}},{"id":"630","type":"Feature","properties":{"category":"water"},"geometry":{"type":"Polygon","coordinates":[[[-0.2857545,5.5272531],[-0.2847219,5.5272738],[-0.2853602,5.5267986],[-0.2857545,5.5272531]]]}},{"id":"631","type":"Feature","properties":{"category":"water"},"geometry":{"type":"Polygon","coordinates":[[[-0.2862842,5.52693],[-0.2853763,5.5267832],[-0.2858812,5.5264188],[-0.2862842,5.52693]]]}},{"id":"632","type":"Feature","properties":{"category":"water"},"geometry":{"type":"Polygon","coordinates":[[[-0.2870514,5.5264655],[-0.2859248,5.5264054],[-0.2865981,5.5258782],[-0.2870514,5.5264655]]]}},{"id":"633","type":"Feature","properties":{"category":"water"},"geometry":{"type":"Polygon","coordinates":[[[-0.2875181,5.5261732],[-0.2866115,5.5258595],[-0.2870943,5.5255258],[-0.2875181,5.5261732]]]}},{"id":"634","type":"Feature","properties":{"category":"water"},"geometry":{"type":"Polygon","coordinates":[[[-0.2827947,5.5274413],[-0.282218,5.5267085],[-0.2827176,5.5262426],[-0.2833137,5.5269621],[-0.2827947,5.5274413]]]}},{"id":"635","type":"Feature","properties":{"category":"water"},"geometry":{"type":"Polygon","coordinates":[[[-0.283653,5.5273839],[-0.2828,5.5274773],[-0.2833325,5.5269768],[-0.283653,5.5273839]]]}},{"id":"636","type":"Feature","properties":{"category":"water"},"geometry":{"type":"Polygon","coordinates":[[[-0.2841036,5.5279686],[-0.2831072,5.5278604],[-0.2836691,5.5274053],[-0.2841036,5.5279686]]]}},{"id":"637","type":"Feature","properties":{"category":"water"},"geometry":{"type":"Polygon","coordinates":[[[-0.2833338,5.5269327],[-0.2827397,5.5262259],[-0.2833559,5.5256412],[-0.2839507,5.5263567],[-0.2833338,5.5269327]]]}},{"id":"638","type":"Feature","properties":{"category":"water"},"geometry":{"type":"Polygon","coordinates":[[[-0.2843289,5.5268326],[-0.2833539,5.5269501],[-0.2839641,5.5263827],[-0.2843289,5.5268326]]]}},{"id":"639","type":"Feature","properties":{"category":"water"},"geometry":{"type":"Polygon","coordinates":[[[-0.2846937,5.5272751],[-0.2836986,5.5273772],[-0.284351,5.5268446],[-0.2846937,5.5272751]]]}},{"id":"640","type":"Feature","properties":{"category":"water"},"geometry":{"type":"Polygon","coordinates":[[[-0.2839574,5.526336],[-0.2833707,5.5256305],[-0.283893,5.525156],[-0.2844992,5.5258381],[-0.2839574,5.526336]]]}},{"id":"641","type":"Feature","properties":{"category":"water"},"geometry":{"type":"Polygon","coordinates":[[[-0.2849364,5.5263187],[-0.2839708,5.526356],[-0.2845153,5.5258488],[-0.2849364,5.5263187]]]}},{"id":"642","type":"Feature","properties":{"category":"water"},"geometry":{"type":"Polygon","coordinates":[[[-0.2853374,5.5267859],[-0.2843638,5.5268259],[-0.2849458,5.526336],[-0.2853374,5.5267859]]]}},{"id":"643","type":"Feature","properties":{"category":"water"},"geometry":{"type":"Polygon","coordinates":[[[-0.2845167,5.5258114],[-0.2839078,5.5251433],[-0.2845193,5.524586],[-0.2850504,5.5253122],[-0.2845167,5.5258114]]]}},{"id":"644","type":"Feature","properties":{"category":"water"},"geometry":{"type":"Polygon","coordinates":[[[-0.2854756,5.5258715],[-0.2845381,5.5258341],[-0.2850772,5.5253402],[-0.2854756,5.5258715]]]}},{"id":"645","type":"Feature","properties":{"category":"water"},"geometry":{"type":"Polygon","coordinates":[[[-0.2858779,5.5263961],[-0.2849726,5.5263147],[-0.2854997,5.5258942],[-0.2858779,5.5263961]]]}},{"id":"646","type":"Feature","properties":{"category":"water"},"geometry":{"type":"Polygon","coordinates":[[[-0.2816682,5.5271183],[-0.2811384,5.5270181],[-0.2814388,5.5267525],[-0.2816682,5.5271183]]]}},{"id":"647","type":"Feature","properties":{"category":"water"},"geometry":{"type":"Polygon","coordinates":[[[-0.2820168,5.5268139],[-0.2814496,5.5267352],[-0.2817325,5.5264855],[-0.2820168,5.5268139]]]}},{"id":"648","type":"Feature","properties":{"category":"water"},"geometry":{"type":"Polygon","coordinates":[[[-0.2824514,5.5263961],[-0.2817446,5.5264762],[-0.2822173,5.5260664],[-0.2824514,5.5263961]]]}},{"id":"649","type":"Feature","properties":{"category":"water"},"geometry":{"type":"Polygon","coordinates":[[[-0.282961,5.5259262],[-0.2822247,5.526049],[-0.2827115,5.5256312],[-0.282961,5.5259262]]]}},{"id":"650","type":"Feature","properties":{"category":"water"},"geometry":{"type":"Polygon","coordinates":[[[-0.2833164,5.5255992],[-0.2827209,5.5256165],[-0.2831031,5.5252841],[-0.2833164,5.5255992]]]}},{"id":"651","type":"Feature","properties":{"category":"water"},"geometry":{"type":"Polygon","coordinates":[[[-0.2837442,5.5252014],[-0.2831192,5.5252775],[-0.2835531,5.5248917],[-0.2837442,5.5252014]]]}},{"id":"652","type":"Feature","properties":{"category":"water"},"geometry":{"type":"Polygon","coordinates":[[[-0.2842297,5.5247649],[-0.2835658,5.5248823],[-0.2840325,5.5244732],[-0.2842297,5.5247649]]]}},{"id":"653","type":"Feature","properties":{"category":"water"},"geometry":{"type":"Polygon","coordinates":[[[-0.2847701,5.524279],[-0.2840479,5.5244625],[-0.2845898,5.5240801],[-0.2847701,5.524279]]]}},{"id":"654","type":"Feature","properties":{"category":"water"},"geometry":{"type":"Polygon","coordinates":[[[-0.2853026,5.5237878],[-0.2846065,5.5240667],[-0.2851175,5.5235275],[-0.2853026,5.5237878]]]}},{"id":"655","type":"Feature","properties":{"category":"water"},"geometry":{"type":"Polygon","coordinates":[[[-0.285839,5.5232952],[-0.2851349,5.5235128],[-0.2856499,5.5229882],[-0.285839,5.5232952]]]}},{"id":"656","type":"Feature","properties":{"category":"water"},"geometry":{"type":"Polygon","coordinates":[[[-0.2863875,5.5228026],[-0.2856579,5.5229708],[-0.2861823,5.5224369],[-0.2863875,5.5228026]]]}},{"id":"657","type":"Feature","properties":{"category":"water"},"geometry":{"type":"Polygon","coordinates":[[[-0.2819572,5.5276048],[-0.2814911,5.5274566],[-0.2816588,5.5272337],[-0.2819572,5.5276048]]]}},{"id":"658","type":"Feature","properties":{"category":"water"},"geometry":{"type":"Polygon","coordinates":[[[-0.2822348,5.5279752],[-0.2817151,5.5278511],[-0.2819645,5.5276242],[-0.2822348,5.5279752]]]}},{"id":"659","type":"Feature","properties":{"category":"water"},"geometry":{"type":"Polygon","coordinates":[[[-0.2821932,5.5273979],[-0.2816782,5.527223],[-0.2818975,5.5270108],[-0.2821932,5.5273979]]]}},{"id":"660","type":"Feature","properties":{"category":"water"},"geometry":{"type":"Polygon","coordinates":[[[-0.2824675,5.5277577],[-0.281982,5.5276128],[-0.2822019,5.5274119],[-0.2824675,5.5277577]]]}},{"id":"661","type":"Feature","properties":{"category":"water"},"geometry":{"type":"Polygon","coordinates":[[[-0.2824936,5.5271109],[-0.2819136,5.5269955],[-0.2822073,5.5267191],[-0.2824936,5.5271109]]]}},{"id":"662","type":"Feature","properties":{"category":"water"},"geometry":{"type":"Polygon","coordinates":[[[-0.2827773,5.5274807],[-0.2822173,5.5273919],[-0.2825077,5.5271203],[-0.2827773,5.5274807]]]}},{"id":"663","type":"Feature","properties":{"category":"water"},"geometry":{"type":"Polygon","coordinates":[[[-0.2824567,5.528325],[-0.2819498,5.5282449],[-0.2822294,5.5280053],[-0.2824567,5.528325]]]}},{"id":"664","type":"Feature","properties":{"category":"water"},"geometry":{"type":"Polygon","coordinates":[[[-0.2827464,5.5281167],[-0.2822462,5.5279886],[-0.2824782,5.527777],[-0.2827464,5.5281167]]]}},{"id":"665","type":"Feature","properties":{"category":"water"},"geometry":{"type":"Polygon","coordinates":[[[-0.2830629,5.5278511],[-0.282497,5.527759],[-0.2827893,5.5274947],[-0.2830629,5.5278511]]]}},{"id":"666","type":"Feature","properties":{"category":"water"},"geometry":{"type":"Polygon","coordinates":[[[-0.2825003,5.528331],[-0.2822482,5.5286694],[-0.2821805,5.5285946],[-0.2825003,5.528331]]]}},{"id":"667","type":"Feature","properties":{"category":"water"},"geometry":{"type":"Polygon","coordinates":[[[-0.2829073,5.528335],[-0.2825137,5.5283156],[-0.2827585,5.5281341],[-0.2829073,5.528335]]]}},{"id":"668","type":"Feature","properties":{"category":"water"},"geometry":{"type":"Polygon","coordinates":[[[-0.2832299,5.5280814],[-0.2827806,5.5281194],[-0.2830864,5.5278871],[-0.2832299,5.5280814]]]}},{"id":"669","type":"Feature","properties":{"category":"water"},"geometry":{"type":"Polygon","coordinates":[[[-0.2828497,5.5287969],[-0.2825721,5.528656],[-0.2826646,5.5285419],[-0.2828497,5.5287969]]]}},{"id":"670","type":"Feature","properties":{"category":"water"},"geometry":{"type":"Polygon","coordinates":[[[-0.2831226,5.528608],[-0.2826793,5.5285299],[-0.2829194,5.5283477],[-0.2831226,5.528608]]]}},{"id":"671","type":"Feature","properties":{"category":"water"},"geometry":{"type":"Polygon","coordinates":[[[-0.2834626,5.5283891],[-0.2829402,5.528329],[-0.2832406,5.5280981],[-0.2834626,5.5283891]]]}},{"id":"672","type":"Feature","properties":{"category":"water"},"geometry":{"type":"Polygon","coordinates":[[[-0.283087,5.5219843],[-0.2826579,5.5213382],[-0.2830951,5.5210112],[-0.2835886,5.5215959],[-0.283087,5.5219843]]]}},{"id":"673","type":"Feature","properties":{"category":"water"},"geometry":{"type":"Polygon","coordinates":[[[-0.2836835,5.5229014],[-0.2830984,5.5220377],[-0.2836101,5.5216212],[-0.284282,5.5224539],[-0.2836835,5.5229014]]]}},{"id":"674","type":"Feature","properties":{"category":"water"},"geometry":{"type":"Polygon","coordinates":[[[-0.2841123,5.523462],[-0.2836902,5.5229114],[-0.284286,5.5224632],[-0.2847259,5.5230189],[-0.2841123,5.523462]]]}},{"id":"675","type":"Feature","properties":{"category":"water"},"geometry":{"type":"Polygon","coordinates":[[[-0.2846005,5.5240434],[-0.2841237,5.5234787],[-0.2847346,5.5230269],[-0.2851088,5.5235161],[-0.2846005,5.5240434]]]}},{"id":"676","type":"Feature","properties":{"category":"water"},"geometry":{"type":"Polygon","coordinates":[[[-0.2836101,5.5215678],[-0.2831608,5.5209792],[-0.2838555,5.5206214],[-0.2841613,5.5211233],[-0.2836101,5.5215678]]]}},{"id":"677","type":"Feature","properties":{"category":"water"},"geometry":{"type":"Polygon","coordinates":[[[-0.2840298,5.5221192],[-0.2836342,5.5216226],[-0.2843691,5.5210099],[-0.2847695,5.5216079],[-0.2840298,5.5221192]]]}},{"id":"678","type":"Feature","properties":{"category":"water"},"geometry":{"type":"Polygon","coordinates":[[[-0.2844939,5.5227045],[-0.2840459,5.5221285],[-0.2847762,5.5216186],[-0.2851745,5.5222386],[-0.2844939,5.5227045]]]}},{"id":"679","type":"Feature","properties":{"category":"water"},"geometry":{"type":"Polygon","coordinates":[[[-0.2851215,5.5234981],[-0.2845059,5.5227172],[-0.2851808,5.5222476],[-0.2856365,5.5229735],[-0.2851215,5.5234981]]]}},{"id":"680","type":"Feature","properties":{"category":"water"},"geometry":{"type":"Polygon","coordinates":[[[-0.2841774,5.521102],[-0.2838709,5.5206127],[-0.2849579,5.5201742],[-0.2850799,5.5203932],[-0.2841774,5.521102]]]}},{"id":"681","type":"Feature","properties":{"category":"water"},"geometry":{"type":"Polygon","coordinates":[[[-0.2847768,5.5215999],[-0.2843879,5.5209952],[-0.2850947,5.5204225],[-0.2854836,5.5211006],[-0.2847768,5.5215999]]]}},{"id":"682","type":"Feature","properties":{"category":"water"},"geometry":{"type":"Polygon","coordinates":[[[-0.2851832,5.5222279],[-0.2847835,5.5216092],[-0.285493,5.5211313],[-0.2858229,5.5217948],[-0.2851832,5.5222279]]]}},{"id":"683","type":"Feature","properties":{"category":"water"},"geometry":{"type":"Polygon","coordinates":[[[-0.2856559,5.5229494],[-0.2851899,5.5222406],[-0.2858323,5.5218155],[-0.2861562,5.5224188],[-0.2856559,5.5229494]]]}},{"id":"684","type":"Feature","properties":{"category":"water"},"geometry":{"type":"Polygon","coordinates":[[[-0.2813798,5.5267725],[-0.280783,5.5265509],[-0.2810848,5.5263107],[-0.2813798,5.5267725]]]}},{"id":"685","type":"Feature","properties":{"category":"water"},"geometry":{"type":"Polygon","coordinates":[[[-0.2817178,5.5264762],[-0.2811196,5.526292],[-0.2813838,5.5260877],[-0.2817178,5.5264762]]]}},{"id":"686","type":"Feature","properties":{"category":"water"},"geometry":{"type":"Polygon","coordinates":[[[-0.2821939,5.5260544],[-0.2814053,5.5260744],[-0.2819176,5.5256559],[-0.2821939,5.5260544]]]}},{"id":"687","type":"Feature","properties":{"category":"water"},"geometry":{"type":"Polygon","coordinates":[[[-0.2805685,5.5225156],[-0.2796136,5.5223114],[-0.2801551,5.521996],[-0.2805685,5.5225156]]]}},{"id":"688","type":"Feature","properties":{"category":"water"},"geometry":{"type":"Polygon","coordinates":[[[-0.2809775,5.5230322],[-0.2800977,5.5229241],[-0.2805953,5.5225316],[-0.2809775,5.5230322]]]}},{"id":"689","type":"Feature","properties":{"category":"water"},"geometry":{"type":"Polygon","coordinates":[[[-0.2812108,5.5233152],[-0.2805068,5.5234247],[-0.2809976,5.5230442],[-0.2812108,5.5233152]]]}},{"id":"690","type":"Feature","properties":{"category":"water"},"geometry":{"type":"Polygon","coordinates":[[[-0.2816246,5.5238251],[-0.2807267,5.523681],[-0.2812263,5.5233239],[-0.2816246,5.5238251]]]}},{"id":"691","type":"Feature","properties":{"category":"water"},"geometry":{"type":"Polygon","coordinates":[[[-0.2816293,5.524318],[-0.2808809,5.5243557],[-0.2813812,5.5240153],[-0.2816293,5.524318]]]}},{"id":"692","type":"Feature","properties":{"category":"water"},"geometry":{"type":"Polygon","coordinates":[[[-0.2821339,5.5249194],[-0.2811706,5.524616],[-0.2816353,5.524327],[-0.2821339,5.5249194]]]}},{"id":"693","type":"Feature","properties":{"category":"water"},"geometry":{"type":"Polygon","coordinates":[[[-0.2822207,5.5260263],[-0.2816561,5.5252761],[-0.2821362,5.5249317],[-0.2827021,5.5256199],[-0.2822207,5.5260263]]]}},{"id":"694","type":"Feature","properties":{"category":"water"},"geometry":{"type":"Polygon","coordinates":[[[-0.2811619,5.522029],[-0.2801762,5.521987],[-0.2807897,5.5216259],[-0.2811619,5.522029]]]}},{"id":"695","type":"Feature","properties":{"category":"water"},"geometry":{"type":"Polygon","coordinates":[[[-0.2811485,5.5224495],[-0.2806288,5.5225263],[-0.2810003,5.5222166],[-0.2811485,5.5224495]]]}},{"id":"696","type":"Feature","properties":{"category":"water"},"geometry":{"type":"Polygon","coordinates":[[[-0.2813423,5.5227452],[-0.2808152,5.5227452],[-0.2811572,5.5224622],[-0.2813423,5.5227452]]]}},{"id":"697","type":"Feature","properties":{"category":"water"},"geometry":{"type":"Polygon","coordinates":[[[-0.2815454,5.5230416],[-0.281011,5.5230335],[-0.2813517,5.5227746],[-0.2815454,5.5230416]]]}},{"id":"698","type":"Feature","properties":{"category":"water"},"geometry":{"type":"Polygon","coordinates":[[[-0.2813382,5.522276],[-0.2810197,5.5222026],[-0.281188,5.5220484],[-0.2813382,5.522276]]]}},{"id":"699","type":"Feature","properties":{"category":"water"},"geometry":{"type":"Polygon","coordinates":[[[-0.2815562,5.5225757],[-0.281176,5.5224449],[-0.281345,5.5222847],[-0.2815562,5.5225757]]]}},{"id":"700","type":"Feature","properties":{"category":"water"},"geometry":{"type":"Polygon","coordinates":[[[-0.2819873,5.523173],[-0.2813838,5.5227479],[-0.2815649,5.522593],[-0.2819873,5.523173]]]}},{"id":"701","type":"Feature","properties":{"category":"water"},"geometry":{"type":"Polygon","coordinates":[[[-0.2819431,5.5236015],[-0.2812383,5.5233112],[-0.2815676,5.5230629],[-0.2819431,5.5236015]]]}},{"id":"702","type":"Feature","properties":{"category":"water"},"geometry":{"type":"Polygon","coordinates":[[[-0.2821922,5.523964],[-0.2813905,5.5240033],[-0.2819568,5.5236099],[-0.2821922,5.523964]]]}},{"id":"703","type":"Feature","properties":{"category":"water"},"geometry":{"type":"Polygon","coordinates":[[[-0.2826029,5.5245646],[-0.2816494,5.524315],[-0.2821959,5.523974],[-0.2826029,5.5245646]]]}},{"id":"704","type":"Feature","properties":{"category":"water"},"geometry":{"type":"Polygon","coordinates":[[[-0.2830857,5.5252788],[-0.2821489,5.5249194],[-0.2826123,5.5245763],[-0.2830857,5.5252788]]]}},{"id":"705","type":"Feature","properties":{"category":"water"},"geometry":{"type":"Polygon","coordinates":[[[-0.2826663,5.5236379],[-0.2817842,5.5233319],[-0.2822334,5.5230242],[-0.2826663,5.5236379]]]}},{"id":"706","type":"Feature","properties":{"category":"water"},"geometry":{"type":"Polygon","coordinates":[[[-0.2830713,5.5242132],[-0.2822126,5.5239626],[-0.2826743,5.5236453],[-0.2830713,5.5242132]]]}},{"id":"707","type":"Feature","properties":{"category":"water"},"geometry":{"type":"Polygon","coordinates":[[[-0.283541,5.5248777],[-0.282619,5.5245646],[-0.2830824,5.5242203],[-0.283541,5.5248777]]]}},{"id":"708","type":"Feature","properties":{"category":"water"},"geometry":{"type":"Polygon","coordinates":[[[-0.281994,5.523151],[-0.2811961,5.5220024],[-0.2825841,5.5213583],[-0.2832399,5.5222967],[-0.281994,5.523151]]]}},{"id":"709","type":"Feature","properties":{"category":"water"},"geometry":{"type":"Polygon","coordinates":[[[-0.2831792,5.5232678],[-0.2822448,5.5230048],[-0.2827565,5.5226571],[-0.2831792,5.5232678]]]}},{"id":"710","type":"Feature","properties":{"category":"water"},"geometry":{"type":"Polygon","coordinates":[[[-0.2835906,5.5238465],[-0.2826861,5.5236362],[-0.2831856,5.5232748],[-0.2835906,5.5238465]]]}},{"id":"711","type":"Feature","properties":{"category":"water"},"geometry":{"type":"Polygon","coordinates":[[[-0.2835524,5.524857],[-0.2830904,5.5242089],[-0.283594,5.5238538],[-0.2840211,5.5244645],[-0.2835524,5.524857]]]}},{"id":"712","type":"Feature","properties":{"category":"water"},"geometry":{"type":"Polygon","coordinates":[[[-0.2836718,5.5229061],[-0.2827692,5.5226451],[-0.2832547,5.52231],[-0.2836718,5.5229061]]]}},{"id":"713","type":"Feature","properties":{"category":"water"},"geometry":{"type":"Polygon","coordinates":[[[-0.2841056,5.5234754],[-0.2832004,5.5232651],[-0.2836778,5.5229147],[-0.2841056,5.5234754]]]}},{"id":"714","type":"Feature","properties":{"category":"water"},"geometry":{"type":"Polygon","coordinates":[[[-0.2841137,5.5234841],[-0.2840345,5.5244465],[-0.2836067,5.5238478],[-0.2841137,5.5234841]]]}},{"id":"715","type":"Feature","properties":{"category":"water"},"geometry":{"type":"Polygon","coordinates":[[[-0.2802466,5.5251774],[-0.2796967,5.5251854],[-0.2800736,5.5249237],[-0.2802466,5.5251774]]]}},{"id":"716","type":"Feature","properties":{"category":"water"},"geometry":{"type":"Polygon","coordinates":[[[-0.2805135,5.5250025],[-0.280093,5.524911],[-0.2803411,5.5247362],[-0.2805135,5.5250025]]]}},{"id":"717","type":"Feature","properties":{"category":"water"},"geometry":{"type":"Polygon","coordinates":[[[-0.2810754,5.5246668],[-0.2803512,5.5247248],[-0.2808749,5.5243684],[-0.2810754,5.5246668]]]}},{"id":"718","type":"Feature","properties":{"category":"water"},"geometry":{"type":"Polygon","coordinates":[[[-0.2804746,5.525483],[-0.2798831,5.525419],[-0.2802654,5.5251934],[-0.2804746,5.525483]]]}},{"id":"719","type":"Feature","properties":{"category":"water"},"geometry":{"type":"Polygon","coordinates":[[[-0.2807529,5.5253122],[-0.2802821,5.525174],[-0.2805349,5.5250158],[-0.2807529,5.5253122]]]}},{"id":"720","type":"Feature","properties":{"category":"water"},"geometry":{"type":"Polygon","coordinates":[[[-0.2813543,5.5249144],[-0.280555,5.5250038],[-0.2811632,5.5246267],[-0.2813543,5.5249144]]]}},{"id":"721","type":"Feature","properties":{"category":"water"},"geometry":{"type":"Polygon","coordinates":[[[-0.2807911,5.5259049],[-0.280138,5.5257754],[-0.2804954,5.5255131],[-0.2807911,5.5259049]]]}},{"id":"722","type":"Feature","properties":{"category":"water"},"geometry":{"type":"Polygon","coordinates":[[[-0.2810559,5.525708],[-0.2805222,5.5254937],[-0.2807696,5.5253322],[-0.2810559,5.525708]]]}},{"id":"723","type":"Feature","properties":{"category":"water"},"geometry":{"type":"Polygon","coordinates":[[[-0.2816279,5.5252801],[-0.2807911,5.5253135],[-0.2813664,5.5249357],[-0.2816279,5.5252801]]]}},{"id":"724","type":"Feature","properties":{"category":"water"},"geometry":{"type":"Polygon","coordinates":[[[-0.2810727,5.5262893],[-0.2804531,5.5261959],[-0.2808259,5.5259249],[-0.2810727,5.5262893]]]}},{"id":"725","type":"Feature","properties":{"category":"water"},"geometry":{"type":"Polygon","coordinates":[[[-0.281353,5.5260757],[-0.2808568,5.5258969],[-0.28107,5.5257353],[-0.281353,5.5260757]]]}},{"id":"726","type":"Feature","properties":{"category":"water"},"geometry":{"type":"Polygon","coordinates":[[[-0.2819002,5.5256459],[-0.2810915,5.525714],[-0.281644,5.5252922],[-0.2819002,5.5256459]]]}},{"id":"727","type":"Feature","properties":{"category":"water"},"geometry":{"type":"Polygon","coordinates":[[[-0.2793071,5.5231417],[-0.2792461,5.5225029],[-0.2795962,5.5223174],[-0.2798738,5.5226645],[-0.2793071,5.5231417]]]}},{"id":"728","type":"Feature","properties":{"category":"water"},"geometry":{"type":"Polygon","coordinates":[[[-0.279395,5.5239199],[-0.2793078,5.5231644],[-0.2798825,5.5226818],[-0.2802748,5.5231764],[-0.279395,5.5239199]]]}},{"id":"729","type":"Feature","properties":{"category":"water"},"geometry":{"type":"Polygon","coordinates":[[[-0.2794392,5.5245954],[-0.2794004,5.5239559],[-0.279684,5.5237203],[-0.2799911,5.5241949],[-0.2794392,5.5245954]]]}},{"id":"730","type":"Feature","properties":{"category":"water"},"geometry":{"type":"Polygon","coordinates":[[[-0.2802895,5.5239753],[-0.279692,5.5237123],[-0.2799864,5.523468],[-0.2802895,5.5239753]]]}},{"id":"731","type":"Feature","properties":{"category":"water"},"geometry":{"type":"Polygon","coordinates":[[[-0.2806898,5.5236823],[-0.2799958,5.523452],[-0.2802868,5.5231937],[-0.2806898,5.5236823]]]}},{"id":"732","type":"Feature","properties":{"category":"water"},"geometry":{"type":"Polygon","coordinates":[[[-0.2800588,5.5249131],[-0.2794379,5.5246207],[-0.2797101,5.5244191],[-0.2800588,5.5249131]]]}},{"id":"733","type":"Feature","properties":{"category":"water"},"geometry":{"type":"Polygon","coordinates":[[[-0.2803284,5.5247195],[-0.2797276,5.5244071],[-0.2799985,5.5242056],[-0.2803284,5.5247195]]]}},{"id":"734","type":"Feature","properties":{"category":"water"},"geometry":{"type":"Polygon","coordinates":[[[-0.2806147,5.5245313],[-0.2800139,5.5241989],[-0.2803022,5.5239893],[-0.2806147,5.5245313]]]}},{"id":"735","type":"Feature","properties":{"category":"water"},"geometry":{"type":"Polygon","coordinates":[[[-0.2811129,5.5241789],[-0.280315,5.5239813],[-0.2807052,5.5236956],[-0.2811129,5.5241789]]]}},{"id":"736","type":"Feature","properties":{"category":"water"},"geometry":{"type":"Polygon","coordinates":[[[-0.2877769,5.5239199],[-0.2871687,5.5236883],[-0.2875714,5.5234834],[-0.2877769,5.5239199]]]}},{"id":"737","type":"Feature","properties":{"category":"water"},"geometry":{"type":"Polygon","coordinates":[[[-0.2881859,5.5237143],[-0.2875811,5.5234787],[-0.287974,5.5232738],[-0.2881859,5.5237143]]]}},{"id":"738","type":"Feature","properties":{"category":"water"},"geometry":{"type":"Polygon","coordinates":[[[-0.2880022,5.5243718],[-0.287388,5.5241342],[-0.2877916,5.5239326],[-0.2880022,5.5243718]]]}},{"id":"739","type":"Feature","properties":{"category":"water"},"geometry":{"type":"Polygon","coordinates":[[[-0.2884193,5.5241629],[-0.287801,5.5239252],[-0.2881926,5.5237263],[-0.2884193,5.5241629]]]}},{"id":"740","type":"Feature","properties":{"category":"water"},"geometry":{"type":"Polygon","coordinates":[[[-0.288256,5.524884],[-0.2876361,5.5246381],[-0.2880367,5.5244368],[-0.288256,5.524884]]]}},{"id":"741","type":"Feature","properties":{"category":"water"},"geometry":{"type":"Polygon","coordinates":[[[-0.2886734,5.5246648],[-0.2880491,5.5244325],[-0.2884655,5.5242176],[-0.2886734,5.5246648]]]}},{"id":"742","type":"Feature","properties":{"category":"water"},"geometry":{"type":"Polygon","coordinates":[[[-0.2884736,5.5253295],[-0.2878667,5.5250946],[-0.2882617,5.5248924],[-0.2884736,5.5253295]]]}},{"id":"743","type":"Feature","properties":{"category":"water"},"geometry":{"type":"Polygon","coordinates":[[[-0.288886,5.525116],[-0.2882718,5.5248904],[-0.2886808,5.5246768],[-0.288886,5.525116]]]}},{"id":"744","type":"Feature","properties":{"category":"water"},"geometry":{"type":"Polygon","coordinates":[[[-0.2891354,5.5256179],[-0.2885199,5.5253943],[-0.2889229,5.5251854],[-0.2891354,5.5256179]]]}},{"id":"745","type":"Feature","properties":{"category":"water"},"geometry":{"type":"Polygon","coordinates":[[[-0.288723,5.5258348],[-0.2881135,5.5256012],[-0.2885085,5.5254023],[-0.288723,5.5258348]]]}},{"id":"746","type":"Feature","properties":{"category":"water"},"geometry":{"type":"Polygon","coordinates":[[[-0.2893554,5.5260904],[-0.2887398,5.5258408],[-0.2891381,5.5256325],[-0.2893554,5.5260904]]]}},{"id":"747","type":"Feature","properties":{"category":"water"},"geometry":{"type":"Polygon","coordinates":[[[-0.288945,5.526296],[-0.2883355,5.5260537],[-0.2887237,5.5258461],[-0.288945,5.526296]]]}},{"id":"748","type":"Feature","properties":{"category":"water"},"geometry":{"type":"Polygon","coordinates":[[[-0.2904034,5.5224702],[-0.290148,5.5230028],[-0.289979,5.5226838],[-0.2904034,5.5224702]]]}},{"id":"749","type":"Feature","properties":{"category":"water"},"geometry":{"type":"Polygon","coordinates":[[[-0.2895834,5.5237737],[-0.2892206,5.5230963],[-0.2899629,5.5227212],[-0.2903156,5.5234193],[-0.2895834,5.5237737]]]}},{"id":"750","type":"Feature","properties":{"category":"water"},"geometry":{"type":"Polygon","coordinates":[[[-0.2903907,5.5235315],[-0.2895787,5.5237918],[-0.2903384,5.5234233],[-0.2903907,5.5235315]]]}},{"id":"751","type":"Feature","properties":{"category":"water"},"geometry":{"type":"Polygon","coordinates":[[[-0.2907997,5.5243978],[-0.2900098,5.5245967],[-0.2907327,5.524251],[-0.2907997,5.5243978]]]}},{"id":"752","type":"Feature","properties":{"category":"water"},"geometry":{"type":"Polygon","coordinates":[[[-0.2899964,5.5245753],[-0.2896558,5.5239146],[-0.2903947,5.5235648],[-0.2907246,5.5242336],[-0.2899964,5.5245753]]]}},{"id":"753","type":"Feature","properties":{"category":"water"},"geometry":{"type":"Polygon","coordinates":[[[-0.2904873,5.5255391],[-0.2900943,5.5247742],[-0.2908199,5.5244232],[-0.2912141,5.5251907],[-0.2904873,5.5255391]]]}},{"id":"754","type":"Feature","properties":{"category":"water"},"geometry":{"type":"Polygon","coordinates":[[[-0.290034,5.5247736],[-0.289401,5.524008],[-0.2896119,5.5239099],[-0.290034,5.5247736]]]}},{"id":"755","type":"Feature","properties":{"category":"water"},"geometry":{"type":"Polygon","coordinates":[[[-0.2902237,5.5251613],[-0.2898362,5.524873],[-0.2900474,5.5247836],[-0.2902237,5.5251613]]]}},{"id":"756","type":"Feature","properties":{"category":"water"},"geometry":{"type":"Polygon","coordinates":[[[-0.2904464,5.5255705],[-0.2900366,5.5252628],[-0.2902345,5.5251713],[-0.2904464,5.5255705]]]}},{"id":"757","type":"Feature","properties":{"category":"water"},"geometry":{"type":"Polygon","coordinates":[[[-0.2894157,5.5260544],[-0.2890348,5.5252514],[-0.2898184,5.5248954],[-0.2902177,5.5256659],[-0.2894157,5.5260544]]]}},{"id":"758","type":"Feature","properties":{"category":"water"},"geometry":{"type":"Polygon","coordinates":[[[-0.289802,5.524877],[-0.2889946,5.5250652],[-0.2897295,5.5247248],[-0.289802,5.524877]]]}},{"id":"759","type":"Feature","properties":{"category":"water"},"geometry":{"type":"Polygon","coordinates":[[[-0.2889463,5.5250599],[-0.2886245,5.5243818],[-0.2893882,5.5240434],[-0.2897215,5.5247048],[-0.2889463,5.5250599]]]}},{"id":"760","type":"Feature","properties":{"category":"water"},"geometry":{"type":"Polygon","coordinates":[[[-0.2895767,5.5238959],[-0.2891073,5.5235635],[-0.2893379,5.5234554],[-0.2895767,5.5238959]]]}},{"id":"761","type":"Feature","properties":{"category":"water"},"geometry":{"type":"Polygon","coordinates":[[[-0.2893353,5.5234207],[-0.2886526,5.5233539],[-0.2891569,5.5231056],[-0.2893353,5.5234207]]]}},{"id":"762","type":"Feature","properties":{"category":"water"},"geometry":{"type":"Polygon","coordinates":[[[-0.2887639,5.5236636],[-0.2881725,5.5235595],[-0.2886298,5.5233539],[-0.2887639,5.5236636]]]}},{"id":"763","type":"Feature","properties":{"category":"water"},"geometry":{"type":"Polygon","coordinates":[[[-0.2892662,5.5240267],[-0.2888565,5.523699],[-0.2890865,5.5235902],[-0.2892662,5.5240267]]]}},{"id":"764","type":"Feature","properties":{"category":"water"},"geometry":{"type":"Polygon","coordinates":[[[-0.289,5.5241328],[-0.2883274,5.5239172],[-0.2887787,5.523709],[-0.289,5.5241328]]]}},{"id":"765","type":"Feature","properties":{"category":"water"},"geometry":{"type":"Polygon","coordinates":[[[-0.2928154,5.5239346],[-0.2922186,5.5247569],[-0.2919595,5.5243754],[-0.2928154,5.5239346]]]}},{"id":"766","type":"Feature","properties":{"category":"water"},"geometry":{"type":"Polygon","coordinates":[[[-0.2910224,5.522585],[-0.2904182,5.5224555],[-0.2908621,5.5222573],[-0.2910224,5.522585]]]}},{"id":"767","type":"Feature","properties":{"category":"water"},"geometry":{"type":"Polygon","coordinates":[[[-0.2910331,5.5226064],[-0.2908313,5.5232071],[-0.2906127,5.5228066],[-0.2910331,5.5226064]]]}},{"id":"768","type":"Feature","properties":{"category":"water"},"geometry":{"type":"Polygon","coordinates":[[[-0.291249,5.5230396],[-0.2910418,5.5236262],[-0.2908413,5.5232518],[-0.291249,5.5230396]]]}},{"id":"769","type":"Feature","properties":{"category":"water"},"geometry":{"type":"Polygon","coordinates":[[[-0.2914944,5.5234861],[-0.2912892,5.5240848],[-0.2910653,5.523679],[-0.2914944,5.5234861]]]}},{"id":"770","type":"Feature","properties":{"category":"water"},"geometry":{"type":"Polygon","coordinates":[[[-0.291707,5.5239246],[-0.2914904,5.5245193],[-0.2912872,5.5241348],[-0.291707,5.5239246]]]}},{"id":"771","type":"Feature","properties":{"category":"water"},"geometry":{"type":"Polygon","coordinates":[[[-0.2919504,5.5243804],[-0.2917774,5.5249785],[-0.2915125,5.524583],[-0.2919504,5.5243804]]]}},{"id":"772","type":"Feature","properties":{"category":"water"},"geometry":{"type":"Polygon","coordinates":[[[-0.2914817,5.5245954],[-0.2912718,5.5252101],[-0.2910519,5.5248023],[-0.2914817,5.5245954]]]}},{"id":"773","type":"Feature","properties":{"category":"water"},"geometry":{"type":"Polygon","coordinates":[[[-0.2912591,5.5241528],[-0.2910928,5.5247515],[-0.29085,5.5243404],[-0.2912591,5.5241528]]]}},{"id":"774","type":"Feature","properties":{"category":"water"},"geometry":{"type":"Polygon","coordinates":[[[-0.2910438,5.5237037],[-0.2908313,5.524303],[-0.2906274,5.5238985],[-0.2910438,5.5237037]]]}},{"id":"775","type":"Feature","properties":{"category":"water"},"geometry":{"type":"Polygon","coordinates":[[[-0.2908038,5.5232565],[-0.2906395,5.5238725],[-0.2904055,5.523458],[-0.2908038,5.5232565]]]}},{"id":"776","type":"Feature","properties":{"category":"water"},"geometry":{"type":"Polygon","coordinates":[[[-0.2905892,5.5228073],[-0.2903987,5.5234187],[-0.2901708,5.5230088],[-0.2905892,5.5228073]]]}},{"id":"777","type":"Feature","properties":{"category":"water"},"geometry":{"type":"Polygon","coordinates":[[[-0.2912879,5.5220304],[-0.2910733,5.5225537],[-0.2908789,5.5222406],[-0.2912879,5.5220304]]]}},{"id":"778","type":"Feature","properties":{"category":"water"},"geometry":{"type":"Polygon","coordinates":[[[-0.2914602,5.5223828],[-0.2912752,5.5229902],[-0.2910613,5.5225897],[-0.2914602,5.5223828]]]}},{"id":"779","type":"Feature","properties":{"category":"water"},"geometry":{"type":"Polygon","coordinates":[[[-0.2916989,5.5228173],[-0.2914844,5.5234013],[-0.2912852,5.5230295],[-0.2916989,5.5228173]]]}},{"id":"780","type":"Feature","properties":{"category":"water"},"geometry":{"type":"Polygon","coordinates":[[[-0.2921563,5.523693],[-0.2915099,5.5234714],[-0.2919316,5.5232645],[-0.2921563,5.523693]]]}},{"id":"781","type":"Feature","properties":{"category":"water"},"geometry":{"type":"Polygon","coordinates":[[[-0.292165,5.5237103],[-0.2919531,5.524301],[-0.2917499,5.5239166],[-0.292165,5.5237103]]]}},{"id":"782","type":"Feature","properties":{"category":"water"},"geometry":{"type":"Polygon","coordinates":[[[-0.2921636,5.522553],[-0.2917694,5.5217774],[-0.2926961,5.5213289],[-0.2930233,5.5221338],[-0.2921636,5.522553]]]}},{"id":"783","type":"Feature","properties":{"category":"water"},"geometry":{"type":"Polygon","coordinates":[[[-0.2918981,5.5221438],[-0.2913154,5.522017],[-0.2917238,5.5217908],[-0.2918981,5.5221438]]]}},{"id":"784","type":"Feature","properties":{"category":"water"},"geometry":{"type":"Polygon","coordinates":[[[-0.2921221,5.5225784],[-0.2914985,5.5223648],[-0.2919102,5.5221579],[-0.2921221,5.5225784]]]}},{"id":"785","type":"Feature","properties":{"category":"water"},"geometry":{"type":"Polygon","coordinates":[[[-0.2923501,5.5230369],[-0.2917251,5.522822],[-0.2921408,5.5226024],[-0.2923501,5.5230369]]]}},{"id":"786","type":"Feature","properties":{"category":"water"},"geometry":{"type":"Polygon","coordinates":[[[-0.2923668,5.5230542],[-0.2921737,5.5236449],[-0.2919638,5.5232358],[-0.2923668,5.5230542]]]}},{"id":"787","type":"Feature","properties":{"category":"water"},"geometry":{"type":"Polygon","coordinates":[[[-0.2926136,5.5235141],[-0.2923849,5.5240754],[-0.2921972,5.523693],[-0.2926136,5.5235141]]]}},{"id":"788","type":"Feature","properties":{"category":"water"},"geometry":{"type":"Polygon","coordinates":[[[-0.2948365,5.5212275],[-0.2937716,5.5212408],[-0.2946286,5.5208163],[-0.2948365,5.5212275]]]}},{"id":"789","type":"Feature","properties":{"category":"water"},"geometry":{"type":"Polygon","coordinates":[[[-0.2944395,5.5225597],[-0.2939849,5.5216773],[-0.2948539,5.5212501],[-0.2952911,5.5221298],[-0.2944395,5.5225597]]]}},{"id":"790","type":"Feature","properties":{"category":"water"},"geometry":{"type":"Polygon","coordinates":[[[-0.2956867,5.5229922],[-0.2948861,5.5233993],[-0.294461,5.522589],[-0.2953005,5.5221632],[-0.2956867,5.5229922]]]}},{"id":"791","type":"Feature","properties":{"category":"water"},"geometry":{"type":"Polygon","coordinates":[[[-0.2939527,5.5216733],[-0.2929053,5.5216786],[-0.2937408,5.5212488],[-0.2939527,5.5216733]]]}},{"id":"792","type":"Feature","properties":{"category":"water"},"geometry":{"type":"Polygon","coordinates":[[[-0.2943832,5.522597],[-0.2935597,5.5229868],[-0.293083,5.5221372],[-0.2939674,5.5216973],[-0.2943832,5.522597]]]}},{"id":"793","type":"Feature","properties":{"category":"water"},"geometry":{"type":"Polygon","coordinates":[[[-0.2948257,5.5234701],[-0.2939647,5.5238532],[-0.2935436,5.5230536],[-0.2944314,5.5226064],[-0.2948257,5.5234701]]]}},{"id":"794","type":"Feature","properties":{"category":"water"},"geometry":{"type":"Polygon","coordinates":[[[-0.2938789,5.5239333],[-0.2930434,5.5242803],[-0.292633,5.5234988],[-0.293435,5.523099],[-0.2938789,5.5239333]]]}},{"id":"795","type":"Feature","properties":{"category":"water"},"geometry":{"type":"Polygon","coordinates":[[[-0.2926599,5.52343],[-0.2921757,5.5225877],[-0.2930494,5.5221525],[-0.293494,5.5230389],[-0.2926599,5.52343]]]}},{"id":"796","type":"Feature","properties":{"category":"water"},"geometry":{"type":"Polygon","coordinates":[[[-0.280258,5.526288],[-0.2796798,5.5263193],[-0.2800706,5.5260383],[-0.280258,5.526288]]]}},{"id":"797","type":"Feature","properties":{"category":"forest"},"geometry":{"type":"Polygon","coordinates":[[[0.6590509,5.7738194],[0.6597832,5.7737246],[0.661308,5.7727412],[0.6592776,5.7729427],[0.6590509,5.7738194]],[[0.6596705,5.7736939],[0.6594767,5.7735432],[0.6597134,5.7735805],[0.6596705,5.7736939]]]}},{"id":"798","type":"Feature","properties":{"category":"forest"},"geometry":{"type":"Polygon","coordinates":[[[0.6585601,5.7731195],[0.6588612,5.7733884],[0.6589088,5.7730315],[0.6585601,5.7731195]]]}},{"id":"799","type":"Feature","properties":{"category":"forest"},"geometry":{"type":"Polygon","coordinates":[[[0.6624037,5.7781345],[0.6632285,5.7776021],[0.6633666,5.7772298],[0.6625298,5.7775047],[0.6624037,5.7781345]]]}},{"id":"800","type":"Feature","properties":{"category":"cemetery"},"geometry":{"type":"Polygon","coordinates":[[[-0.2541121,5.5318476],[-0.2541121,5.5309102],[-0.2548666,5.53088],[-0.2549121,5.5317216],[-0.2541121,5.5318476]]]}},{"id":"801","type":"Feature","properties":{"category":"water"},"geometry":{"type":"Polygon","coordinates":[[[-0.2943017,5.7194952],[-0.2940871,5.7189134],[-0.2945324,5.7188067],[-0.2945914,5.7189668],[-0.2943017,5.7194952]]]}},{"id":"802","type":"Feature","properties":{"category":"landfill"},"geometry":{"type":"Polygon","coordinates":[[[-0.0996808,5.6126423],[-0.0987866,5.611514],[-0.0989928,5.6090585],[-0.1009951,5.6090092],[-0.101,5.6122216],[-0.0996808,5.6126423]]]}},{"id":"803","type":"Feature","properties":{"category":"forest"},"geometry":{"type":"Polygon","coordinates":[[[-0.2400054,5.6364846],[-0.2395783,5.6369784],[-0.2393939,5.6368957],[-0.2400054,5.6364846]]]}},{"id":"804","type":"Feature","properties":{"category":"forest"},"geometry":{"type":"Polygon","coordinates":[[[-0.2386365,5.6370251],[-0.2387391,5.6373281],[-0.2385409,5.6370875],[-0.2386365,5.6370251]]]}},{"id":"805","type":"Feature","properties":{"category":"forest"},"geometry":{"type":"Polygon","coordinates":[[[-0.2462804,5.5723139],[-0.2457118,5.5740164],[-0.2444257,5.5733857],[-0.2462804,5.5723139]]]}},{"id":"806","type":"Feature","properties":{"category":"forest"},"geometry":{"type":"Polygon","coordinates":[[[-0.2443787,5.5733163],[-0.2439563,5.5732242],[-0.2439375,5.5730186],[-0.2443787,5.5733163]]]}},{"id":"807","type":"Feature","properties":{"category":"forest"},"geometry":{"type":"Polygon","coordinates":[[[-0.2418923,5.5728571],[-0.2417287,5.5734458],[-0.2407725,5.5724046],[-0.2418923,5.5728571]]]}},{"id":"808","type":"Feature","properties":{"category":"forest"},"geometry":{"type":"Polygon","coordinates":[[[-0.2377409,5.6413686],[-0.2373393,5.6413032],[-0.237519,5.6411831],[-0.2377409,5.6413686]]]}},{"id":"809","type":"Feature","properties":{"category":"cemetery"},"geometry":{"type":"Polygon","coordinates":[[[-0.235903,5.6180999],[-0.2344894,5.6176675],[-0.2351332,5.6164102],[-0.235972,5.6167085],[-0.235903,5.6180999]]]}},{"id":"810","type":"Feature","properties":{"category":"water"},"geometry":{"type":"Polygon","coordinates":[[[-0.4130369,5.620437],[-0.4107892,5.6204423],[-0.4109233,5.6194707],[-0.4123073,5.6195348],[-0.4130369,5.620437]]]}},{"id":"811","type":"Feature","properties":{"category":"forest"},"geometry":{"type":"Polygon","coordinates":[[[-0.176667,5.5714325],[-0.1760079,5.5737189],[-0.1754677,5.5737103],[-0.176667,5.5714325]]]}},{"id":"812","type":"Feature","properties":{"category":"forest"},"geometry":{"type":"Polygon","coordinates":[[[-0.1774456,5.5734257],[-0.1772068,5.5736059],[-0.1772457,5.5733456],[-0.1774456,5.5734257]]]}},{"id":"813","type":"Feature","properties":{"category":"forest"},"geometry":{"type":"Polygon","coordinates":[[[-0.1787987,5.5728411],[-0.1781027,5.5720035],[-0.1774402,5.5726596],[-0.1778211,5.571529],[-0.1787987,5.5728411]]]}},{"id":"814","type":"Feature","properties":{"category":"forest"},"geometry":{"type":"Polygon","coordinates":[[[-0.1779552,5.573335],[-0.1775381,5.5737127],[-0.1774898,5.5734164],[-0.1779552,5.573335]]]}},{"id":"815","type":"Feature","properties":{"category":"forest"},"geometry":{"type":"Polygon","coordinates":[[[-0.1790535,5.5737821],[-0.1782502,5.5738395],[-0.1781979,5.5736219],[-0.1788229,5.5732829],[-0.1790535,5.5737821]]]}},{"id":"816","type":"Feature","properties":{"category":"forest"},"geometry":{"type":"Polygon","coordinates":[[[-0.1212452,5.7954373],[-0.120053,5.7956828],[-0.119471,5.7964833],[-0.1198036,5.7951317],[-0.1212452,5.7954373]]]}},{"id":"817","type":"Feature","properties":{"category":"forest"},"geometry":{"type":"Polygon","coordinates":[[[-0.121327,5.7953959],[-0.1213673,5.796482],[-0.1208959,5.796011],[-0.121327,5.7953959]]]}},{"id":"818","type":"Feature","properties":{"category":"forest"},"geometry":{"type":"Polygon","coordinates":[[[-0.1218367,5.7971731],[-0.1211138,5.797943],[-0.1195749,5.7966274],[-0.1204768,5.7959376],[-0.1218367,5.7971731]]]}},{"id":"819","type":"Feature","properties":{"category":"forest"},"geometry":{"type":"Polygon","coordinates":[[[-0.1240549,5.7979123],[-0.1230644,5.7983993],[-0.1234742,5.7991385],[-0.1217549,5.7984767],[-0.1230866,5.7968796],[-0.1240549,5.7979123]]]}},{"id":"820","type":"Feature","properties":{"category":"forest"},"geometry":{"type":"Polygon","coordinates":[[[-0.1258448,5.7987116],[-0.1250809,5.7982348],[-0.1251068,5.7980573],[-0.1256651,5.7977891],[-0.1258448,5.7987116]]]}},{"id":"821","type":"Feature","properties":{"category":"forest"},"geometry":{"type":"Polygon","coordinates":[[[-0.1269932,5.7992746],[-0.1260129,5.7991198],[-0.1268162,5.7969236],[-0.1277,5.797436],[-0.1269932,5.7992746]]]}},{"id":"822","type":"Feature","properties":{"category":"forest"},"geometry":{"type":"Polygon","coordinates":[[[-0.1256628,5.803376],[-0.1241487,5.8024567],[-0.1249467,5.8004274],[-0.1260974,5.8006542],[-0.125109,5.8001552],[-0.125286,5.799388],[-0.1268108,5.8000458],[-0.1256628,5.803376]]]}},{"id":"823","type":"Feature","properties":{"category":"forest"},"geometry":{"type":"Polygon","coordinates":[[[-0.1235358,5.7942325],[-0.1229163,5.7950504],[-0.1221371,5.7940377],[-0.1216462,5.79455],[-0.1208442,5.794047],[-0.1194535,5.7953279],[-0.1194119,5.7965767],[-0.1203038,5.7974333],[-0.1198666,5.7983032],[-0.1190311,5.7971304],[-0.1184061,5.7976721],[-0.11747,5.7966955],[-0.1165144,5.7932737],[-0.1202714,5.7900155],[-0.122224,5.7912714],[-0.1203231,5.7925259],[-0.1235358,5.7942325]]]}},{"id":"824","type":"Feature","properties":{"category":"forest"},"geometry":{"type":"Polygon","coordinates":[[[-0.1222591,5.7961004],[-0.1231989,5.7959353],[-0.1227614,5.796518],[-0.1222591,5.7961004]]]}},{"id":"825","type":"Feature","properties":{"category":"forest"},"geometry":{"type":"Polygon","coordinates":[[[-0.1246074,5.7961751],[-0.1242399,5.7973746],[-0.1230292,5.7967278],[-0.1232522,5.7947428],[-0.1246074,5.7961751]]]}},{"id":"826","type":"Feature","properties":{"category":"forest"},"geometry":{"type":"Polygon","coordinates":[[[-0.1218152,5.7952812],[-0.1219493,5.7956761],[-0.1216328,5.7954413],[-0.1218152,5.7952812]]]}},{"id":"827","type":"Feature","properties":{"category":"forest"},"geometry":{"type":"Polygon","coordinates":[[[-0.1216409,5.7950517],[-0.1214156,5.7952812],[-0.1215068,5.7950063],[-0.1216409,5.7950517]]]}},{"id":"828","type":"Feature","properties":{"category":"wetland"},"geometry":{"type":"Polygon","coordinates":[[[-0.1936709,5.5889288],[-0.1930765,5.5894213],[-0.1925347,5.5901875],[-0.1917612,5.5909119],[-0.1931036,5.5893202],[-0.1936709,5.5889288]]]}},{"id":"829","type":"Feature","properties":{"category":"wetland"},"geometry":{"type":"Polygon","coordinates":[[[-0.1963434,5.5884159],[-0.1945973,5.5884213],[-0.1936863,5.5888531],[-0.1945079,5.5884148],[-0.1963434,5.5884159]]]}},{"id":"830","type":"Feature","properties":{"category":"wetland"},"geometry":{"type":"Polygon","coordinates":[[[-0.1917386,5.5908916],[-0.1917049,5.5909526],[-0.1916737,5.5909553],[-0.1917386,5.5908916]]]}},{"id":"831","type":"Feature","properties":{"category":"wetland"},"geometry":{"type":"Polygon","coordinates":[[[-0.1927487,5.5897216],[-0.1926428,5.5898623],[-0.192742,5.589694],[-0.1927487,5.5897216]]]}},{"id":"832","type":"Feature","properties":{"category":"wetland"},"geometry":{"type":"Polygon","coordinates":[[[-0.1947207,5.5883347],[-0.1940182,5.5885374],[-0.1928749,5.5894631],[-0.1938687,5.5885448],[-0.1947207,5.5883347]]]}},{"id":"833","type":"Feature","properties":{"category":"wetland"},"geometry":{"type":"Polygon","coordinates":[[[-0.1945427,5.5882275],[-0.1944718,5.588298],[-0.1945001,5.5881853],[-0.1945427,5.5882275]]]}},{"id":"834","type":"Feature","properties":{"category":"wetland"},"geometry":{"type":"Polygon","coordinates":[[[-0.19613,5.588326],[-0.1949992,5.5883352],[-0.1947207,5.5883347],[-0.1948183,5.5882654],[-0.19613,5.588326]]]}},{"id":"835","type":"Feature","properties":{"category":"wetland"},"geometry":{"type":"Polygon","coordinates":[[[-0.2040632,5.5884326],[-0.2018085,5.5881189],[-0.2013309,5.5879001],[-0.2034613,5.5881565],[-0.2040632,5.5884326]]]}},{"id":"836","type":"Feature","properties":{"category":"wetland"},"geometry":{"type":"Polygon","coordinates":[[[0.2753556,6.0719278],[0.2784723,6.0696367],[0.2787325,6.0683191],[0.2765009,6.0697474],[0.2753556,6.0719278]]]}},{"id":"837","type":"Feature","properties":{"category":"wetland"},"geometry":{"type":"Polygon","coordinates":[[[-0.2018738,5.5885514],[-0.201621,5.5883949],[-0.2013309,5.5879001],[-0.2018738,5.5885514]]]}},{"id":"838","type":"Feature","properties":{"category":"wetland"},"geometry":{"type":"Polygon","coordinates":[[[-0.2013526,5.587867],[-0.2011026,5.5876808],[-0.2008806,5.5872946],[-0.2013526,5.587867]]]}},{"id":"839","type":"Feature","properties":{"category":"water"},"geometry":{"type":"Polygon","coordinates":[[[-0.4883899,5.5990294],[-0.4876042,5.5979072],[-0.490383,5.596711],[-0.4910911,5.5955899],[-0.4921532,5.5958782],[-0.4942239,5.5941644],[-0.5000819,5.5923652],[-0.4883899,5.5990294]]]}},{"id":"840","type":"Feature","properties":{"category":"forest"},"geometry":{"type":"Polygon","coordinates":[[[-0.179944,5.6360188],[-0.1797267,5.6375403],[-0.1777811,5.6376318],[-0.1784514,5.6363231],[-0.179944,5.6360188]]]}},{"id":"841","type":"Feature","properties":{"category":"cemetery"},"geometry":{"type":"Polygon","coordinates":[[[-0.2828215,5.6941627],[-0.2818803,5.6943728],[-0.2822743,5.6937517],[-0.2828215,5.6941627]]]}},{"id":"842","type":"Feature","properties":{"category":"water"},"geometry":{"type":"Polygon","coordinates":[[[0.2149545,5.8530264],[0.2157147,5.8530061],[0.2155846,5.8522863],[0.2152147,5.852355],[0.2149545,5.8530264]]]}},{"id":"843","type":"Feature","properties":{"category":"water"},"geometry":{"type":"Polygon","coordinates":[[[0.2075799,5.8888818],[0.2075027,5.8907501],[0.2078198,5.8907663],[0.2083646,5.8900222],[0.2075799,5.8888818]]]}},{"id":"844","type":"Feature","properties":{"category":"forest"},"geometry":{"type":"Polygon","coordinates":[[[-0.2201478,5.5410572],[-0.2189905,5.5386759],[-0.2190896,5.5385103],[-0.2194046,5.5385949],[-0.2201478,5.5410572]]]}},{"id":"845","type":"Feature","properties":{"category":"forest"},"geometry":{"type":"Polygon","coordinates":[[[-0.2221343,5.5384508],[-0.2223945,5.5388554],[-0.2222969,5.5390699],[-0.2221343,5.5384508]]]}},{"id":"846","type":"Feature","properties":{"category":"forest"},"geometry":{"type":"Polygon","coordinates":[[[-0.2221231,5.5346579],[-0.2220453,5.5348234],[-0.2220116,5.5346068],[-0.2221231,5.5346579]]]}},{"id":"847","type":"Feature","properties":{"category":"forest"},"geometry":{"type":"Polygon","coordinates":[[[-0.2217163,5.5348962],[-0.2215889,5.534986],[-0.2216189,5.534875],[-0.2217163,5.5348962]]]}},{"id":"848","type":"Feature","properties":{"category":"forest"},"geometry":{"type":"Polygon","coordinates":[[[-0.2172901,5.5468555],[-0.2173987,5.5473296],[-0.2172411,5.5468287],[-0.2172901,5.5468555]]]}},{"id":"849","type":"Feature","properties":{"category":"forest"},"geometry":{"type":"Polygon","coordinates":[[[-0.2172652,5.5473449],[-0.2171257,5.5473531],[-0.2170921,5.5468775],[-0.2172652,5.5473449]]]}},{"id":"850","type":"Feature","properties":{"category":"forest"},"geometry":{"type":"Polygon","coordinates":[[[-0.2169965,5.5468758],[-0.2168744,5.5469797],[-0.216839,5.5468758],[-0.2169965,5.5468758]]]}},{"id":"851","type":"Feature","properties":{"category":"forest"},"geometry":{"type":"Polygon","coordinates":[[[-0.216793,5.5469445],[-0.2166904,5.5469057],[-0.2167753,5.5468705],[-0.216793,5.5469445]]]}},{"id":"852","type":"Feature","properties":{"category":"forest"},"geometry":{"type":"Polygon","coordinates":[[[-0.2171678,5.5466949],[-0.2170215,5.5468425],[-0.2169951,5.5467859],[-0.2171678,5.5466949]]]}},{"id":"853","type":"Feature","properties":{"category":"forest"},"geometry":{"type":"Polygon","coordinates":[[[-0.2211506,5.5560467],[-0.2221582,5.5545343],[-0.2219916,5.5543034],[-0.2222708,5.5545115],[-0.2211506,5.5560467]]]}},{"id":"854","type":"Feature","properties":{"category":"forest"},"geometry":{"type":"Polygon","coordinates":[[[-0.2190764,5.5580115],[-0.2185811,5.5574966],[-0.2183791,5.5571664],[-0.2184489,5.5571277],[-0.2190764,5.5580115]]]}},{"id":"855","type":"Feature","properties":{"category":"forest"},"geometry":{"type":"Polygon","coordinates":[[[-0.213901,5.5542813],[-0.2136774,5.5544513],[-0.2134599,5.5543703],[-0.213901,5.5542813]]]}},{"id":"856","type":"Feature","properties":{"category":"forest"},"geometry":{"type":"Polygon","coordinates":[[[-0.2090798,5.5554557],[-0.2089486,5.5554725],[-0.2089647,5.555375],[-0.2090798,5.5554557]]]}},{"id":"857","type":"Feature","properties":{"category":"forest"},"geometry":{"type":"Polygon","coordinates":[[[-0.2023233,5.5528452],[-0.2024396,5.5529881],[-0.2016096,5.5538686],[-0.2023233,5.5528452]]]}},{"id":"858","type":"Feature","properties":{"category":"forest"},"geometry":{"type":"Polygon","coordinates":[[[-0.2041903,5.5561622],[-0.2038832,5.5565224],[-0.2031912,5.5564637],[-0.2041903,5.5561622]]]}},{"id":"859","type":"Feature","properties":{"category":"forest"},"geometry":{"type":"Polygon","coordinates":[[[-0.2069641,5.5560263],[-0.2062157,5.5558982],[-0.205859,5.5559382],[-0.2063874,5.5558261],[-0.2069641,5.5560263]]]}},{"id":"860","type":"Feature","properties":{"category":"forest"},"geometry":{"type":"Polygon","coordinates":[[[-0.205045,5.5563092],[-0.204981,5.5566157],[-0.2048946,5.5565328],[-0.205045,5.5563092]]]}},{"id":"861","type":"Feature","properties":{"category":"forest"},"geometry":{"type":"Polygon","coordinates":[[[-0.2012308,5.555415],[-0.2008898,5.5552442],[-0.2009445,5.5551786],[-0.2012308,5.555415]]]}},{"id":"862","type":"Feature","properties":{"category":"forest"},"geometry":{"type":"Polygon","coordinates":[[[-0.2007657,5.555269],[-0.2004722,5.5555674],[-0.2007304,5.5552414],[-0.2007657,5.555269]]]}},{"id":"863","type":"Feature","properties":{"category":"forest"},"geometry":{"type":"Polygon","coordinates":[[[-0.2027982,5.5457163],[-0.2021502,5.5457208],[-0.2026855,5.5454741],[-0.2027982,5.5457163]]]}},{"id":"864","type":"Feature","properties":{"category":"forest"},"geometry":{"type":"Polygon","coordinates":[[[-0.2058174,5.5466722],[-0.2055043,5.5465493],[-0.2055603,5.5464765],[-0.2058174,5.5466722]]]}},{"id":"865","type":"Feature","properties":{"category":"forest"},"geometry":{"type":"Polygon","coordinates":[[[0.043066,5.8829285],[0.0425724,5.883889],[0.0435166,5.8922347],[0.0459627,5.8966102],[0.0488166,5.8970585],[0.0512413,5.8996198],[0.0514344,5.9030775],[0.0549321,5.9104838],[0.0563483,5.9108893],[0.0553183,5.9058522],[0.0564341,5.9050838],[0.0591807,5.9092885],[0.0576357,5.9108466],[0.0577859,5.9135572],[0.0611333,5.920067],[0.0627856,5.9198108],[0.0637726,5.9186796],[0.0653605,5.9194907],[0.0656358,5.9211548],[0.0622323,5.9241806],[0.0650829,5.9230794],[0.0656622,5.9235956],[0.0669492,5.9218587],[0.0663705,5.9195156],[0.0676769,5.9170952],[0.0702957,5.9218811],[0.0712321,5.9211379],[0.072384,5.9217466],[0.071748,5.9205443],[0.0745444,5.9204725],[0.0755529,5.9175911],[0.0743942,5.914475],[0.0742869,5.91106],[0.0703172,5.905468],[0.0687615,5.9053186],[0.068205,5.9074948],[0.0665252,5.909192],[0.0643121,5.9081197],[0.0631878,5.905846],[0.0648531,5.9040845],[0.0682787,5.904785],[0.0707464,5.9032696],[0.0709609,5.9018822],[0.0684933,5.8958419],[0.0681929,5.8892892],[0.0649957,5.8837823],[0.0620775,5.8806233],[0.0594811,5.880111],[0.0496749,5.8814984],[0.0476579,5.8830992],[0.0461129,5.8812423],[0.0457696,5.8790437],[0.044053,5.8792358],[0.0424866,5.8823095],[0.043066,5.8829285]],[[0.0567819,5.885088],[0.05852,5.8851094],[0.0598933,5.8861766],[0.060301,5.8882043],[0.0591208,5.8910432],[0.0565459,5.8912993],[0.0567819,5.885088]],[[0.061567,5.8818864],[0.0636913,5.8886099],[0.0626398,5.8890795],[0.0626398,5.8922384],[0.0614811,5.890168],[0.0621463,5.8886312],[0.0602366,5.8843196],[0.0602366,5.8819504],[0.061567,5.8818864]]]}},{"id":"866","type":"Feature","properties":{"category":"forest"},"geometry":{"type":"Polygon","coordinates":[[[0.0710137,5.931305],[0.0705324,5.933044],[0.0712756,5.9333749],[0.0710137,5.931305]]]}},{"id":"867","type":"Feature","properties":{"category":"forest"},"geometry":{"type":"Polygon","coordinates":[[[0.0683806,5.9305798],[0.0694707,5.9308755],[0.0694636,5.9297138],[0.0686566,5.9298969],[0.0683806,5.9305798]]]}},{"id":"868","type":"Feature","properties":{"category":"forest"},"geometry":{"type":"Polygon","coordinates":[[[0.068239,5.9332059],[0.0688761,5.9319668],[0.0677294,5.9313543],[0.0676444,5.9328046],[0.068239,5.9332059]]]}},{"id":"869","type":"Feature","properties":{"category":"forest"},"geometry":{"type":"Polygon","coordinates":[[[0.0689551,5.9287124],[0.0701875,5.9284129],[0.0715955,5.9304415],[0.0717256,5.9320428],[0.0724892,5.9322647],[0.0748148,5.9305725],[0.0752219,5.9288079],[0.0780027,5.9283711],[0.0782643,5.9269947],[0.0733469,5.9224465],[0.0731511,5.9235254],[0.0721373,5.923613],[0.0708384,5.9215368],[0.0703709,5.9232421],[0.0713054,5.9242128],[0.0689551,5.9287124]],[[0.0718484,5.9308139],[0.0722882,5.9306858],[0.0723365,5.9309153],[0.0718484,5.9308139]]]}},{"id":"870","type":"Feature","properties":{"category":"forest"},"geometry":{"type":"Polygon","coordinates":[[[0.0681318,5.9231501],[0.0694751,5.9230765],[0.0691855,5.9225862],[0.0681318,5.9231501]]]}},{"id":"871","type":"Feature","properties":{"category":"forest"},"geometry":{"type":"Polygon","coordinates":[[[0.0659158,5.9285678],[0.0672354,5.9292934],[0.0660231,5.928237],[0.0659158,5.9285678]]]}},{"id":"872","type":"Feature","properties":{"category":"forest"},"geometry":{"type":"Polygon","coordinates":[[[-0.1845065,5.7356331],[-0.183101,5.7365231],[-0.1829803,5.7356157],[-0.1823393,5.7356451],[-0.182991,5.7348431],[-0.1845065,5.7356331]]]}},{"id":"873","type":"Feature","properties":{"category":"industrial"},"geometry":{"type":"Polygon","coordinates":[[[-0.1802632,5.6442694],[-0.1790053,5.644176],[-0.1786539,5.6422168],[-0.1795498,5.6420967],[-0.1802632,5.6442694]]]}},{"id":"874","type":"Feature","properties":{"category":"industrial"},"geometry":{"type":"Polygon","coordinates":[[[0.0110384,5.6910048],[0.0119303,5.6889072],[0.0090628,5.6876997],[0.0081708,5.6897974],[0.0110384,5.6910048]]]}},{"id":"875","type":"Feature","properties":{"category":"industrial"},"geometry":{"type":"Polygon","coordinates":[[[0.0073193,5.6516777],[0.0090578,5.6495864],[0.0076926,5.6494877],[0.0061802,5.6507385],[0.0073193,5.6516777]]]}},{"id":"876","type":"Feature","properties":{"category":"industrial"},"geometry":{"type":"Polygon","coordinates":[[[0.0055361,5.6449047],[0.0045651,5.6408902],[0.0044444,5.6409009],[0.0039858,5.6444242],[0.0055361,5.6449047]]]}},{"id":"877","type":"Feature","properties":{"category":"water"},"geometry":{"type":"Polygon","coordinates":[[[0.0025325,5.668462],[0.0029906,5.6681027],[0.0027201,5.6679951],[0.0025325,5.668462]]]}},{"id":"878","type":"Feature","properties":{"category":"industrial"},"geometry":{"type":"Polygon","coordinates":[[[-0.0138017,5.6849912],[-0.006103,5.6915532],[0.0149582,5.71594],[0.0221263,5.7101204],[0.0363446,5.7016642],[0.0356914,5.7000699],[0.034556,5.7001314],[0.0311687,5.6962292],[0.032987,5.6948763],[0.0328824,5.6927238],[0.0438483,5.6971128],[0.0515545,5.6925181],[0.0494388,5.6884747],[0.0485508,5.6843163],[0.0491302,5.6821918],[0.0484633,5.6819937],[0.0495458,5.6789889],[0.0511529,5.6774556],[0.0504879,5.6773101],[0.0498642,5.6783892],[0.0464854,5.6763386],[0.0441196,5.6735415],[0.043197,5.670819],[0.0425318,5.6717853],[0.0420731,5.6711981],[0.0410887,5.6716386],[0.0355499,5.6694994],[0.0350148,5.6684304],[0.0292532,5.6661611],[0.023756,5.6612867],[0.0189589,5.6595853],[0.0184653,5.6575113],[0.0128406,5.6499592],[0.0096179,5.651614],[0.0039586,5.6644341],[-0.0044407,5.661286],[-0.0102756,5.6746904],[-0.0138017,5.6849912]]]}},{"id":"879","type":"Feature","properties":{"category":"water"},"geometry":{"type":"Polygon","coordinates":[[[0.0176023,5.6853806],[0.0178276,5.6847935],[0.0167948,5.6844011],[0.0166052,5.6849923],[0.0176023,5.6853806]]]}},{"id":"880","type":"Feature","properties":{"category":"water"},"geometry":{"type":"Polygon","coordinates":[[[0.0154686,5.6845572],[0.0164315,5.6849282],[0.0167036,5.6843571],[0.0156147,5.6839247],[0.0154686,5.6845572]]]}},{"id":"881","type":"Feature","properties":{"category":"water"},"geometry":{"type":"Polygon","coordinates":[[[0.0179359,5.684719],[0.0183841,5.6835629],[0.016132,5.682698],[0.0156836,5.683854],[0.0179359,5.684719]]]}},{"id":"882","type":"Feature","properties":{"category":"forest"},"geometry":{"type":"Polygon","coordinates":[[[0.6616942,5.7795538],[0.6617131,5.7801353],[0.6619471,5.7801723],[0.6616942,5.7795538]]]}},{"id":"883","type":"Feature","properties":{"category":"industrial"},"geometry":{"type":"Polygon","coordinates":[[[0.0080466,5.7363496],[0.0137275,5.7349031],[0.01288,5.7323731],[0.0085133,5.7306437],[0.0082612,5.7313003],[0.0065875,5.7306384],[0.0080466,5.7363496]]]}},{"id":"884","type":"Feature","properties":{"category":"industrial"},"geometry":{"type":"Polygon","coordinates":[[[0.0400735,5.6809031],[0.0420852,5.6784689],[0.0398777,5.6762283],[0.0380498,5.6783408],[0.0400735,5.6809031]]]}},{"id":"885","type":"Feature","properties":{"category":"cemetery"},"geometry":{"type":"Polygon","coordinates":[[[-0.1009168,5.5921175],[-0.1001497,5.591649],[-0.1008041,5.5915769],[-0.1009168,5.5921175]]]}},{"id":"886","type":"Feature","properties":{"category":"cemetery"},"geometry":{"type":"Polygon","coordinates":[[[0.0125554,5.9806832],[0.013753,5.9805858],[0.013513,5.980147],[0.0125554,5.9806832]]]}},{"id":"887","type":"Feature","properties":{"category":"forest"},"geometry":{"type":"Polygon","coordinates":[[[0.0744674,5.9458427],[0.0749544,5.9461983],[0.0745244,5.9455542],[0.0744674,5.9458427]]]}},{"id":"888","type":"Feature","properties":{"category":"forest"},"geometry":{"type":"Polygon","coordinates":[[[0.0745451,5.9449461],[0.0750736,5.9457809],[0.0764932,5.9454202],[0.0752498,5.9439],[0.0745451,5.9449461]]]}},{"id":"889","type":"Feature","properties":{"category":"water"},"geometry":{"type":"Polygon","coordinates":[[[0.0522233,5.8744414],[0.0527272,5.8746516],[0.0528117,5.8740405],[0.0522233,5.8744414]]]}},{"id":"890","type":"Feature","properties":{"category":"landfill"},"geometry":{"type":"Polygon","coordinates":[[[-0.4248633,5.7674187],[-0.4228556,5.7685128],[-0.4188162,5.7636973],[-0.4249518,5.7631208],[-0.4248633,5.7674187]]]}},{"id":"891","type":"Feature","properties":{"category":"water"},"geometry":{"type":"Polygon","coordinates":[[[-0.1669769,5.5519807],[-0.1672173,5.5522239],[-0.167274,5.5526788],[-0.1669769,5.5519807]]]}},{"id":"892","type":"Feature","properties":{"category":"water"},"geometry":{"type":"Polygon","coordinates":[[[-0.2219917,5.542164],[-0.2203254,5.5409293],[-0.2198479,5.5401818],[-0.2186755,5.5359323],[-0.2190892,5.5324844],[-0.2207297,5.5311435],[-0.221451,5.5315858],[-0.2202744,5.5338613],[-0.2200672,5.53744],[-0.2222532,5.5406063],[-0.2219917,5.542164]],[[-0.2215447,5.541272],[-0.2205684,5.5385356],[-0.2197342,5.5377987],[-0.2203189,5.540666],[-0.2215447,5.541272]]]}},{"id":"893","type":"Feature","properties":{"category":"wetland"},"geometry":{"type":"Polygon","coordinates":[[[-0.3802621,5.625913],[-0.380014,5.6266123],[-0.3799523,5.6266097],[-0.3797512,5.626296],[-0.3802621,5.625913]]]}},{"id":"894","type":"Feature","properties":{"category":"wetland"},"geometry":{"type":"Polygon","coordinates":[[[-0.3760926,5.636514],[-0.3759693,5.6370318],[-0.3756863,5.6370665],[-0.3760926,5.636514]]]}},{"id":"895","type":"Feature","properties":{"category":"wetland"},"geometry":{"type":"Polygon","coordinates":[[[-0.0368093,5.8355848],[-0.036586,5.8358863],[-0.0363553,5.8355167],[-0.0368093,5.8355848]]]}},{"id":"896","type":"Feature","properties":{"category":"wetland"},"geometry":{"type":"Polygon","coordinates":[[[0.0151236,5.8886082],[0.0152537,5.888799],[0.0153181,5.8887096],[0.0151236,5.8886082]]]}},{"id":"897","type":"Feature","properties":{"category":"wetland"},"geometry":{"type":"Polygon","coordinates":[[[0.0148326,5.8886309],[0.0150271,5.8885989],[0.0149144,5.8885108],[0.0148326,5.8886309]]]}},{"id":"898","type":"Feature","properties":{"category":"wetland"},"geometry":{"type":"Polygon","coordinates":[[[0.0146864,5.8885615],[0.0148728,5.8885042],[0.0147977,5.8884348],[0.0146864,5.8885615]]]}},{"id":"899","type":"Feature","properties":{"category":"wetland"},"geometry":{"type":"Polygon","coordinates":[[[0.0140521,5.8871902],[0.0144061,5.8876864],[0.0141352,5.8868753],[0.0140521,5.8871902]]]}},{"id":"900","type":"Feature","properties":{"category":"wetland"},"geometry":{"type":"Polygon","coordinates":[[[0.013454,5.887561],[0.0139099,5.8877584],[0.0138509,5.8874703],[0.013454,5.887561]]]}},{"id":"901","type":"Feature","properties":{"category":"wetland"},"geometry":{"type":"Polygon","coordinates":[[[0.0898299,5.9684827],[0.0904602,5.9692643],[0.090782,5.9695791],[0.0898299,5.9684827]]]}},{"id":"902","type":"Feature","properties":{"category":"wetland"},"geometry":{"type":"Polygon","coordinates":[[[0.1105499,5.9992588],[0.111891,5.9999736],[0.1123845,5.9994722],[0.1113868,5.9983305],[0.1106357,5.9982878],[0.1105499,5.9992588]]]}},{"id":"903","type":"Feature","properties":{"category":"wetland"},"geometry":{"type":"Polygon","coordinates":[[[0.108726,5.9920511],[0.1103675,5.9924352],[0.1110113,5.9921578],[0.1091605,5.9914802],[0.108726,5.9920511]]]}},{"id":"904","type":"Feature","properties":{"category":"water"},"geometry":{"type":"Polygon","coordinates":[[[-0.1861507,5.7448149],[-0.1852495,5.7453807],[-0.1848605,5.7448256],[-0.1856142,5.7443025],[-0.1861507,5.7448149]]]}},{"id":"905","type":"Feature","properties":{"category":"forest"},"geometry":{"type":"Polygon","coordinates":[[[-0.2190977,5.5609441],[-0.2182163,5.5612319],[-0.2182542,5.5608592],[-0.2190977,5.5609441]]]}},{"id":"906","type":"Feature","properties":{"category":"industrial"},"geometry":{"type":"Polygon","coordinates":[[[-0.2196051,5.5599673],[-0.2193185,5.5602317],[-0.2193374,5.559959],[-0.2196051,5.5599673]]]}},{"id":"907","type":"Feature","properties":{"category":"forest"},"geometry":{"type":"Polygon","coordinates":[[[-0.2099056,5.5426479],[-0.2097528,5.5427452],[-0.2097343,5.5427097],[-0.2099056,5.5426479]]]}},{"id":"908","type":"Feature","properties":{"category":"cemetery"},"geometry":{"type":"Polygon","coordinates":[[[-0.326115,5.7569842],[-0.3253292,5.7566353],[-0.3255927,5.7564625],[-0.326115,5.7569842]]]}},{"id":"909","type":"Feature","properties":{"category":"industrial"},"geometry":{"type":"Polygon","coordinates":[[[-0.2305305,5.552878],[-0.2297138,5.5514084],[-0.225319,5.5486106],[-0.225614,5.5434702],[-0.2222284,5.5416161],[-0.2221064,5.5402632],[-0.2201155,5.537659],[-0.221624,5.5375304],[-0.2223086,5.5395609],[-0.2257893,5.5420612],[-0.2305305,5.552878]]]}},{"id":"910","type":"Feature","properties":{"category":"industrial"},"geometry":{"type":"Polygon","coordinates":[[[0.0270823,5.8625234],[0.0305477,5.862454],[0.0308025,5.8597271],[0.0273532,5.8597485],[0.0270823,5.8625234]]]}},{"id":"911","type":"Feature","properties":{"category":"water"},"geometry":{"type":"Polygon","coordinates":[[[0.011037,5.7290528],[0.0110722,5.7290598],[0.0110782,5.7289814],[0.011037,5.7290528]]]}},{"id":"912","type":"Feature","properties":{"category":"forest"},"geometry":{"type":"Polygon","coordinates":[[[-0.0104593,5.7381377],[-0.0072812,5.738196],[-0.0072514,5.7353175],[-0.0075585,5.7378021],[-0.0098189,5.7377454],[-0.0102004,5.736782],[-0.0104593,5.7381377]]]}},{"id":"913","type":"Feature","properties":{"category":"water"},"geometry":{"type":"MultiPolygon","coordinates":[[[[0.33625913160593124,6.047654753376915],[0.3283032,6.0509772],[0.317988,6.052967],[0.3178436,6.0540445],[0.3158773,6.0548384],[0.3082851,6.0535334],[0.3010219,6.0548261],[0.2949599,6.0577663],[0.2900128,6.063176],[0.288979,6.066215],[0.288166,6.074452],[0.2848291,6.0807347],[0.2719063,6.0917551],[0.2647153,6.0948729],[0.2641091,6.0956757],[0.2648011,6.0963024],[0.2638516,6.0960277],[0.2557325,6.099344],[0.2386642,6.1038267],[0.2353636,6.1038547],[0.2210381,6.1001655],[0.2139194,6.0996174],[0.2024418,6.0971488],[0.1964533,6.0953861],[0.1939815,6.0933771],[0.1879148,6.0907507],[0.182212,6.091806],[0.1680849,6.0957933],[0.14434609246438745,6.105921553864551],[0.1445844,6.1076145],[0.1675952,6.0992988],[0.175485,6.0938309],[0.182961,6.0925516],[0.1938451,6.0947982],[0.1981356,6.0969093],[0.2106575,6.1000268],[0.2360307,6.1054464],[0.2485472,6.1036398],[0.2641912,6.1046345],[0.2712549,6.1006312],[0.2831494,6.0905311],[0.2887633,6.0778912],[0.2910527,6.0667443],[0.2942706,6.0614019],[0.3375998,6.0514202],[0.33625913160593124,6.047654753376915]],[[0.255222,6.102484],[0.2573909,6.0998299],[0.2674792,6.0970469],[0.2723844,6.0943385],[0.2750944,6.0922666],[0.280004,6.086],[0.2859749,6.0832147],[0.2799333,6.0923766],[0.2677486,6.1021957],[0.2601708,6.1025698],[0.2587961,6.1034623],[0.255222,6.102484]]],[[[0.6653675,5.769727],[0.6659028,5.7730967],[0.6637582,5.7717392],[0.6598778,5.7718233],[0.6619236,5.7722456],[0.6593446,5.7739181],[0.658292,5.773492],[0.6593326,5.7728053],[0.6585668,5.7722182],[0.6576253,5.7736806],[0.6561153,5.7741236],[0.6553884,5.7737606],[0.6563969,5.7726385],[0.6552677,5.7724397],[0.6534424,5.7730241],[0.6541103,5.7731709],[0.6536838,5.7737313],[0.6551363,5.7737254],[0.6547916,5.7742757],[0.646002,5.7777475],[0.6402873,5.7833516],[0.6393699,5.783073],[0.6393313,5.7839901],[0.6356594,5.7853876],[0.6267384,5.7914946],[0.618566,5.801406],[0.6169054,5.8052533],[0.6167015,5.807799],[0.6174727,5.8092826],[0.6157333,5.8092079],[0.6172809,5.8100885],[0.6178924,5.8218268],[0.620182,5.8246292],[0.620639,5.8270434],[0.6239623,5.8318518],[0.6206363,5.8335755],[0.620096,5.8349],[0.6202474,5.8404784],[0.6185818,5.8429066],[0.6201965,5.8455508],[0.6191826,5.8477655],[0.6191021,5.8523041],[0.6201294,5.8551191],[0.6229833,5.8582489],[0.624742,5.861711],[0.6280848,5.8636493],[0.6296566,5.8624033],[0.6307189,5.8628687],[0.6317309,5.8660476],[0.6300241,5.8680732],[0.6282377,5.868348],[0.6240668,5.8661529],[0.6163797,5.8646339],[0.6135687,5.8659146],[0.6125039,5.8680758],[0.6126487,5.8737536],[0.6151648,5.875123],[0.6190371,5.8745516],[0.6192094,5.8756907],[0.6173614,5.8765018],[0.6131578,5.8755328],[0.6111873,5.8759737],[0.6096234,5.8777841],[0.610503,5.8815765],[0.6099853,5.8833748],[0.6047126,5.8853176],[0.60343,5.8880066],[0.6055623,5.8911762],[0.6114954,5.894602],[0.6115034,5.8958373],[0.608242,5.90028],[0.6070375,5.9007411],[0.60015,5.897798],[0.6004554,5.895301],[0.5970624,5.8989295],[0.5935353,5.8998686],[0.5878222,5.9038226],[0.586223,5.905981],[0.5842012,5.9065786],[0.5821761,5.9114903],[0.5809182,5.9125362],[0.5814385,5.9133392],[0.5800455,5.9134832],[0.579753,5.91484],[0.5788314,5.9138915],[0.57769,5.915861],[0.5767983,5.9158818],[0.5773562,5.9178507],[0.5761063,5.918539],[0.577934,5.918954],[0.5771577,5.9201024],[0.578692,5.9206306],[0.5779678,5.9217191],[0.575735,5.921778],[0.5764925,5.924243],[0.5716002,5.9248779],[0.5714232,5.9258437],[0.5745935,5.9282608],[0.5760366,5.9315743],[0.5757362,5.9323213],[0.573761,5.931943],[0.5755484,5.9329402],[0.5769539,5.9326734],[0.5776834,5.9306779],[0.5815565,5.9280847],[0.5844533,5.9238161],[0.5883694,5.9201664],[0.5891955,5.9186084],[0.5882299,5.9151828],[0.5898714,5.9103591],[0.5973709,5.9070295],[0.6026173,5.9002635],[0.6065762,5.9014161],[0.6080675,5.9010105],[0.6111467,5.8971153],[0.6120586,5.8941057],[0.6052887,5.8899222],[0.6039798,5.8872755],[0.6043661,5.8861976],[0.6100094,5.8840098],[0.6108677,5.8821742],[0.6105137,5.8776384],[0.6111359,5.8765818],[0.6126273,5.8759949],[0.6172621,5.8770621],[0.6193221,5.8762083],[0.6194401,5.8743193],[0.6143261,5.8744331],[0.6128418,5.8725583],[0.6131208,5.869015],[0.6145692,5.8655998],[0.6158218,5.8649968],[0.6183135,5.8655357],[0.6224978,5.8690684],[0.6250727,5.8692605],[0.6293964,5.8687482],[0.6310916,5.8678944],[0.6323469,5.866016],[0.6312203,5.8626861],[0.6299543,5.8620671],[0.6277871,5.8626328],[0.6259417,5.8620671],[0.6200731,5.8516825],[0.6197297,5.8493878],[0.6214356,5.8428986],[0.6208933,5.8343205],[0.6224086,5.8333843],[0.6302051667636601,5.834107370419289],[0.6275119,5.8303048],[0.6261104,5.8219278],[0.6230312,5.8169392],[0.6235127,5.8160088],[0.6247774,5.8162565],[0.6251923,5.8156092],[0.631863,5.7920061],[0.635835,5.7891468],[0.6451248,5.7857181],[0.6513504,5.7821277],[0.6545157,5.782348],[0.65456,5.7844382],[0.6506088,5.7891807],[0.6475652,5.794941],[0.6414505,5.8013493],[0.6399224,5.8070831],[0.637172,5.811272],[0.6377451,5.8121369],[0.6373545,5.8152173],[0.6385763,5.8156708],[0.6389626,5.8174426],[0.6388445,5.8212317],[0.636605,5.823893],[0.6349464,5.8286277],[0.630632408354884,5.834138214358244],[0.6362754,5.8345456],[0.6429206,5.8217468],[0.6520557,5.8164287],[0.6568608,5.8108162],[0.6716251,5.7875238],[0.6712389,5.7841721],[0.6694793,5.7814822],[0.6696612,5.7769184],[0.6722593,5.7742763],[0.6653675,5.769727]],[[0.5838901,5.9086596],[0.5841261,5.908102],[0.5843702,5.9085609],[0.5838901,5.9086596]],[[0.61791,5.804236],[0.6196869,5.8002909],[0.6229685,5.7988475],[0.622543,5.803483],[0.621241,5.807342],[0.621727,5.814041],[0.6202958,5.8227281],[0.61874,5.8212104],[0.6181256,5.8183233],[0.61791,5.804236]],[[0.6217896,5.8073924],[0.6232653,5.8041402],[0.6263195,5.8044561],[0.6263662,5.8057198],[0.623396,5.8076619],[0.6226208,5.8103659],[0.6217896,5.8073924]],[[0.6226632,5.8186133],[0.6257598,5.8225056],[0.6262173,5.8264604],[0.6224118,5.8204828],[0.6226632,5.8186133]],[[0.6230642,5.8039579],[0.623609,5.8025908],[0.623918,5.8033835],[0.6230642,5.8039579]],[[0.6248956,5.7974615],[0.6264634,5.7947499],[0.6273369,5.7949472],[0.6267568,5.7974697],[0.6255568,5.7984898],[0.6248956,5.7974615]],[[0.6395153,5.8108676],[0.6410564,5.8081358],[0.6428497,5.8082845],[0.6446523,5.8067606],[0.6463522,5.8071787],[0.6430085,5.8129862],[0.6411965,5.817818],[0.6395246,5.8135252],[0.6395153,5.8108676]],[[0.6411532,5.8075408],[0.6424192,5.8034741],[0.64464,5.8004214],[0.6443825,5.8062493],[0.6430092,5.807829],[0.6411532,5.8075408]],[[0.6435436,5.8154114],[0.6441974,5.8117968],[0.6467273,5.8100988],[0.6466623,5.8116196],[0.6435436,5.8154114]],[[0.6469956,5.8032494],[0.6477895,5.8029505],[0.6500962,5.8061313],[0.6510082,5.8106143],[0.6482723,5.8130372],[0.6476715,5.8124075],[0.6480899,5.8078285],[0.6469956,5.8032494]],[[0.6489621,5.8013702],[0.6555459,5.7911066],[0.6597301,5.7893239],[0.6630231,5.7857122],[0.6641778,5.7864532],[0.6645368,5.7877813],[0.6610829,5.7943485],[0.6546117,5.8032977],[0.6530434,5.8039882],[0.649386,5.8034974],[0.6489621,5.8013702]],[[0.6492996,5.8149183],[0.6513614,5.8125225],[0.6521704,5.8080084],[0.6518338,5.8058704],[0.6528874,5.8044737],[0.6548261,5.8038968],[0.6552006,5.8066195],[0.6530665,5.8108166],[0.6533614,5.81199],[0.6524315,5.8123172],[0.6531451,5.8130276],[0.6503608,5.8154573],[0.6492996,5.8149183]],[[0.6500302,5.8040949],[0.652463,5.8045486],[0.6516047,5.806251],[0.6513821,5.8103925],[0.6500302,5.8040949]],[[0.6578673,5.7850051],[0.6600948,5.7799911],[0.6611806,5.7801132],[0.6611956,5.7786791],[0.662727,5.7783987],[0.6636401,5.7777876],[0.6647922,5.778192],[0.6647429,5.7804041],[0.6630568,5.780727],[0.661075,5.784838],[0.6582859,5.7856748],[0.6578673,5.7850051]],[[0.6625099,5.7782082],[0.6632254,5.7766591],[0.6638352,5.7771566],[0.6625099,5.7782082]]]]}},{"id":"914","type":"Feature","properties":{"category":"industrial"},"geometry":{"type":"Polygon","coordinates":[[[-0.0384696,5.6979072],[-0.038314,5.6986212],[-0.0380244,5.6983142],[-0.0384696,5.6979072]]]}},{"id":"915","type":"Feature","properties":{"category":"industrial"},"geometry":{"type":"Polygon","coordinates":[[[-0.0057117,5.6234946],[-0.002355,5.6266751],[-0.0004358,5.6302826],[0.0051257,5.6317147],[0.0076993,5.6354276],[0.0104658,5.6377972],[0.0123965,5.635515],[0.0105726,5.6357112],[0.0122738,5.6343299],[0.0048468,5.6250435],[0.0053148,5.6244235],[0.009782,5.6275439],[0.0107801,5.6266514],[0.0066313,5.6231925],[0.0024891,5.6250174],[-0.0011332,5.6248853],[-0.0057117,5.6234946]]]}},{"id":"916","type":"Feature","properties":{"category":"industrial"},"geometry":{"type":"Polygon","coordinates":[[[0.0138417,5.641556],[0.0139911,5.6445966],[0.0193046,5.6461847],[0.022081,5.6438092],[0.0182662,5.6422663],[0.0176481,5.6446216],[0.0162193,5.6443401],[0.017058,5.641184],[0.0158574,5.6395765],[0.0149521,5.6397572],[0.0162717,5.637126],[0.0170762,5.6374973],[0.0165713,5.6365087],[0.0190355,5.6326686],[0.0180879,5.6309725],[0.0138417,5.641556]]]}},{"id":"917","type":"Feature","properties":{"category":"industrial"},"geometry":{"type":"Polygon","coordinates":[[[0.0152257,5.8293182],[0.0176354,5.8287551],[0.0210315,5.8255535],[0.0221312,5.8234137],[0.0217754,5.8226576],[0.0173443,5.8220462],[0.0149832,5.8245882],[0.0152257,5.8293182]]]}},{"id":"918","type":"Feature","properties":{"category":"water"},"geometry":{"type":"Polygon","coordinates":[[[-0.0358222,5.7036655],[-0.036006,5.704258],[-0.0355808,5.7039778],[-0.0358222,5.7036655]]]}},{"id":"919","type":"Feature","properties":{"category":"industrial"},"geometry":{"type":"Polygon","coordinates":[[[0.1953543,5.8251669],[0.1973569,5.8225606],[0.2015655,5.8231309],[0.2014634,5.821141],[0.2024692,5.8210556],[0.2000928,5.8207915],[0.2000955,5.8189956],[0.1991084,5.8190143],[0.1957342,5.8223044],[0.1971397,5.8225019],[0.1953543,5.8251669]]]}},{"id":"920","type":"Feature","properties":{"category":"military"},"geometry":{"type":"Polygon","coordinates":[[[-0.1657854,5.5915548],[-0.1647542,5.5940544],[-0.1612003,5.5970758],[-0.1618858,5.6059428],[-0.157587,5.6140206],[-0.1549426,5.6156028],[-0.1515485,5.6127251],[-0.1453002,5.6100537],[-0.1459826,5.6053718],[-0.1477223,5.6055196],[-0.1450418,5.5984227],[-0.1442646,5.595212],[-0.1446797,5.5929871],[-0.1438817,5.5929764],[-0.1438643,5.5918639],[-0.1424585,5.5910237],[-0.1443431,5.5883809],[-0.1465707,5.5870909],[-0.1485781,5.5869907],[-0.1464045,5.5826355],[-0.1455138,5.5765754],[-0.1474075,5.5757215],[-0.1495761,5.5782923],[-0.148935,5.5788155],[-0.1493467,5.5817813],[-0.1506422,5.5815384],[-0.1504907,5.5809698],[-0.1532266,5.5813862],[-0.1540902,5.5803959],[-0.1549713,5.5805307],[-0.1532328,5.5776762],[-0.1556895,5.580554],[-0.1565501,5.5797078],[-0.1578639,5.5804327],[-0.1616474,5.587452],[-0.1630968,5.5883904],[-0.1651912,5.5882615],[-0.1657854,5.5915548]]]}},{"id":"921","type":"Feature","properties":{"category":"military"},"geometry":{"type":"Polygon","coordinates":[[[-0.1319586,5.5691718],[-0.1298129,5.5734017],[-0.1297499,5.5726028],[-0.1283611,5.5724754],[-0.1281755,5.5732948],[-0.1264192,5.5731801],[-0.1268779,5.5773032],[-0.1294253,5.57804],[-0.1294877,5.579659],[-0.1258432,5.5806941],[-0.1254932,5.5818454],[-0.1210736,5.583985],[-0.1182371,5.5804746],[-0.1193851,5.5792376],[-0.1154003,5.57642],[-0.1176658,5.573654],[-0.1149608,5.5725797],[-0.1180253,5.5707346],[-0.1203172,5.5717973],[-0.1213016,5.5714196],[-0.1207956,5.5697153],[-0.1311486,5.5669361],[-0.1319586,5.5691718]]]}},{"id":"922","type":"Feature","properties":{"category":"forest"},"geometry":{"type":"Polygon","coordinates":[[[0.310325,5.7839739],[0.3104135,5.7838951],[0.3102995,5.7838231],[0.310325,5.7839739]]]}},{"id":"923","type":"Feature","properties":{"category":"forest"},"geometry":{"type":"Polygon","coordinates":[[[0.3098905,5.7838725],[0.3100662,5.7842621],[0.3104618,5.784114],[0.3098905,5.7838725]]]}},{"id":"924","type":"Feature","properties":{"category":"forest"},"geometry":{"type":"Polygon","coordinates":[[[0.3101874,5.7837157],[0.3102083,5.7839899],[0.3102489,5.7837137],[0.3101874,5.7837157]]]}},{"id":"925","type":"Feature","properties":{"category":"forest"},"geometry":{"type":"Polygon","coordinates":[[[0.3098543,5.7836296],[0.3102781,5.7836176],[0.3103545,5.7834001],[0.3098543,5.7836296]]]}},{"id":"926","type":"Feature","properties":{"category":"forest"},"geometry":{"type":"Polygon","coordinates":[[[0.3093541,5.7837937],[0.3095217,5.7841647],[0.3096424,5.7838605],[0.3093541,5.7837937]]]}},{"id":"927","type":"Feature","properties":{"category":"forest"},"geometry":{"type":"Polygon","coordinates":[[[-0.2198124,5.5640943],[-0.2195174,5.5634536],[-0.2195388,5.5632481],[-0.2198821,5.5633468],[-0.2198124,5.5640943]]]}},{"id":"928","type":"Feature","properties":{"category":"forest"},"geometry":{"type":"Polygon","coordinates":[[[-0.2216497,5.5646736],[-0.2216698,5.564141],[-0.2222988,5.5642518],[-0.2216497,5.5646736]]]}},{"id":"929","type":"Feature","properties":{"category":"forest"},"geometry":{"type":"Polygon","coordinates":[[[-0.1641391,5.6508863],[-0.1639286,5.6516591],[-0.1635745,5.6518005],[-0.1632902,5.6510598],[-0.1641391,5.6508863]]]}},{"id":"930","type":"Feature","properties":{"category":"forest"},"geometry":{"type":"Polygon","coordinates":[[[-0.1643094,5.6518205],[-0.1636,5.6518779],[-0.164182,5.651651],[-0.1643094,5.6518205]]]}},{"id":"931","type":"Feature","properties":{"category":"forest"},"geometry":{"type":"Polygon","coordinates":[[[-0.1654829,5.6528468],[-0.1647386,5.6519033],[-0.1658571,5.6516631],[-0.1662138,5.6525666],[-0.1654829,5.6528468]]]}},{"id":"932","type":"Feature","properties":{"category":"forest"},"geometry":{"type":"Polygon","coordinates":[[[-0.1629844,5.6519006],[-0.1621288,5.6518179],[-0.1625311,5.6513881],[-0.1629844,5.6519006]]]}},{"id":"933","type":"Feature","properties":{"category":"forest"},"geometry":{"type":"Polygon","coordinates":[[[-0.1532802,5.681541],[-0.1527357,5.6809218],[-0.1528537,5.6807243],[-0.1533338,5.6807109],[-0.1532802,5.681541]]]}},{"id":"934","type":"Feature","properties":{"category":"forest"},"geometry":{"type":"Polygon","coordinates":[[[-0.176822,5.6496345],[-0.1751053,5.6490152],[-0.1760924,5.6476646],[-0.177294,5.6482518],[-0.176822,5.6496345]]]}},{"id":"935","type":"Feature","properties":{"category":"forest"},"geometry":{"type":"Polygon","coordinates":[[[-0.1721992,5.6496545],[-0.1719806,5.6486722],[-0.1732063,5.6487683],[-0.1732332,5.6490326],[-0.1721992,5.6496545]]]}},{"id":"936","type":"Feature","properties":{"category":"forest"},"geometry":{"type":"Polygon","coordinates":[[[-0.1747888,5.6523544],[-0.1745394,5.6527975],[-0.1745126,5.652365],[-0.1747888,5.6523544]]]}},{"id":"937","type":"Feature","properties":{"category":"forest"},"geometry":{"type":"Polygon","coordinates":[[[-0.1685742,5.6443175],[-0.1678607,5.6450168],[-0.1674771,5.6445203],[-0.1685742,5.6443175]]]}},{"id":"938","type":"Feature","properties":{"category":"forest"},"geometry":{"type":"Polygon","coordinates":[[[-0.1670802,5.6455907],[-0.1668146,5.6446911],[-0.1670158,5.6442694],[-0.1676568,5.6450034],[-0.1670802,5.6455907]]]}},{"id":"939","type":"Feature","properties":{"category":"forest"},"geometry":{"type":"Polygon","coordinates":[[[-0.1670708,5.6604779],[-0.1666222,5.6606067],[-0.1666222,5.6604779],[-0.1670708,5.6604779]]]}},{"id":"940","type":"Feature","properties":{"category":"forest"},"geometry":{"type":"Polygon","coordinates":[[[-0.1676683,5.6608627],[-0.1672014,5.660581],[-0.1676655,5.6605764],[-0.1676683,5.6608627]]]}},{"id":"941","type":"Feature","properties":{"category":"water"},"geometry":{"type":"MultiPolygon","coordinates":[[[[-0.5548169,5.3660589],[-0.5548049775605858,5.36588680114008],[-0.55496487154659,5.3660847566533425],[-0.5548169,5.3660589]]],[[[-0.5572652874644142,5.36692283593055],[-0.5573088,5.3669528],[-0.557315748283272,5.366982918623433],[-0.5572652874644142,5.36692283593055]]],[[[-0.5561786,5.370288],[-0.5571941,5.3687885],[-0.557448178658772,5.367599632307891],[-0.5574508,5.3683037],[-0.5571395,5.369092],[-0.5567127,5.3696844],[-0.5567617709353496,5.370274685595084],[-0.5561786,5.370288]]]]}},{"id":"942","type":"Feature","properties":{"category":"forest"},"geometry":{"type":"Polygon","coordinates":[[[0.5403217,5.7827649],[0.5407598,5.7831062],[0.5408693,5.7825582],[0.5403217,5.7827649]]]}},{"id":"943","type":"Feature","properties":{"category":"water"},"geometry":{"type":"Polygon","coordinates":[[[0.5412163,5.7832093],[0.5414144,5.7834064],[0.5414463,5.783168],[0.5412163,5.7832093]]]}},{"id":"944","type":"Feature","properties":{"category":"forest"},"geometry":{"type":"Polygon","coordinates":[[[0.5359143,5.7835472],[0.5367592,5.7835857],[0.5364212,5.7832398],[0.5359143,5.7835472]]]}},{"id":"945","type":"Feature","properties":{"category":"forest"},"geometry":{"type":"Polygon","coordinates":[[[0.536986,5.7834385],[0.5368919,5.7842287],[0.5371271,5.7834931],[0.536986,5.7834385]]]}},{"id":"946","type":"Feature","properties":{"category":"water"},"geometry":{"type":"Polygon","coordinates":[[[0.5344411,5.7858811],[0.5346717,5.7859779],[0.53464,5.7858032],[0.5344411,5.7858811]]]}},{"id":"947","type":"Feature","properties":{"category":"forest"},"geometry":{"type":"Polygon","coordinates":[[[0.6354617,5.7821282],[0.6352686,5.7832445],[0.6359853,5.7827183],[0.6354617,5.7821282]]]}},{"id":"948","type":"Feature","properties":{"category":"landfill"},"geometry":{"type":"Polygon","coordinates":[[[0.0286053,5.7055001],[0.0303278,5.7043658],[0.0303814,5.7034286],[0.0280698,5.7012751],[0.0261348,5.7026996],[0.0286053,5.7055001]]]}},{"id":"949","type":"Feature","properties":{"category":"water"},"geometry":{"type":"Polygon","coordinates":[[[0.0024743,5.7035468],[0.0026602,5.7037758],[0.0025277,5.7034801],[0.0024743,5.7035468]]]}},{"id":"950","type":"Feature","properties":{"category":"water"},"geometry":{"type":"Polygon","coordinates":[[[0.101822,5.8472185],[0.1026428,5.8476],[0.1030531,5.8455775],[0.1025596,5.8463406],[0.101822,5.8472185]]]}},{"id":"951","type":"Feature","properties":{"category":"military"},"geometry":{"type":"Polygon","coordinates":[[[-0.1790026,5.5882574],[-0.1768675,5.5878437],[-0.1769494,5.5867959],[-0.1792373,5.5871403],[-0.1790026,5.5882574]]]}},{"id":"952","type":"Feature","properties":{"category":"cemetery"},"geometry":{"type":"Polygon","coordinates":[[[-0.1475879,5.6108066],[-0.1458572,5.6102534],[-0.1466712,5.6085877],[-0.1482521,5.6091949],[-0.1475879,5.6108066]]]}},{"id":"953","type":"Feature","properties":{"category":"military"},"geometry":{"type":"Polygon","coordinates":[[[-0.0640135,5.6071216],[-0.0645895,5.6077166],[-0.064005,5.6077269],[-0.0640135,5.6071216]]]}},{"id":"954","type":"Feature","properties":{"category":"water"},"geometry":{"type":"Polygon","coordinates":[[[0.5539271,5.8916191],[0.5557296,5.8907093],[0.5559629,5.888895],[0.5556715,5.88895],[0.5539271,5.8916191]]]}},{"id":"955","type":"Feature","properties":{"category":"water"},"geometry":{"type":"Polygon","coordinates":[[[0.548898,5.9256676],[0.5522132,5.9300269],[0.5521917,5.9323106],[0.5490428,5.932476],[0.550046,5.9345116],[0.5535006,5.9320705],[0.5533504,5.9296748],[0.5542946,5.9270763],[0.5527201,5.924243],[0.5523044,5.925817],[0.5499333,5.9238268],[0.548898,5.9256676]]]}},{"id":"956","type":"Feature","properties":{"category":"water"},"geometry":{"type":"Polygon","coordinates":[[[0.5875606,5.884117],[0.5875734,5.8847942],[0.5879057,5.8844213],[0.5875606,5.884117]]]}},{"id":"957","type":"Feature","properties":{"category":"industrial"},"geometry":{"type":"Polygon","coordinates":[[[-0.1820751,5.6751213],[-0.1819725,5.6751987],[-0.1819818,5.6751066],[-0.1820751,5.6751213]]]}},{"id":"958","type":"Feature","properties":{"category":"cemetery"},"geometry":{"type":"Polygon","coordinates":[[[-0.2018146,5.694458],[-0.2007837,5.6938703],[-0.2015639,5.6936242],[-0.2018146,5.694458]]]}},{"id":"959","type":"Feature","properties":{"category":"military"},"geometry":{"type":"Polygon","coordinates":[[[-0.1709204,5.5936035],[-0.1670163,5.6025758],[-0.1669592,5.6051246],[-0.1656556,5.6045834],[-0.1648539,5.6064802],[-0.1624976,5.6048946],[-0.1614013,5.597158],[-0.163832,5.5951513],[-0.1644898,5.5957452],[-0.1707957,5.5924071],[-0.1709204,5.5936035]]]}},{"id":"960","type":"Feature","properties":{"category":"forest"},"geometry":{"type":"Polygon","coordinates":[[[-0.2137077,5.6228833],[-0.211696,5.6197896],[-0.2137574,5.6185023],[-0.2157155,5.6215589],[-0.2137077,5.6228833]]]}},{"id":"961","type":"Feature","properties":{"category":"industrial"},"geometry":{"type":"Polygon","coordinates":[[[0.3057433,5.8396971],[0.3063646,5.8403683],[0.3069112,5.8399149],[0.3064343,5.8394418],[0.3057433,5.8396971]]]}},{"id":"962","type":"Feature","properties":{"category":"water"},"geometry":{"type":"Polygon","coordinates":[[[0.2977981,5.8608524],[0.2998786,5.8624669],[0.3015344,5.8617463],[0.3017287,5.856425],[0.2994429,5.8561034],[0.2967018,5.8582195],[0.2977981,5.8608524]]]}},{"id":"963","type":"Feature","properties":{"category":"wetland"},"geometry":{"type":"Polygon","coordinates":[[[0.2991173,5.8455001],[0.3004825,5.8455882],[0.3007561,5.8473972],[0.3006542,5.8450065],[0.299879,5.8447076],[0.2991173,5.8455001]]]}},{"id":"964","type":"Feature","properties":{"category":"water"},"geometry":{"type":"Polygon","coordinates":[[[0.2841277,5.8634319],[0.286586,5.856568],[0.2861702,5.8559703],[0.2872136,5.8562771],[0.2877903,5.8546228],[0.2924191,5.8512903],[0.2861193,5.8553326],[0.2841277,5.8634319]]]}},{"id":"965","type":"Feature","properties":{"category":"landfill"},"geometry":{"type":"Polygon","coordinates":[[[0.308219,5.8574441],[0.3098402,5.8574062],[0.3116717,5.8561782],[0.3114271,5.8522076],[0.3061399,5.8525299],[0.308219,5.8574441]]]}},{"id":"966","type":"Feature","properties":{"category":"water"},"geometry":{"type":"Polygon","coordinates":[[[-0.1520875,5.6440126],[-0.1516178,5.643711],[-0.1516376,5.643684],[-0.1520875,5.6440126]]]}},{"id":"967","type":"Feature","properties":{"category":"water"},"geometry":{"type":"Polygon","coordinates":[[[-0.1916412,5.741476],[-0.191015,5.7416692],[-0.1907801,5.7409895],[-0.1911637,5.7406426],[-0.1916412,5.741476]]]}},{"id":"968","type":"Feature","properties":{"category":"industrial"},"geometry":{"type":"Polygon","coordinates":[[[-0.144394,5.7622335],[-0.1436712,5.7619266],[-0.1447052,5.7593247],[-0.1455125,5.7596903],[-0.144394,5.7622335]]]}},{"id":"969","type":"Feature","properties":{"category":"water"},"geometry":{"type":"Polygon","coordinates":[[[-0.348956,5.5058961],[-0.3489407,5.5059605],[-0.3489217,5.5059555],[-0.348956,5.5058961]]]}},{"id":"970","type":"Feature","properties":{"category":"forest"},"geometry":{"type":"Polygon","coordinates":[[[-0.1643078,5.6531658],[-0.1639554,5.6524953],[-0.1639438,5.6522448],[-0.1645479,5.652372],[-0.1643078,5.6531658]]]}},{"id":"971","type":"Feature","properties":{"category":"forest"},"geometry":{"type":"Polygon","coordinates":[[[-0.1924627,5.6532878],[-0.1905869,5.6525934],[-0.1907457,5.6519884],[-0.1923426,5.6521472],[-0.1924627,5.6532878]]]}},{"id":"972","type":"Feature","properties":{"category":"water"},"geometry":{"type":"Polygon","coordinates":[[[0.4793926,5.8785629],[0.4797077,5.878795],[0.479701,5.8786056],[0.4793926,5.8785629]]]}},{"id":"973","type":"Feature","properties":{"category":"industrial"},"geometry":{"type":"Polygon","coordinates":[[[0.1410802,5.8016348],[0.1493865,5.804878],[0.1412187,5.8013031],[0.1410802,5.8016348]]]}},{"id":"974","type":"Feature","properties":{"category":"industrial"},"geometry":{"type":"Polygon","coordinates":[[[0.1493865,5.804878],[0.1517072,5.8010165],[0.1490536,5.7999016],[0.1507013,5.7970998],[0.1441441,5.7942942],[0.1412187,5.8013031],[0.1493865,5.804878]]]}},{"id":"975","type":"Feature","properties":{"category":"water"},"geometry":{"type":"Polygon","coordinates":[[[-0.2698892,5.5237037],[-0.269153,5.5241762],[-0.2686349,5.523193],[-0.2695263,5.5227317],[-0.2698892,5.5237037]]]}},{"id":"976","type":"Feature","properties":{"category":"wetland"},"geometry":{"type":"Polygon","coordinates":[[[-0.1314396,5.6506981],[-0.131966,5.65049],[-0.1320177,5.6506808],[-0.1314396,5.6506981]]]}},{"id":"977","type":"Feature","properties":{"category":"cemetery"},"geometry":{"type":"Polygon","coordinates":[[[-0.2879701,5.6558275],[-0.2869326,5.6561738],[-0.286433,5.654815],[-0.2871676,5.6545429],[-0.2879701,5.6558275]]]}},{"id":"978","type":"Feature","properties":{"category":"cemetery"},"geometry":{"type":"Polygon","coordinates":[[[-0.2382169,5.6210065],[-0.2379835,5.6216424],[-0.2378044,5.621508],[-0.2382169,5.6210065]]]}},{"id":"979","type":"Feature","properties":{"category":"forest"},"geometry":{"type":"Polygon","coordinates":[[[-0.1809378,5.6482145],[-0.1806159,5.648731],[-0.1805864,5.6482091],[-0.1809378,5.6482145]]]}},{"id":"980","type":"Feature","properties":{"category":"forest"},"geometry":{"type":"Polygon","coordinates":[[[-0.0193764,5.725065],[-0.0178099,5.7227387],[-0.0170213,5.7221035],[-0.0195694,5.7221676],[-0.0208139,5.7250926],[-0.0193764,5.725065]]]}},{"id":"981","type":"Feature","properties":{"category":"forest"},"geometry":{"type":"Polygon","coordinates":[[[-0.0161496,5.7266806],[-0.012778,5.7264217],[-0.0127874,5.7241612],[-0.0142554,5.7173277],[-0.0158291,5.7172582],[-0.0136954,5.7228241],[-0.0141084,5.7248364],[-0.0161496,5.7266806]]]}},{"id":"982","type":"Feature","properties":{"category":"forest"},"geometry":{"type":"Polygon","coordinates":[[[-0.0178213,5.7274011],[-0.0177891,5.7322052],[-0.0154287,5.7322032],[-0.0154187,5.7300313],[-0.0167142,5.729773],[-0.0161228,5.7273638],[-0.0178213,5.7274011]]]}},{"id":"983","type":"Feature","properties":{"category":"forest"},"geometry":{"type":"Polygon","coordinates":[[[-0.0097927,5.7361855],[-0.0097458,5.7368934],[-0.0075176,5.7368981],[-0.0077979,5.7354803],[-0.0097927,5.7361855]]]}},{"id":"984","type":"Feature","properties":{"category":"forest"},"geometry":{"type":"Polygon","coordinates":[[[-0.0100476,5.7355023],[-0.0096137,5.7358732],[-0.0081251,5.735958],[-0.0100476,5.7355023]]]}},{"id":"985","type":"Feature","properties":{"category":"forest"},"geometry":{"type":"Polygon","coordinates":[[[-0.0097746,5.7376887],[-0.0075725,5.7377174],[-0.0074974,5.7369881],[-0.0097974,5.7369815],[-0.0097746,5.7376887]]]}},{"id":"986","type":"Feature","properties":{"category":"forest"},"geometry":{"type":"Polygon","coordinates":[[[-0.013466,5.7354936],[-0.0128327,5.7367766],[-0.013411,5.7354896],[-0.013466,5.7354936]]]}},{"id":"987","type":"Feature","properties":{"category":"forest"},"geometry":{"type":"Polygon","coordinates":[[[-0.0134512,5.7354109],[-0.0134352,5.7348484],[-0.007427,5.7354669],[-0.0038978,5.7347593],[-0.01174,5.7340972],[-0.0140065,5.7346723],[-0.0134512,5.7354109]]]}},{"id":"988","type":"Feature","properties":{"category":"forest"},"geometry":{"type":"Polygon","coordinates":[[[-0.0072259,5.7401019],[-0.0033676,5.7359842],[-0.0037153,5.7351809],[-0.006676,5.7372303],[-0.0072259,5.7401019]]]}},{"id":"989","type":"Feature","properties":{"category":"forest"},"geometry":{"type":"Polygon","coordinates":[[[-0.0128327,5.7367766],[-0.0104533,5.736887],[-0.0102004,5.736782],[-0.0128049,5.735505],[-0.0128327,5.7367766]]]}},{"id":"990","type":"Feature","properties":{"category":"forest"},"geometry":{"type":"Polygon","coordinates":[[[-0.0135861,5.7354896],[-0.0136156,5.7385727],[-0.0104593,5.7381377],[-0.0105625,5.736848],[-0.01282,5.7368767],[-0.0135861,5.7354896]]]}},{"id":"991","type":"Feature","properties":{"category":"water"},"geometry":{"type":"Polygon","coordinates":[[[-0.2081625,5.6572816],[-0.2081862,5.6573258],[-0.2081376,5.6573594],[-0.2081625,5.6572816]]]}},{"id":"992","type":"Feature","properties":{"category":"industrial"},"geometry":{"type":"Polygon","coordinates":[[[0.0231882,5.696757],[0.02579,5.6996235],[0.0273778,5.6980594],[0.024426,5.6951811],[0.0231882,5.696757]]]}},{"id":"993","type":"Feature","properties":{"category":"industrial"},"geometry":{"type":"Polygon","coordinates":[[[0.0235798,5.695999],[0.0277957,5.6928789],[0.0268757,5.6918647],[0.0254434,5.6931618],[0.0245824,5.6924706],[0.0222945,5.6944963],[0.0235798,5.695999]]]}},{"id":"994","type":"Feature","properties":{"category":"industrial"},"geometry":{"type":"Polygon","coordinates":[[[-0.2793467,5.5747414],[-0.2784421,5.5742364],[-0.2789184,5.5739733],[-0.2793467,5.5747414]]]}},{"id":"995","type":"Feature","properties":{"category":"industrial"},"geometry":{"type":"Polygon","coordinates":[[[-0.0959655,5.5995357],[-0.0955475,5.5984452],[-0.0961881,5.5981917],[-0.0966036,5.5992668],[-0.0959655,5.5995357]]]}},{"id":"996","type":"Feature","properties":{"category":"water"},"geometry":{"type":"Polygon","coordinates":[[[-0.0493312,5.6843568],[-0.0489074,5.6840619],[-0.0492668,5.6839925],[-0.0493312,5.6843568]]]}},{"id":"997","type":"Feature","properties":{"category":"forest"},"geometry":{"type":"Polygon","coordinates":[[[-0.2834317,5.6310941],[-0.2758572,5.631066],[-0.2752188,5.6296593],[-0.2762206,5.6285943],[-0.2748969,5.6273517],[-0.2748138,5.6237549],[-0.2796485,5.6254272],[-0.2796055,5.6244476],[-0.2813061,5.624876],[-0.2818586,5.6259757],[-0.2825868,5.6247105],[-0.2834317,5.6310941]],[[-0.2827598,5.6310126],[-0.2822073,5.6300023],[-0.282163,5.6310273],[-0.2827598,5.6310126]],[[-0.2820957,5.629713],[-0.2817015,5.6291935],[-0.2816791,5.6297845],[-0.2820957,5.629713]],[[-0.2816477,5.6304658],[-0.2809933,5.6310666],[-0.2816359,5.6310788],[-0.2816477,5.6304658]],[[-0.2814232,5.625633],[-0.2807859,5.6257452],[-0.2813901,5.6258405],[-0.2814232,5.625633]],[[-0.2807406,5.629654],[-0.2811822,5.6291855],[-0.2807531,5.6291745],[-0.2807406,5.629654]],[[-0.2799497,5.6296642],[-0.2795318,5.6291493],[-0.2795235,5.6296573],[-0.2799497,5.6296642]],[[-0.2793644,5.6301481],[-0.278607,5.6297627],[-0.2786226,5.6301758],[-0.2793644,5.6301481]],[[-0.2793374,5.6308256],[-0.2785229,5.630286],[-0.2785546,5.6308678],[-0.2793374,5.6308256]],[[-0.2783611,5.6301303],[-0.2781215,5.6297128],[-0.2781245,5.630132],[-0.2783611,5.6301303]],[[-0.27704,5.6292029],[-0.2760355,5.6291802],[-0.2758075,5.630017],[-0.2769756,5.6299142],[-0.27704,5.6292029]],[[-0.2768317,5.6300729],[-0.2759106,5.6301457],[-0.2759656,5.630834],[-0.2768866,5.6307612],[-0.2768317,5.6300729]]]}},{"id":"998","type":"Feature","properties":{"category":"forest"},"geometry":{"type":"Polygon","coordinates":[[[-0.1815309,5.7430361],[-0.1815183,5.743887],[-0.1809132,5.743359],[-0.1815309,5.7430361]]]}},{"id":"999","type":"Feature","properties":{"category":"water"},"geometry":{"type":"Polygon","coordinates":[[[-0.0795313,5.7711017],[-0.0792375,5.7720384],[-0.0784908,5.7720736],[-0.0787385,5.7712355],[-0.0795313,5.7711017]]]}},{"id":"1000","type":"Feature","properties":{"category":"industrial"},"geometry":{"type":"Polygon","coordinates":[[[-0.1175639,5.6745],[-0.1168893,5.6743639],[-0.1171938,5.6730641],[-0.1177195,5.6735365],[-0.1175639,5.6745]]]}},{"id":"1001","type":"Feature","properties":{"category":"military"},"geometry":{"type":"Polygon","coordinates":[[[-0.1869473,5.5838395],[-0.1857175,5.58314],[-0.1865301,5.5820325],[-0.187469,5.5828531],[-0.1869473,5.5838395]]]}},{"id":"1002","type":"Feature","properties":{"category":"forest"},"geometry":{"type":"Polygon","coordinates":[[[-0.2224503,5.5362367],[-0.2223136,5.5363021],[-0.2223605,5.5361499],[-0.2224503,5.5362367]]]}},{"id":"1003","type":"Feature","properties":{"category":"forest"},"geometry":{"type":"Polygon","coordinates":[[[-0.2978053,5.6561058],[-0.2943178,5.6559544],[-0.2912337,5.6505543],[-0.2979844,5.6506187],[-0.2978053,5.6561058]]]}},{"id":"1004","type":"Feature","properties":{"category":"cemetery"},"geometry":{"type":"Polygon","coordinates":[[[-0.3523108,5.7366252],[-0.3513446,5.736425],[-0.3520614,5.7359606],[-0.3523108,5.7366252]]]}},{"id":"1005","type":"Feature","properties":{"category":"forest"},"geometry":{"type":"Polygon","coordinates":[[[-0.2248741,5.5536104],[-0.2247923,5.553561],[-0.2248352,5.5535143],[-0.2248741,5.5536104]]]}},{"id":"1006","type":"Feature","properties":{"category":"forest"},"geometry":{"type":"Polygon","coordinates":[[[-0.2250634,5.5532829],[-0.2249911,5.5534409],[-0.2248871,5.5533328],[-0.2250634,5.5532829]]]}},{"id":"1007","type":"Feature","properties":{"category":"forest"},"geometry":{"type":"Polygon","coordinates":[[[-0.2248969,5.5533758],[-0.2248837,5.5534173],[-0.2248705,5.5533758],[-0.2248969,5.5533758]]]}},{"id":"1008","type":"Feature","properties":{"category":"military"},"geometry":{"type":"Polygon","coordinates":[[[0.0220734,5.6472711],[0.0226342,5.6477605],[0.0224792,5.6471663],[0.0220734,5.6472711]]]}},{"id":"1009","type":"Feature","properties":{"category":"water"},"geometry":{"type":"Polygon","coordinates":[[[0.0352856,5.7614104],[0.0358628,5.7618936],[0.0374431,5.7622022],[0.0403096,5.7620934],[0.0508995,5.7597804],[0.048723,5.7596699],[0.0405001,5.7619689],[0.0352856,5.7614104]]]}},{"id":"1010","type":"Feature","properties":{"category":"water"},"geometry":{"type":"Polygon","coordinates":[[[0.0494246,5.760531],[0.0498463,5.7605171],[0.0495148,5.7603858],[0.0494246,5.760531]]]}},{"id":"1011","type":"Feature","properties":{"category":"forest"},"geometry":{"type":"Polygon","coordinates":[[[-0.1717097,5.5906266],[-0.1719846,5.5888728],[-0.1722776,5.5889174],[-0.1723614,5.5893526],[-0.1717097,5.5906266]]]}},{"id":"1012","type":"Feature","properties":{"category":"forest"},"geometry":{"type":"Polygon","coordinates":[[[-0.1682429,5.5900166],[-0.1664472,5.5901234],[-0.1658923,5.5923156],[-0.1655264,5.5881947],[-0.1663559,5.5879004],[-0.1682429,5.5900166]]]}},{"id":"1013","type":"Feature","properties":{"category":"forest"},"geometry":{"type":"Polygon","coordinates":[[[-0.1707789,5.5883215],[-0.169582,5.5925773],[-0.168838,5.5925137],[-0.1680163,5.5884924],[-0.1707789,5.5883215]]]}},{"id":"1014","type":"Feature","properties":{"category":"cemetery"},"geometry":{"type":"Polygon","coordinates":[[[-0.1506409,5.5765938],[-0.1487104,5.5773286],[-0.1475906,5.5761934],[-0.1472774,5.5744275],[-0.1483181,5.5740377],[-0.1506409,5.5765938]]]}},{"id":"1015","type":"Feature","properties":{"category":"wetland"},"geometry":{"type":"Polygon","coordinates":[[[-0.5568919103227228,5.3758536014072185],[-0.5562899,5.3719251],[-0.5561786,5.370288],[-0.5567617709353496,5.370274685595084],[-0.5568919103227228,5.3758536014072185]]]}},{"id":"1016","type":"Feature","properties":{"category":"industrial"},"geometry":{"type":"Polygon","coordinates":[[[-0.3088148,5.6346463],[-0.3084614,5.6349388],[-0.308621,5.6345904],[-0.3088148,5.6346463]]]}},{"id":"1017","type":"Feature","properties":{"category":"industrial"},"geometry":{"type":"Polygon","coordinates":[[[-0.2107948,5.5346722],[-0.208759,5.535923],[-0.2094322,5.5350206],[-0.2091908,5.5344338],[-0.2082813,5.5348137],[-0.2091543,5.5343474],[-0.2085015,5.5328562],[-0.2105427,5.5329716],[-0.2107948,5.5346722]]]}},{"id":"1018","type":"Feature","properties":{"category":"forest"},"geometry":{"type":"Polygon","coordinates":[[[-0.2746837,5.6913042],[-0.2746481,5.6919508],[-0.2742954,5.6916899],[-0.2746837,5.6913042]]]}},{"id":"1019","type":"Feature","properties":{"category":"water"},"geometry":{"type":"Polygon","coordinates":[[[0.1572868,5.7786422],[0.159998,5.7790448],[0.1627116,5.7777752],[0.1572868,5.7786422]]]}},{"id":"1020","type":"Feature","properties":{"category":"water"},"geometry":{"type":"Polygon","coordinates":[[[0.2917358,5.8531538],[0.2919381,5.8535623],[0.2925177,5.8528138],[0.2917358,5.8531538]]]}},{"id":"1021","type":"Feature","properties":{"category":"water"},"geometry":{"type":"Polygon","coordinates":[[[0.2923313,5.8536009],[0.2939983,5.8524642],[0.293564,5.8510448],[0.2925139,5.8512658],[0.2923313,5.8536009]]]}},{"id":"1022","type":"Feature","properties":{"category":"water"},"geometry":{"type":"Polygon","coordinates":[[[0.2056798,5.7899228],[0.2065114,5.7905556],[0.2060789,5.7895723],[0.2056798,5.7899228]]]}},{"id":"1023","type":"Feature","properties":{"category":"water"},"geometry":{"type":"Polygon","coordinates":[[[0.4273456,5.7902386],[0.4308084,5.7904458],[0.4308503,5.7901995],[0.4290485,5.7898804],[0.4273456,5.7902386]]]}},{"id":"1024","type":"Feature","properties":{"category":"water"},"geometry":{"type":"Polygon","coordinates":[[[0.421608,5.7896943],[0.4245025,5.7913291],[0.4272415,5.7906639],[0.4265601,5.7897824],[0.421608,5.7896943]]]}},{"id":"1025","type":"Feature","properties":{"category":"wetland"},"geometry":{"type":"Polygon","coordinates":[[[0.4068131,5.7905099],[0.4089148,5.7912344],[0.408981,5.7904707],[0.4073511,5.790191],[0.4068131,5.7905099]]]}},{"id":"1026","type":"Feature","properties":{"category":"wetland"},"geometry":{"type":"Polygon","coordinates":[[[0.307734,5.7959166],[0.3096288,5.7981818],[0.312928,5.8003166],[0.3134483,5.804362],[0.3155807,5.8061499],[0.3170988,5.805907],[0.3171578,5.8071239],[0.3179705,5.8068036],[0.3176513,5.802841],[0.3154546,5.8002979],[0.3168735,5.7962899],[0.3142074,5.795999],[0.3137594,5.7949209],[0.3165597,5.7917481],[0.3142101,5.7905179],[0.3135449,5.7884685],[0.3120616,5.7882737],[0.31167,5.7873183],[0.3125712,5.7854397],[0.3117532,5.7848366],[0.3091708,5.7854813],[0.3100473,5.7884951],[0.307734,5.7959166]]]}},{"id":"1027","type":"Feature","properties":{"category":"wetland"},"geometry":{"type":"Polygon","coordinates":[[[0.2540546,5.77856],[0.255518,5.7781225],[0.2574768,5.7759515],[0.2540546,5.77856]]]}},{"id":"1028","type":"Feature","properties":{"category":"water"},"geometry":{"type":"Polygon","coordinates":[[[0.3594965,5.7972345],[0.3604326,5.796981],[0.360226,5.7961911],[0.3594787,5.7962142],[0.3594965,5.7972345]]]}},{"id":"1029","type":"Feature","properties":{"category":"water"},"geometry":{"type":"Polygon","coordinates":[[[0.2936831,5.8510301],[0.2941233,5.8523406],[0.2951623,5.8518545],[0.2979948,5.8491156],[0.2984682,5.8469316],[0.2994096,5.8463353],[0.2990529,5.8450385],[0.2971297,5.8491076],[0.2946433,5.8513062],[0.2936831,5.8510301]]]}},{"id":"1030","type":"Feature","properties":{"category":"wetland"},"geometry":{"type":"Polygon","coordinates":[[[0.4198757,5.7971678],[0.4233867,5.7986195],[0.426726,5.7970237],[0.4258811,5.7990064],[0.4248136,5.7993239],[0.4273895,5.8010943],[0.4272345,5.7997997],[0.4283143,5.7994609],[0.4273951,5.7974777],[0.4295795,5.7967119],[0.4282727,5.7964282],[0.4273025,5.7937978],[0.4241323,5.797883],[0.4238761,5.795679],[0.422722,5.7950371],[0.4198757,5.7971678]]]}},{"id":"1031","type":"Feature","properties":{"category":"wetland"},"geometry":{"type":"Polygon","coordinates":[[[0.4092206,5.8132959],[0.4120477,5.8122539],[0.4121281,5.8129677],[0.415737,5.8122686],[0.4158497,5.8100952],[0.4182516,5.8101432],[0.4181993,5.8113453],[0.419468,5.8112946],[0.4193419,5.8102753],[0.4217505,5.8097162],[0.4214112,5.8086649],[0.4233371,5.8080498],[0.4231654,5.8065021],[0.4215655,5.805899],[0.4215842,5.8069237],[0.4208788,5.8070225],[0.4191215,5.8040116],[0.4176414,5.8075428],[0.4146266,5.8075054],[0.4141653,5.8062513],[0.4155278,5.8052159],[0.4154608,5.8022379],[0.4122303,5.8033913],[0.4131004,5.8061179],[0.4109922,5.8064327],[0.4116641,5.8072479],[0.4092206,5.8132959]]]}},{"id":"1032","type":"Feature","properties":{"category":"water"},"geometry":{"type":"Polygon","coordinates":[[[0.3519448,5.7862748],[0.3533079,5.7867579],[0.354582,5.7866368],[0.3519448,5.7862748]]]}},{"id":"1033","type":"Feature","properties":{"category":"water"},"geometry":{"type":"Polygon","coordinates":[[[0.4420126,5.8710338],[0.4462284,5.871617],[0.446467,5.871623],[0.4456356,5.8699115],[0.4452091,5.8705238],[0.4419462,5.8704385],[0.4420126,5.8710338]]]}},{"id":"1034","type":"Feature","properties":{"category":"wetland"},"geometry":{"type":"Polygon","coordinates":[[[0.4403268,5.8706113],[0.4412972,5.8709348],[0.4411536,5.870253],[0.4403268,5.8706113]]]}},{"id":"1035","type":"Feature","properties":{"category":"wetland"},"geometry":{"type":"Polygon","coordinates":[[[0.2113445,5.8059833],[0.2123235,5.8056532],[0.2115057,5.8042249],[0.2105859,5.8046244],[0.2113445,5.8059833]]]}},{"id":"1036","type":"Feature","properties":{"category":"water"},"geometry":{"type":"Polygon","coordinates":[[[0.3476513,5.7891532],[0.350149,5.7957615],[0.3491673,5.7927194],[0.3537902,5.7910851],[0.3530852,5.7905236],[0.3501656,5.7916574],[0.3476513,5.7891532]]]}},{"id":"1037","type":"Feature","properties":{"category":"water"},"geometry":{"type":"Polygon","coordinates":[[[0.3531573,5.7904369],[0.353835,5.7909649],[0.3546819,5.7892597],[0.3567687,5.7892757],[0.3569639,5.7886271],[0.3544512,5.7890022],[0.3531573,5.7904369]]]}},{"id":"1038","type":"Feature","properties":{"category":"wetland"},"geometry":{"type":"Polygon","coordinates":[[[0.3712925,5.7901933],[0.3737477,5.7903631],[0.3749916,5.7893611],[0.3729276,5.7895279],[0.3712925,5.7901933]]]}},{"id":"1039","type":"Feature","properties":{"category":"wetland"},"geometry":{"type":"Polygon","coordinates":[[[0.3403864,5.7899508],[0.3411515,5.7907354],[0.3408308,5.7898812],[0.3403864,5.7899508]]]}},{"id":"1040","type":"Feature","properties":{"category":"water"},"geometry":{"type":"Polygon","coordinates":[[[0.3410921,5.7898375],[0.3415337,5.7928809],[0.342249,5.8044191],[0.3419951,5.796538],[0.341472,5.7915226],[0.3410921,5.7898375]]]}},{"id":"1041","type":"Feature","properties":{"category":"wetland"},"geometry":{"type":"Polygon","coordinates":[[[0.3208724,5.7986436],[0.3249469,5.8002793],[0.3310651,5.8000311],[0.3335032,5.801931],[0.3333771,5.8028517],[0.3303838,5.8032413],[0.3278303,5.8046929],[0.3357428,5.8055548],[0.3398144,5.8043193],[0.3421466,5.8044247],[0.341747,5.7957268],[0.3382909,5.7953906],[0.3364778,5.7936827],[0.3358942,5.7907247],[0.325931,5.7906499],[0.3247408,5.7925085],[0.32213,5.7920485],[0.3221272,5.7926793],[0.3209561,5.7926132],[0.3209538,5.7933945],[0.3222138,5.7934159],[0.322246,5.7943152],[0.32536,5.7942698],[0.3272805,5.798358],[0.325191,5.7991558],[0.3219295,5.7984193],[0.3218919,5.7977949],[0.3208724,5.7986436]]]}},{"id":"1042","type":"Feature","properties":{"category":"wetland"},"geometry":{"type":"Polygon","coordinates":[[[0.5546525,5.867478],[0.5561426,5.8679371],[0.5600345,5.8717258],[0.5668151,5.8726597],[0.5721152,5.87441],[0.575417,5.8747728],[0.5796763,5.8742339],[0.5809745,5.8733721],[0.5835503,5.8743375],[0.5844748,5.8756267],[0.5909175,5.8727984],[0.5915129,5.8697995],[0.5907941,5.86711],[0.5873662,5.8661921],[0.5846304,5.8673768],[0.5799097,5.8663842],[0.5775332,5.8631664],[0.5781233,5.8609411],[0.5790621,5.8604875],[0.5800492,5.8608451],[0.5792928,5.8623739],[0.5798319,5.8633478],[0.581232,5.8617469],[0.5856872,5.8623766],[0.5866367,5.8603595],[0.5851346,5.8579714],[0.5859017,5.8522668],[0.585781,5.8490356],[0.5850139,5.8477868],[0.5855611,5.8472025],[0.5864757,5.8474159],[0.5880339,5.8511132],[0.5876458,5.858517],[0.5927521,5.8629449],[0.5946565,5.8587532],[0.5920386,5.856664],[0.5939269,5.8533181],[0.5919448,5.8473546],[0.5924785,5.845815],[0.5943829,5.8450532],[0.5928902,5.8417912],[0.5847913,5.8407239],[0.5844963,5.8417939],[0.5833054,5.8414897],[0.582726,5.8401582],[0.5738506,5.8366828],[0.5741926,5.8401876],[0.5660252,5.8407866],[0.5659045,5.8393271],[0.5626148,5.8384545],[0.555802,5.8458283],[0.5561453,5.8473225],[0.5597985,5.8521574],[0.5605119,5.8556634],[0.5601418,5.858321],[0.5608963,5.8596014],[0.5599902,5.861404],[0.5567273,5.8614187],[0.556891,5.8629476],[0.5546525,5.867478]]]}},{"id":"1043","type":"Feature","properties":{"category":"forest"},"geometry":{"type":"Polygon","coordinates":[[[0.5625954,5.8345164],[0.5635402,5.8355527],[0.5639371,5.8359263],[0.5636555,5.8343627],[0.5625954,5.8345164]]]}},{"id":"1044","type":"Feature","properties":{"category":"wetland"},"geometry":{"type":"Polygon","coordinates":[[[0.3639906,5.8020285],[0.3657091,5.8163912],[0.3711909,5.8183285],[0.3715128,5.8167115],[0.3737122,5.8155748],[0.3735942,5.8140217],[0.3708315,5.8111238],[0.369544,5.8090425],[0.3698176,5.8083113],[0.3718936,5.8064701],[0.375579,5.8075268],[0.3763683,5.8055676],[0.3678907,5.8058761],[0.3639906,5.8020285]]]}},{"id":"1045","type":"Feature","properties":{"category":"wetland"},"geometry":{"type":"Polygon","coordinates":[[[0.369544,5.8090425],[0.3731328,5.812949],[0.3737122,5.8155748],[0.3715128,5.8167115],[0.3711909,5.8183285],[0.383401,5.8226426],[0.3887513,5.823237],[0.3891791,5.8226833],[0.3871366,5.8210053],[0.38656,5.8217094],[0.3837973,5.8218855],[0.3789237,5.8207861],[0.3779608,5.8188249],[0.375697,5.8181204],[0.3765392,5.8170744],[0.3765607,5.8137869],[0.3776604,5.8127569],[0.3806269,5.8123673],[0.380938,5.811348],[0.3795165,5.8102326],[0.3771561,5.8104407],[0.375579,5.8075268],[0.3718936,5.8064701],[0.369544,5.8090425]]]}},{"id":"1046","type":"Feature","properties":{"category":"wetland"},"geometry":{"type":"Polygon","coordinates":[[[0.4590923,5.7942298],[0.4585478,5.7944673],[0.4591185,5.7955413],[0.4631034,5.794691],[0.4629628,5.7934495],[0.4613413,5.7937014],[0.4610583,5.7918388],[0.4596475,5.7911316],[0.4582071,5.7921937],[0.4590923,5.7942298]]]}},{"id":"1047","type":"Feature","properties":{"category":"wetland"},"geometry":{"type":"Polygon","coordinates":[[[0.451735,5.7973666],[0.4557824,5.7956095],[0.4555973,5.794606],[0.454047,5.7939469],[0.451735,5.7973666]]]}},{"id":"1048","type":"Feature","properties":{"category":"wetland"},"geometry":{"type":"Polygon","coordinates":[[[0.4465958,5.7974832],[0.4477781,5.7982765],[0.450292,5.7974612],[0.4496884,5.7945207],[0.446341,5.7954333],[0.4465958,5.7974832]]]}},{"id":"1049","type":"Feature","properties":{"category":"wetland"},"geometry":{"type":"Polygon","coordinates":[[[0.4273833,5.7906609],[0.4294994,5.7911717],[0.4274145,5.7936939],[0.4288436,5.7939369],[0.4323265,5.7902871],[0.4357358,5.7910411],[0.4328733,5.7899661],[0.4273833,5.7906609]]]}},{"id":"1050","type":"Feature","properties":{"category":"wetland"},"geometry":{"type":"Polygon","coordinates":[[[0.4154608,5.8022379],[0.418607,5.7980244],[0.4225942,5.7948058],[0.4185381,5.797665],[0.4154608,5.8022379]]]}},{"id":"1051","type":"Feature","properties":{"category":"wetland"},"geometry":{"type":"Polygon","coordinates":[[[0.4177782,5.7992172],[0.4186365,5.8031105],[0.4211605,5.8071479],[0.4215655,5.805899],[0.4195297,5.8031959],[0.4190549,5.7998283],[0.4204792,5.7986461],[0.4236791,5.7997296],[0.4258811,5.7990064],[0.426726,5.7970237],[0.4233867,5.7986195],[0.4198757,5.7971678],[0.4177782,5.7992172]]]}},{"id":"1052","type":"Feature","properties":{"category":"water"},"geometry":{"type":"Polygon","coordinates":[[[0.3673017,5.7900509],[0.3698625,5.7900849],[0.3698636,5.7889451],[0.3673379,5.7884811],[0.3673017,5.7900509]]]}},{"id":"1053","type":"Feature","properties":{"category":"water"},"geometry":{"type":"Polygon","coordinates":[[[0.3701878,5.789871],[0.3760625,5.7886779],[0.3824562,5.7886206],[0.373399,5.7878807],[0.3700798,5.7888254],[0.3701878,5.789871]]]}},{"id":"1054","type":"Feature","properties":{"category":"wetland"},"geometry":{"type":"Polygon","coordinates":[[[0.3616208,5.7878387],[0.3625569,5.7884738],[0.3632864,5.7880548],[0.3629454,5.7873214],[0.3616208,5.7878387]]]}},{"id":"1055","type":"Feature","properties":{"category":"water"},"geometry":{"type":"Polygon","coordinates":[[[0.38874,5.7886066],[0.3951243,5.7893838],[0.3969359,5.7890796],[0.38874,5.7886066]]]}},{"id":"1056","type":"Feature","properties":{"category":"wetland"},"geometry":{"type":"Polygon","coordinates":[[[0.4060784,5.7898868],[0.4102854,5.7904845],[0.4125205,5.790099],[0.4119203,5.7893612],[0.4063159,5.7892755],[0.4060784,5.7898868]]]}},{"id":"1057","type":"Feature","properties":{"category":"water"},"geometry":{"type":"Polygon","coordinates":[[[0.4122673,5.7894372],[0.4135711,5.7920029],[0.4171699,5.7902905],[0.417057,5.7895743],[0.4122673,5.7894372]]]}},{"id":"1058","type":"Feature","properties":{"category":"water"},"geometry":{"type":"Polygon","coordinates":[[[0.3570731,5.7887446],[0.3581956,5.788762],[0.3597848,5.7884218],[0.361032,5.7890502],[0.3627165,5.7918388],[0.3658332,5.7899482],[0.3671475,5.7900436],[0.367246,5.7884871],[0.3629454,5.7873214],[0.3630048,5.7884284],[0.3612766,5.7874512],[0.3570731,5.7887446]]]}},{"id":"1059","type":"Feature","properties":{"category":"wetland"},"geometry":{"type":"Polygon","coordinates":[[[0.4090788,5.7905008],[0.4104102,5.7919335],[0.4134893,5.7920496],[0.4125398,5.7901496],[0.4090788,5.7905008]]]}},{"id":"1060","type":"Feature","properties":{"category":"wetland"},"geometry":{"type":"Polygon","coordinates":[[[0.4361127,5.8011078],[0.4369842,5.8023033],[0.4375852,5.8037827],[0.4361127,5.8011078]]]}},{"id":"1061","type":"Feature","properties":{"category":"wetland"},"geometry":{"type":"Polygon","coordinates":[[[0.4030287,5.8489128],[0.4025406,5.8478455],[0.4015394,5.8485342],[0.4030287,5.8489128]]]}},{"id":"1062","type":"Feature","properties":{"category":"wetland"},"geometry":{"type":"Polygon","coordinates":[[[0.5540222,5.8429662],[0.5568746,5.8423516],[0.5616447,5.8365981],[0.5623305,5.8333194],[0.5617779,5.8326416],[0.5566603,5.8331326],[0.5571699,5.8350378],[0.5554797,5.836265],[0.554101,5.8406933],[0.5540222,5.8429662]]]}},{"id":"1063","type":"Feature","properties":{"category":"wetland"},"geometry":{"type":"Polygon","coordinates":[[[0.4780406,5.864561],[0.4793644,5.865453],[0.4804225,5.8631717],[0.4784469,5.8621584],[0.4780406,5.864561]]]}},{"id":"1064","type":"Feature","properties":{"category":"wetland"},"geometry":{"type":"Polygon","coordinates":[[[0.4610543,5.8879265],[0.4619025,5.8884296],[0.462441,5.8871728],[0.4672945,5.8834122],[0.4753652,5.8806747],[0.4776344,5.8784308],[0.4776317,5.8754065],[0.4724845,5.8804319],[0.4664093,5.883164],[0.4610543,5.8879265]]]}},{"id":"1065","type":"Feature","properties":{"category":"wetland"},"geometry":{"type":"Polygon","coordinates":[[[0.4219879,5.8559396],[0.4240519,5.8575859],[0.4257698,5.8566],[0.4251663,5.8558569],[0.4262942,5.8555874],[0.4278485,5.8578354],[0.4295491,5.8579367],[0.429891,5.8570135],[0.4311866,5.8574405],[0.4314601,5.8596044],[0.4356179,5.859206],[0.4243975,5.8536308],[0.4227994,5.8558688],[0.4219879,5.8559396]]]}},{"id":"1066","type":"Feature","properties":{"category":"wetland"},"geometry":{"type":"Polygon","coordinates":[[[0.5431487,5.8199423],[0.5433072,5.8261394],[0.5451268,5.8255812],[0.5467468,5.8275184],[0.5502444,5.8289647],[0.5501569,5.83129],[0.5513926,5.8341625],[0.5555979,5.8351677],[0.5554797,5.836265],[0.5571699,5.8350378],[0.5566603,5.8331326],[0.5611235,5.8324548],[0.562301,5.8330685],[0.5620736,5.8340596],[0.5648088,5.8340545],[0.5680047,5.83656],[0.5697213,5.8355274],[0.5734576,5.8361665],[0.585722,5.8408493],[0.5908155,5.8411295],[0.5940208,5.8400915],[0.5954316,5.8416845],[0.5947128,5.8452493],[0.5964965,5.8471171],[0.5984947,5.8482297],[0.6005573,5.8460338],[0.6012252,5.8482698],[0.6033066,5.8473759],[0.6029123,5.8462099],[0.6036901,5.8448998],[0.6030303,5.8437604],[0.604071,5.841978],[0.6035614,5.841503],[0.6051895,5.8394431],[0.6040925,5.8392377],[0.6058547,5.8361238],[0.6052458,5.8349204],[0.6091189,5.8280574],[0.6081614,5.827393],[0.6078798,5.8244445],[0.6087273,5.8242764],[0.6085396,5.8230089],[0.6094328,5.8224272],[0.6110126,5.8224539],[0.6104252,5.8214799],[0.6110769,5.8207968],[0.6102937,5.8207835],[0.6102508,5.8197908],[0.6125522,5.8186834],[0.6130913,5.8154934],[0.6108731,5.8155534],[0.6097439,5.8135361],[0.6086308,5.8135281],[0.6080836,5.8117162],[0.6092665,5.8107689],[0.6101677,5.8119857],[0.6108758,5.8110705],[0.6115611,5.8118577],[0.6136519,5.811839],[0.6115155,5.8112573],[0.6106666,5.8079804],[0.6101865,5.8110064],[0.6087327,5.8086209],[0.6067693,5.808909],[0.6058493,5.8073587],[0.6062677,5.8058697],[0.6056213,5.8037803],[0.6092691,5.8010851],[0.6081426,5.7977229],[0.611828,5.7975467],[0.6127238,5.7968236],[0.6132509,5.7977909],[0.6143399,5.7972439],[0.6154945,5.7983179],[0.6169322,5.7967702],[0.617812,5.7972559],[0.6195179,5.7943712],[0.6207369,5.7948569],[0.6227365,5.7915773],[0.6267571,5.7917347],[0.6284018,5.7904224],[0.6284523,5.7890489],[0.6334546,5.7861175],[0.6324649,5.7848126],[0.631392,5.7847058],[0.6290102,5.7853222],[0.6286186,5.7865151],[0.6277093,5.7862722],[0.627948,5.7870274],[0.6274384,5.7864537],[0.6245899,5.7877399],[0.6241098,5.7871582],[0.6212023,5.7878147],[0.6231013,5.7870968],[0.6232944,5.7863416],[0.6187655,5.7850487],[0.6144834,5.7854997],[0.6027575,5.7841209],[0.5969488,5.7843853],[0.5972534,5.7855064],[0.5872197,5.7859361],[0.5874273,5.7869553],[0.5856028,5.7852998],[0.5840578,5.7855918],[0.5842295,5.7863411],[0.5829781,5.7854816],[0.5784208,5.786881],[0.5749157,5.7862033],[0.5680577,5.7866551],[0.5628221,5.7851979],[0.5540424,5.7880866],[0.5543268,5.7896373],[0.5528301,5.7894024],[0.5549222,5.795508],[0.5555177,5.8193585],[0.5431487,5.8199423]]]}},{"id":"1067","type":"Feature","properties":{"category":"wetland"},"geometry":{"type":"Polygon","coordinates":[[[0.5456015,5.7829152],[0.5468152,5.7855531],[0.5490656,5.7860588],[0.5526638,5.7839266],[0.5538493,5.784044],[0.554477,5.7841614],[0.5548122,5.7864324],[0.5577,5.7850932],[0.5574259,5.7859141],[0.5581569,5.7856552],[0.5592284,5.7841319],[0.5594163,5.7817965],[0.5456015,5.7829152]]]}},{"id":"1068","type":"Feature","properties":{"category":"wetland"},"geometry":{"type":"Polygon","coordinates":[[[0.5512955,5.8376514],[0.5520724,5.8369643],[0.5515502,5.8363912],[0.5512955,5.8376514]]]}},{"id":"1069","type":"Feature","properties":{"category":"water"},"geometry":{"type":"Polygon","coordinates":[[[0.5520724,5.8369643],[0.5523406,5.8372238],[0.552291,5.8368796],[0.5520724,5.8369643]]]}},{"id":"1070","type":"Feature","properties":{"category":"wetland"},"geometry":{"type":"Polygon","coordinates":[[[0.5511926,5.8393138],[0.5516734,5.837808],[0.5499349,5.8370874],[0.5511926,5.8393138]]]}},{"id":"1071","type":"Feature","properties":{"category":"wetland"},"geometry":{"type":"Polygon","coordinates":[[[0.2561724,5.848686],[0.2628806,5.8524856],[0.2635969,5.8546412],[0.2643478,5.8536142],[0.2662387,5.853214],[0.2701816,5.8545801],[0.2749667,5.8540545],[0.2839655,5.8465701],[0.285725,5.8433682],[0.285041,5.8407186],[0.2945387,5.837594],[0.2981731,5.8401315],[0.2959496,5.8424983],[0.2956438,5.8451986],[0.2964351,5.8454921],[0.2974543,5.8441793],[0.2990529,5.8450385],[0.3002572,5.8447343],[0.3009814,5.8454334],[0.3007561,5.8473972],[0.301474,5.847437],[0.302384,5.8462993],[0.3018721,5.8458144],[0.3025502,5.8405696],[0.3036422,5.8395239],[0.3045463,5.840957],[0.3059352,5.8403339],[0.3049521,5.8392719],[0.3060768,5.8382669],[0.3075078,5.8399722],[0.3084596,5.8388967],[0.3154665,5.8213481],[0.3146958,5.8197632],[0.312923,5.8193623],[0.312972,5.818517],[0.3146468,5.8186525],[0.3138299,5.8161275],[0.3145161,5.8143258],[0.3153848,5.8143529],[0.3152596,5.8134697],[0.3179447,5.8140495],[0.3207104,5.800831],[0.3207442,5.7981812],[0.3199681,5.7980078],[0.3198782,5.7970623],[0.3185138,5.7971815],[0.3184104,5.7947269],[0.3207523,5.7942067],[0.3207823,5.792321],[0.317607,5.7923643],[0.3147089,5.7945954],[0.3152132,5.7955507],[0.3170961,5.7949289],[0.3181502,5.79546],[0.3163853,5.8002979],[0.318692,5.8026809],[0.3194216,5.8056829],[0.317257,5.8081405],[0.3144756,5.8075695],[0.3141376,5.8063927],[0.313172,5.8070064],[0.3143281,5.8096429],[0.3116539,5.812442],[0.3113508,5.8211303],[0.3106534,5.821165],[0.3107902,5.8199109],[0.3096825,5.8187795],[0.310066,5.8157028],[0.309492,5.8165247],[0.30913,5.8161164],[0.3102297,5.8145874],[0.3098488,5.8135308],[0.3062788,5.8167782],[0.3020918,5.8287298],[0.2967489,5.8355821],[0.2893487,5.8384639],[0.2794379,5.8370523],[0.2716193,5.8379569],[0.2689558,5.8395205],[0.2651578,5.839782],[0.2674404,5.8402303],[0.2732983,5.8380263],[0.2795586,5.8374953],[0.2831018,5.8383518],[0.284636,5.8404758],[0.2849418,5.8429786],[0.2822542,5.8479042],[0.2816427,5.8474933],[0.2792287,5.8499161],[0.2717963,5.8541772],[0.2665874,5.8530005],[0.2639294,5.8532807],[0.2599651,5.8500735],[0.2561724,5.848686]]]}},{"id":"1072","type":"Feature","properties":{"category":"landfill"},"geometry":{"type":"Polygon","coordinates":[[[0.3052032,5.7976188],[0.3052703,5.7984967],[0.3067937,5.7989023],[0.306327,5.8006769],[0.3087705,5.8001939],[0.3086928,5.796917],[0.3076614,5.7962218],[0.3049672,5.7963406],[0.3045702,5.7976641],[0.3052032,5.7976188]]]}},{"id":"1073","type":"Feature","properties":{"category":"wetland"},"geometry":{"type":"Polygon","coordinates":[[[0.30442,5.787828],[0.3056002,5.7877906],[0.3065416,5.7880415],[0.3053051,5.7867499],[0.30442,5.7866805],[0.30442,5.787828]]]}},{"id":"1074","type":"Feature","properties":{"category":"wetland"},"geometry":{"type":"Polygon","coordinates":[[[0.2768182,5.7824534],[0.2789205,5.7844178],[0.2804694,5.7840939],[0.2839467,5.786459],[0.2879703,5.7879666],[0.2880505,5.7870034],[0.2768182,5.7824534]]]}},{"id":"1075","type":"Feature","properties":{"category":"wetland"},"geometry":{"type":"Polygon","coordinates":[[[0.2998763,5.7903418],[0.2996135,5.7917134],[0.3011531,5.792135],[0.3002948,5.7937148],[0.3018075,5.7950277],[0.3034276,5.7943232],[0.3039104,5.7973706],[0.3069949,5.7951398],[0.3058308,5.7931971],[0.3058523,5.7908915],[0.3077754,5.7896826],[0.2987386,5.7891817],[0.298546,5.7899148],[0.2998763,5.7903418]]]}},{"id":"1076","type":"Feature","properties":{"category":"wetland"},"geometry":{"type":"Polygon","coordinates":[[[0.2928972,5.7925099],[0.2975401,5.7918548],[0.2974989,5.7916382],[0.2928972,5.7925099]]]}},{"id":"1077","type":"Feature","properties":{"category":"water"},"geometry":{"type":"Polygon","coordinates":[[[0.2750909,5.7856517],[0.2840044,5.7928929],[0.2851894,5.7934278],[0.2750909,5.7856517]]]}},{"id":"1078","type":"Feature","properties":{"category":"wetland"},"geometry":{"type":"Polygon","coordinates":[[[0.2751417,5.7855937],[0.2850786,5.7931864],[0.2859101,5.7934666],[0.2875382,5.7933625],[0.2977574,5.7914145],[0.2933696,5.7926079],[0.2958477,5.7933599],[0.2958664,5.7925193],[0.2988034,5.7918468],[0.2987203,5.7908328],[0.2860147,5.7933812],[0.2751417,5.7855937]]]}},{"id":"1079","type":"Feature","properties":{"category":"water"},"geometry":{"type":"Polygon","coordinates":[[[0.2744272,5.7856749],[0.2745563,5.7868113],[0.2752376,5.7863656],[0.2744272,5.7856749]]]}},{"id":"1080","type":"Feature","properties":{"category":"wetland"},"geometry":{"type":"Polygon","coordinates":[[[0.5434478,5.8260158],[0.5487433,5.8351266],[0.5513926,5.8341625],[0.5501569,5.83129],[0.5502444,5.8289647],[0.5467468,5.8275184],[0.5451268,5.8255812],[0.5434478,5.8260158]]]}},{"id":"1081","type":"Feature","properties":{"category":"wetland"},"geometry":{"type":"Polygon","coordinates":[[[0.5515404,5.835976],[0.5537785,5.8351726],[0.5549159,5.8362377],[0.5555979,5.8351677],[0.5513926,5.8341625],[0.5494764,5.8350364],[0.5515404,5.835976]]]}},{"id":"1082","type":"Feature","properties":{"category":"wetland"},"geometry":{"type":"Polygon","coordinates":[[[0.3625086,5.8002526],[0.363847,5.8152279],[0.3656092,5.8158549],[0.3638068,5.8002379],[0.3625086,5.8002526]]]}},{"id":"1083","type":"Feature","properties":{"category":"wetland"},"geometry":{"type":"Polygon","coordinates":[[[0.3180517,5.8147318],[0.3355819,5.8226033],[0.3391546,5.8219682],[0.3413862,5.82263],[0.3393155,5.8085888],[0.3293109,5.8073347],[0.3288731,5.8047449],[0.3245714,5.8059417],[0.3217068,5.8059177],[0.3201519,5.8049484],[0.3180517,5.8147318]]]}},{"id":"1084","type":"Feature","properties":{"category":"wetland"},"geometry":{"type":"Polygon","coordinates":[[[0.3577905,5.7937894],[0.3592413,5.7962987],[0.360226,5.7961911],[0.359644,5.7976295],[0.3603896,5.7977469],[0.3611621,5.8002045],[0.3638068,5.8002379],[0.3638309,5.7981471],[0.3622189,5.7982592],[0.3591612,5.7938936],[0.3611997,5.7930957],[0.3609541,5.7924887],[0.3577905,5.7937894]]]}},{"id":"1085","type":"Feature","properties":{"category":"wetland"},"geometry":{"type":"Polygon","coordinates":[[[0.3088564,5.7845077],[0.3091708,5.7854813],[0.3124666,5.7851008],[0.31167,5.7873183],[0.3124961,5.7885538],[0.313991,5.789067],[0.3150748,5.7884663],[0.3155082,5.7865765],[0.3138925,5.7840086],[0.3088564,5.7845077]]]}},{"id":"1086","type":"Feature","properties":{"category":"water"},"geometry":{"type":"Polygon","coordinates":[[[0.2783813,5.777945],[0.2823789,5.7814608],[0.2789819,5.778472],[0.2867053,5.7825963],[0.2886084,5.7831767],[0.3086914,5.784491],[0.2977436,5.7830929],[0.288185,5.7828544],[0.2783813,5.777945]]]}},{"id":"1087","type":"Feature","properties":{"category":"wetland"},"geometry":{"type":"Polygon","coordinates":[[[0.3148833,5.7899495],[0.3171359,5.790866],[0.318089,5.7905192],[0.3171495,5.7889018],[0.3185628,5.7883296],[0.3167944,5.7862816],[0.3158569,5.78683],[0.315818,5.7858613],[0.3166893,5.7859351],[0.3151234,5.7855286],[0.3155404,5.7872703],[0.3148833,5.7899495]]]}},{"id":"1088","type":"Feature","properties":{"category":"water"},"geometry":{"type":"Polygon","coordinates":[[[0.2174427,5.8045768],[0.2181749,5.8046542],[0.218427,5.8040164],[0.2175526,5.8036762],[0.2174427,5.8045768]]]}},{"id":"1089","type":"Feature","properties":{"category":"wetland"},"geometry":{"type":"Polygon","coordinates":[[[0.2163818,5.8153453],[0.2200873,5.8169303],[0.2206144,5.8181231],[0.2233811,5.8178349],[0.2232362,5.8166982],[0.2191016,5.8160604],[0.2176693,5.8148343],[0.2163818,5.8153453]]]}},{"id":"1090","type":"Feature","properties":{"category":"wetland"},"geometry":{"type":"Polygon","coordinates":[[[0.2124149,5.8056155],[0.2172871,5.8044287],[0.2175526,5.8036762],[0.2184646,5.8041112],[0.2241147,5.800442],[0.2257347,5.8001832],[0.2298975,5.8070972],[0.2311003,5.8126569],[0.2348167,5.8208422],[0.238958,5.827956],[0.2412218,5.8305336],[0.2350956,5.820506],[0.2314585,5.8123246],[0.2305949,5.8070225],[0.226019,5.7996708],[0.2245974,5.7998043],[0.2124149,5.8056155]]]}},{"id":"1091","type":"Feature","properties":{"category":"wetland"},"geometry":{"type":"Polygon","coordinates":[[[0.2122205,5.7470552],[0.2150354,5.7467017],[0.2187341,5.7471407],[0.2144282,5.7464944],[0.2122205,5.7470552]]]}},{"id":"1092","type":"Feature","properties":{"category":"water"},"geometry":{"type":"Polygon","coordinates":[[[0.2091999,5.7537603],[0.2107059,5.7533674],[0.2119911,5.7512892],[0.2101395,5.7512214],[0.2091999,5.7537603]]]}},{"id":"1093","type":"Feature","properties":{"category":"water"},"geometry":{"type":"Polygon","coordinates":[[[0.1887524,5.745749],[0.2008014,5.7462928],[0.2052805,5.7473004],[0.2056949,5.745966],[0.192631,5.7452356],[0.1887524,5.745749]]]}},{"id":"1094","type":"Feature","properties":{"category":"wetland"},"geometry":{"type":"Polygon","coordinates":[[[0.1810169,5.7532267],[0.1824025,5.7588024],[0.1872048,5.7574513],[0.1866093,5.7567974],[0.1846406,5.757091],[0.1840666,5.7549267],[0.1835006,5.7551989],[0.182071,5.7525729],[0.1819825,5.7472114],[0.1808962,5.7478012],[0.1810169,5.7532267]],[[0.181253,5.7479827],[0.1812395,5.7476544],[0.1813602,5.7476971],[0.181253,5.7479827]],[[0.1811939,5.7533762],[0.181489,5.7531173],[0.1813066,5.7534589],[0.1811939,5.7533762]],[[0.1812074,5.7485885],[0.1816258,5.7489541],[0.1813629,5.7493598],[0.1812074,5.7485885]],[[0.1814166,5.7544757],[0.1818913,5.7528451],[0.1815239,5.7547666],[0.1814166,5.7544757]],[[0.18154,5.7501364],[0.1816526,5.7496106],[0.1816419,5.7501604],[0.18154,5.7501364]]]}},{"id":"1095","type":"Feature","properties":{"category":"wetland"},"geometry":{"type":"Polygon","coordinates":[[[0.1771304,5.7512519],[0.1783723,5.7566213],[0.1788041,5.7620627],[0.1813388,5.7610166],[0.1810491,5.7567094],[0.1787102,5.7456636],[0.1778412,5.7456369],[0.1771304,5.7512519]],[[0.1794639,5.7525382],[0.1797857,5.7522927],[0.1797831,5.7533495],[0.1794639,5.7525382]],[[0.179067,5.7531013],[0.1792467,5.7530212],[0.1792547,5.753192],[0.179067,5.7531013]],[[0.1794961,5.7536057],[0.1796141,5.7534829],[0.1796141,5.753651],[0.1794961,5.7536057]]]}},{"id":"1096","type":"Feature","properties":{"category":"wetland"},"geometry":{"type":"Polygon","coordinates":[[[0.2037836,5.806862],[0.2046639,5.808181],[0.2108373,5.807353],[0.209502,5.8062566],[0.208523,5.8036335],[0.2062984,5.8021583],[0.2037836,5.806862]]]}},{"id":"1097","type":"Feature","properties":{"category":"wetland"},"geometry":{"type":"Polygon","coordinates":[[[0.2047089,5.8082485],[0.2084224,5.8073987],[0.2109758,5.8074668],[0.2080442,5.8072986],[0.2047089,5.8082485]]]}},{"id":"1098","type":"Feature","properties":{"category":"wetland"},"geometry":{"type":"Polygon","coordinates":[[[0.1812199,5.7661924],[0.1838118,5.768326],[0.1824492,5.7692627],[0.18316,5.7712135],[0.1839137,5.7711814],[0.1846862,5.7783554],[0.1853814,5.7764732],[0.1849383,5.7713736],[0.1874086,5.7678897],[0.1863557,5.7663],[0.1828381,5.7645846],[0.1821021,5.7632588],[0.1812199,5.7661924]]]}},{"id":"1099","type":"Feature","properties":{"category":"water"},"geometry":{"type":"Polygon","coordinates":[[[0.1815762,5.7947768],[0.1825432,5.7957462],[0.1831144,5.7949036],[0.1823218,5.7939523],[0.1815762,5.7947768]]]}},{"id":"1100","type":"Feature","properties":{"category":"wetland"},"geometry":{"type":"Polygon","coordinates":[[[0.2496345,5.7661297],[0.2496882,5.7672159],[0.2510239,5.7680004],[0.2556793,5.7687522],[0.2496345,5.7661297]]]}},{"id":"1101","type":"Feature","properties":{"category":"water"},"geometry":{"type":"Polygon","coordinates":[[[0.2426957,5.7596289],[0.2450292,5.7610686],[0.247356,5.7645873],[0.2495454,5.7661731],[0.2495527,5.7673019],[0.2507785,5.7680972],[0.2553669,5.7693126],[0.2498236,5.7673346],[0.2495503,5.7659848],[0.2464768,5.7624416],[0.2460141,5.7605266],[0.2426957,5.7596289]]]}},{"id":"1102","type":"Feature","properties":{"category":"water"},"geometry":{"type":"Polygon","coordinates":[[[0.255298,5.7694362],[0.2709219,5.7735965],[0.2726546,5.7754966],[0.2730837,5.7772098],[0.2754146,5.7786001],[0.27734,5.7791009],[0.2780271,5.7777569],[0.2736446,5.7738727],[0.2628567,5.7701652],[0.2556793,5.7687522],[0.255298,5.7694362]]]}},{"id":"1103","type":"Feature","properties":{"category":"wetland"},"geometry":{"type":"Polygon","coordinates":[[[0.2576065,5.7758671],[0.2593012,5.7725758],[0.2630818,5.7735965],[0.2661328,5.7763278],[0.2721705,5.7774847],[0.2728839,5.7786428],[0.2757351,5.7795515],[0.2767771,5.778827],[0.2586079,5.7711628],[0.258455,5.7727239],[0.2576154,5.7730708],[0.2576065,5.7758671]]]}},{"id":"1104","type":"Feature","properties":{"category":"wetland"},"geometry":{"type":"Polygon","coordinates":[[[0.2462603,5.7666728],[0.2582565,5.7720968],[0.2589239,5.770363],[0.2507785,5.7680972],[0.2478549,5.7648982],[0.2479823,5.7666208],[0.2462603,5.7666728]]]}},{"id":"1105","type":"Feature","properties":{"category":"wetland"},"geometry":{"type":"Polygon","coordinates":[[[0.2760557,5.782047],[0.2880505,5.7870034],[0.2882945,5.7846765],[0.3053051,5.7867499],[0.3065416,5.7880415],[0.3068363,5.7897232],[0.3077754,5.7896826],[0.3074227,5.7881242],[0.3085412,5.7857999],[0.3092319,5.7861788],[0.3086914,5.784491],[0.2877943,5.7830033],[0.2790664,5.7784547],[0.282737,5.7815262],[0.2780121,5.7783766],[0.2760557,5.782047]]]}},{"id":"1106","type":"Feature","properties":{"category":"wetland"},"geometry":{"type":"Polygon","coordinates":[[[0.2995357,5.8453747],[0.2995598,5.8476641],[0.3004239,5.8475148],[0.3004825,5.8455882],[0.2995357,5.8453747]]]}},{"id":"1107","type":"Feature","properties":{"category":"wetland"},"geometry":{"type":"Polygon","coordinates":[[[0.2953141,5.8522772],[0.3000393,5.8492306],[0.301474,5.847437],[0.2995598,5.8476641],[0.2990341,5.8464794],[0.2979948,5.8491156],[0.2953141,5.8522772]]]}},{"id":"1108","type":"Feature","properties":{"category":"water"},"geometry":{"type":"Polygon","coordinates":[[[0.3660949,5.8306742],[0.3664058,5.8311607],[0.366725,5.8306857],[0.3660949,5.8306742]]]}},{"id":"1109","type":"Feature","properties":{"category":"wetland"},"geometry":{"type":"Polygon","coordinates":[[[0.4030743,5.8494091],[0.4075214,5.8510821],[0.4117852,5.8507638],[0.4068035,5.846203],[0.406242,5.8479256],[0.4049009,5.8477334],[0.4030743,5.8494091]]]}},{"id":"1110","type":"Feature","properties":{"category":"wetland"},"geometry":{"type":"Polygon","coordinates":[[[0.4008127,5.8800159],[0.4009844,5.8777707],[0.4032019,5.87365],[0.4061676,5.8715253],[0.4100856,5.870869],[0.4167938,5.8739831],[0.4240962,5.8732187],[0.4238734,5.8720446],[0.420146,5.8716133],[0.4159661,5.8722189],[0.4068308,5.869942],[0.402372,5.8728516],[0.4021442,5.8751691],[0.3997654,5.8798766],[0.4008127,5.8800159]]]}},{"id":"1111","type":"Feature","properties":{"category":"wetland"},"geometry":{"type":"Polygon","coordinates":[[[0.4274595,5.8754248],[0.4294913,5.8778476],[0.4308627,5.8769218],[0.4304096,5.8761797],[0.4316862,5.8747727],[0.4330317,5.8743454],[0.4344253,5.8759373],[0.437365,5.8717885],[0.4398763,5.870461],[0.4393955,5.8697661],[0.4405662,5.8679771],[0.4399735,5.8673688],[0.4426926,5.8663985],[0.4354888,5.8598885],[0.4344895,5.8616468],[0.4369077,5.8616709],[0.4373503,5.8626308],[0.434888,5.8647686],[0.4357316,5.8650581],[0.435627,5.866088],[0.4347298,5.8661014],[0.4355237,5.8681359],[0.4317565,5.8703424],[0.4306327,5.8706573],[0.4302739,5.8698688],[0.4274595,5.8754248]]]}},{"id":"1112","type":"Feature","properties":{"category":"wetland"},"geometry":{"type":"Polygon","coordinates":[[[0.4270637,5.8779358],[0.429277,5.8806996],[0.4280239,5.8807914],[0.4281175,5.881536],[0.4288364,5.8814282],[0.4285557,5.8822315],[0.432985,5.8820013],[0.431845,5.8807767],[0.4311064,5.8810706],[0.4305844,5.878548],[0.4284425,5.8764614],[0.4270637,5.8779358]]]}},{"id":"1113","type":"Feature","properties":{"category":"wetland"},"geometry":{"type":"Polygon","coordinates":[[[0.3689164,5.8681265],[0.3700101,5.8760497],[0.369273,5.8647318],[0.3711572,5.860002],[0.3729733,5.8585134],[0.3803672,5.856551],[0.3857919,5.8532422],[0.3916179,5.851493],[0.3933728,5.8555259],[0.3925838,5.8591799],[0.3843805,5.8693229],[0.3841424,5.8723881],[0.384545,5.877896],[0.3844451,5.8719567],[0.3858718,5.867748],[0.3895433,5.8648468],[0.3901521,5.8635308],[0.3929511,5.8625022],[0.3925872,5.8617782],[0.3934205,5.8614264],[0.3937742,5.8543485],[0.3930634,5.8511953],[0.3975017,5.847257],[0.3979325,5.8459937],[0.3954748,5.8418133],[0.395481,5.8433655],[0.3940299,5.8440593],[0.3948078,5.844797],[0.394097,5.8478028],[0.3914925,5.8500335],[0.3800154,5.8559489],[0.374262,5.8573577],[0.3708047,5.8600446],[0.3690693,5.8633612],[0.3689164,5.8681265]]]}},{"id":"1114","type":"Feature","properties":{"category":"forest"},"geometry":{"type":"Polygon","coordinates":[[[0.5802869,5.7817519],[0.5841741,5.7804518],[0.5858575,5.7804407],[0.5855528,5.7795851],[0.5809265,5.7800303],[0.5799361,5.7807963],[0.5802869,5.7817519]]]}},{"id":"1115","type":"Feature","properties":{"category":"wetland"},"geometry":{"type":"Polygon","coordinates":[[[0.5540424,5.7880866],[0.5628221,5.7851979],[0.5680577,5.7866551],[0.5749157,5.7862033],[0.5784208,5.786881],[0.5829781,5.7854816],[0.5842295,5.7863411],[0.5840578,5.7855918],[0.5864943,5.7849197],[0.586486,5.7843027],[0.5625092,5.7846415],[0.5612606,5.7826086],[0.5593336,5.7831072],[0.5581569,5.7856552],[0.5574259,5.7859141],[0.5577,5.7850932],[0.5553937,5.7863576],[0.5537464,5.7875476],[0.5540424,5.7880866]]]}},{"id":"1116","type":"Feature","properties":{"category":"wetland"},"geometry":{"type":"Polygon","coordinates":[[[0.1649897,5.7719835],[0.166691,5.773172],[0.1674639,5.7727195],[0.166394,5.771594],[0.1684458,5.768712],[0.1678116,5.768407],[0.1660955,5.7698972],[0.1665171,5.7704676],[0.1649897,5.7719835]]]}},{"id":"1117","type":"Feature","properties":{"category":"wetland"},"geometry":{"type":"Polygon","coordinates":[[[0.1654039,5.7629795],[0.1671496,5.7652683],[0.1685105,5.7655038],[0.1685238,5.7662657],[0.1702103,5.7662391],[0.1689026,5.7644698],[0.1654039,5.7629795]]]}},{"id":"1118","type":"Feature","properties":{"category":"water"},"geometry":{"type":"Polygon","coordinates":[[[0.1624403,5.7782619],[0.1644089,5.778393],[0.1659846,5.7746114],[0.1686107,5.7729931],[0.1688875,5.771785],[0.1685768,5.7714198],[0.1667809,5.7719817],[0.1679499,5.7696273],[0.1700339,5.7680989],[0.1741341,5.7670594],[0.1760826,5.7633761],[0.1789623,5.7627726],[0.1788041,5.7620627],[0.1754642,5.763098],[0.1738546,5.7668965],[0.1701017,5.7677056],[0.1684458,5.768712],[0.166394,5.771594],[0.166956,5.772552],[0.1683996,5.7716524],[0.168333,5.7725943],[0.1655001,5.7742796],[0.1651599,5.7759464],[0.1637545,5.7761157],[0.1624403,5.7782619]]]}},{"id":"1119","type":"Feature","properties":{"category":"water"},"geometry":{"type":"Polygon","coordinates":[[[0.1411541,5.7687709],[0.1473925,5.7734426],[0.1505523,5.7776204],[0.1523059,5.7787357],[0.1521365,5.7795336],[0.1544125,5.7786233],[0.1550112,5.7793145],[0.1570649,5.7791358],[0.1571895,5.7786244],[0.1515209,5.7771231],[0.1467035,5.7720716],[0.14397,5.7707905],[0.1428009,5.7688069],[0.1411541,5.7687709]]]}},{"id":"1120","type":"Feature","properties":{"category":"wetland"},"geometry":{"type":"Polygon","coordinates":[[[0.2207029,5.7638234],[0.2213075,5.7640401],[0.2216588,5.7636635],[0.2212694,5.7632462],[0.2207029,5.7638234]]]}},{"id":"1121","type":"Feature","properties":{"category":"wetland"},"geometry":{"type":"Polygon","coordinates":[[[0.2211032,5.7643896],[0.2221054,5.763967],[0.2216751,5.7630593],[0.2212176,5.7630268],[0.2211032,5.7643896]]]}},{"id":"1122","type":"Feature","properties":{"category":"wetland"},"geometry":{"type":"Polygon","coordinates":[[[0.2212176,5.7630268],[0.2221653,5.7637312],[0.2214083,5.7643951],[0.2245182,5.7630322],[0.2212176,5.7630268]]]}},{"id":"1123","type":"Feature","properties":{"category":"wetland"},"geometry":{"type":"Polygon","coordinates":[[[0.2154389,5.765953],[0.2174378,5.7644655],[0.2207029,5.7638234],[0.2211413,5.7628117],[0.2160244,5.7638044],[0.2154389,5.765953]]]}},{"id":"1124","type":"Feature","properties":{"category":"water"},"geometry":{"type":"Polygon","coordinates":[[[0.218938,5.7509903],[0.2192652,5.7503739],[0.2220386,5.7520458],[0.2240389,5.7516333],[0.2301444,5.7532184],[0.2356917,5.7565538],[0.2396322,5.7572826],[0.2328289,5.7545782],[0.2267593,5.7509636],[0.2207895,5.7494637],[0.219832,5.7485319],[0.2202545,5.7474855],[0.2190775,5.7474636],[0.218191,5.7506367],[0.218938,5.7509903]]]}},{"id":"1125","type":"Feature","properties":{"category":"wetland"},"geometry":{"type":"Polygon","coordinates":[[[0.2960007,5.8587989],[0.3002926,5.8642657],[0.3018721,5.8642928],[0.3026673,5.8634638],[0.3027707,5.8567075],[0.3017287,5.856425],[0.3015344,5.8617463],[0.3008318,5.8623802],[0.2986913,5.8620497],[0.2967018,5.8582195],[0.2960007,5.8587989]]]}},{"id":"1126","type":"Feature","properties":{"category":"wetland"},"geometry":{"type":"Polygon","coordinates":[[[0.3317952,5.7870643],[0.3336748,5.790822],[0.3410193,5.7897453],[0.3402448,5.7857934],[0.3415899,5.7896619],[0.3503159,5.7887166],[0.3512789,5.7862302],[0.3400263,5.7847699],[0.3332868,5.7849192],[0.3317952,5.7870643]]]}},{"id":"1127","type":"Feature","properties":{"category":"water"},"geometry":{"type":"Polygon","coordinates":[[[0.3402448,5.7857934],[0.3410193,5.7897453],[0.3415899,5.7896619],[0.3402448,5.7857934]]]}},{"id":"1128","type":"Feature","properties":{"category":"industrial"},"geometry":{"type":"Polygon","coordinates":[[[0.1887367,5.7626551],[0.1895065,5.7623887],[0.1890385,5.7607298],[0.1882003,5.7610296],[0.1887367,5.7626551]]]}},{"id":"1129","type":"Feature","properties":{"category":"wetland"},"geometry":{"type":"Polygon","coordinates":[[[0.0721434,5.719085],[0.0735462,5.720681],[0.076974,5.7217993],[0.0837359,5.721495],[0.081483,5.7208751],[0.0806002,5.7200422],[0.0808691,5.7186994],[0.080169,5.7185378],[0.083109,5.7096279],[0.0797302,5.7078938],[0.0801335,5.7063339],[0.0818584,5.7063566],[0.0814576,5.70409],[0.0777338,5.7024039],[0.07375,5.7025085],[0.075185,5.7067361],[0.075262,5.711568],[0.0742301,5.7149189],[0.0748095,5.7179961],[0.0727817,5.7180202],[0.0721434,5.719085]]]}},{"id":"1130","type":"Feature","properties":{"category":"wetland"},"geometry":{"type":"Polygon","coordinates":[[[0.084967,5.7217592],[0.0867292,5.72351],[0.0855571,5.7235153],[0.0855142,5.7248337],[0.0866239,5.7257308],[0.0873964,5.728848],[0.0907438,5.7289547],[0.0906365,5.730556],[0.0887697,5.7316876],[0.0894134,5.7340575],[0.091924,5.7348261],[0.0928213,5.7359527],[0.0939178,5.7348985],[0.0931466,5.7312337],[0.0955057,5.7300322],[0.0954753,5.7289217],[0.0934967,5.7268166],[0.0938366,5.725807],[0.0917895,5.7250599],[0.0920077,5.7244819],[0.0889865,5.7223441],[0.084967,5.7217592]]]}},{"id":"1131","type":"Feature","properties":{"category":"wetland"},"geometry":{"type":"Polygon","coordinates":[[[0.1792702,5.8178199],[0.1802208,5.8186133],[0.1812167,5.8124554],[0.1868835,5.802464],[0.1867636,5.7910428],[0.1883571,5.782775],[0.1878145,5.7772745],[0.1884198,5.7754165],[0.1861855,5.7735778],[0.1852655,5.773778],[0.1853814,5.7764732],[0.183708,5.7791724],[0.1832853,5.7831273],[0.1806352,5.7866845],[0.1823152,5.7934024],[0.1850444,5.7979126],[0.1850501,5.8005094],[0.1848331,5.8023191],[0.1819346,5.8026231],[0.1815976,5.8033306],[0.1825968,5.8042691],[0.1839535,5.8039329],[0.1841763,5.8050977],[0.180581,5.8128367],[0.1792702,5.8178199]]]}},{"id":"1132","type":"Feature","properties":{"category":"wetland"},"geometry":{"type":"Polygon","coordinates":[[[0.1953543,5.8251669],[0.2108176,5.8318411],[0.2135038,5.820538],[0.2130103,5.8104301],[0.2127421,5.8091385],[0.2109758,5.8074668],[0.2058209,5.8079818],[0.2065765,5.8099531],[0.207279,5.8098508],[0.2079187,5.8139192],[0.2065765,5.8140271],[0.2041777,5.8188966],[0.2000939,5.820055],[0.2000928,5.8207915],[0.2064201,5.8214879],[0.2059427,5.8240495],[0.1973569,5.8225606],[0.1953543,5.8251669]]]}},{"id":"1133","type":"Feature","properties":{"category":"wetland"},"geometry":{"type":"Polygon","coordinates":[[[0.2026838,5.7961858],[0.2048993,5.798438],[0.2053392,5.8010531],[0.208523,5.8036335],[0.2056476,5.8008263],[0.2054974,5.7982565],[0.2034134,5.7960897],[0.2035797,5.7927488],[0.2026838,5.7961858]]]}},{"id":"1134","type":"Feature","properties":{"category":"wetland"},"geometry":{"type":"Polygon","coordinates":[[[0.1849195,5.7730041],[0.1881248,5.7753071],[0.1895142,5.7753605],[0.1897596,5.7766507],[0.1900157,5.7768749],[0.1904502,5.7768068],[0.1913434,5.7756193],[0.1917578,5.7756046],[0.1920515,5.777466],[0.1947096,5.7781118],[0.1936796,5.7793527],[0.1938406,5.7800278],[0.1973167,5.7805682],[0.1969694,5.7814942],[0.1980771,5.7819292],[0.1979578,5.7829045],[0.198167,5.7831287],[0.1993109,5.7828031],[0.1988871,5.7851968],[0.2004267,5.7850901],[0.1999171,5.7870755],[0.2023485,5.7891062],[0.2013481,5.79166],[0.2032793,5.7927381],[0.2045104,5.7926047],[0.2049744,5.7974613],[0.2066267,5.800362],[0.2083245,5.8018777],[0.209502,5.8062566],[0.2127421,5.8091385],[0.2134663,5.8224165],[0.2108176,5.8318411],[0.2121161,5.8324002],[0.2127689,5.8264244],[0.2146089,5.8206073],[0.2133107,5.8090211],[0.2084237,5.8010691],[0.2069056,5.8001298],[0.2053633,5.7975294],[0.2048497,5.7924459],[0.202142,5.7914946],[0.2026302,5.7890369],[0.2002376,5.7868887],[0.2005917,5.784978],[0.1991808,5.7846524],[0.1995805,5.7828325],[0.1990119,5.7825723],[0.1981214,5.7828338],[0.1981294,5.781721],[0.197145,5.7814955],[0.197432,5.7804575],[0.1939237,5.7798784],[0.1948705,5.7780231],[0.1921779,5.7773816],[0.1919469,5.7755446],[0.1913783,5.7754512],[0.1900372,5.7767028],[0.1896617,5.7752938],[0.1881301,5.7750296],[0.1853943,5.7729187],[0.1856706,5.7707198],[0.1877171,5.7685182],[0.1874194,5.7672986],[0.1864256,5.766039],[0.187418,5.7683193],[0.1852038,5.7707731],[0.1849195,5.7730041]]]}},{"id":"1135","type":"Feature","properties":{"category":"water"},"geometry":{"type":"Polygon","coordinates":[[[0.0506441,5.7591846],[0.0520027,5.7595902],[0.0517572,5.7602147],[0.0521797,5.7596289],[0.0537957,5.7601439],[0.0572813,5.7602454],[0.0610068,5.7596729],[0.0616626,5.7602454],[0.0606434,5.761085],[0.0605898,5.7619319],[0.0599165,5.7626672],[0.0588946,5.7654572],[0.0607721,5.7619666],[0.060811,5.7610967],[0.0624405,5.760208],[0.0634477,5.7589003],[0.065171,5.7594394],[0.0659314,5.7586722],[0.0669426,5.759338],[0.0682233,5.7588003],[0.0699225,5.7565973],[0.070066,5.7552803],[0.0717612,5.7546078],[0.07145,5.7542662],[0.0707003,5.7541274],[0.0723271,5.7519578],[0.0731693,5.7495319],[0.0729252,5.7485004],[0.071273,5.7484177],[0.0731318,5.7480027],[0.0733356,5.7475971],[0.0732619,5.7461866],[0.0723419,5.7448042],[0.072885,5.7431843],[0.0756209,5.7408238],[0.0772785,5.7382364],[0.0791185,5.7387462],[0.0789287,5.7372403],[0.0817504,5.7402387],[0.0811408,5.7413802],[0.0812347,5.7417872],[0.0843126,5.7412521],[0.0855383,5.7401686],[0.086398,5.7416404],[0.0876372,5.7424251],[0.0872241,5.7430922],[0.0846599,5.7428801],[0.0846009,5.7449003],[0.0854632,5.7453153],[0.084963,5.7456636],[0.0854941,5.7455702],[0.0859199,5.7448776],[0.0880495,5.7448316],[0.090658,5.7422559],[0.0887504,5.7427773],[0.0879029,5.7445294],[0.0859999,5.7445655],[0.0850464,5.7450512],[0.084833,5.743079],[0.0873141,5.7433391],[0.0878291,5.7421862],[0.0853494,5.7398258],[0.0843529,5.74098],[0.0814863,5.741668],[0.0819161,5.7400661],[0.079038,5.736933],[0.0784319,5.7376055],[0.0790072,5.7385115],[0.0772906,5.7377951],[0.0754413,5.7406493],[0.0726102,5.743066],[0.0721423,5.7450115],[0.0731173,5.7475654],[0.0710279,5.7482847],[0.0716059,5.7490039],[0.0727486,5.7487263],[0.0729162,5.7496817],[0.0704755,5.7541038],[0.0715256,5.7546589],[0.0698331,5.75529],[0.0698049,5.7564429],[0.0680361,5.75865],[0.0668881,5.7591824],[0.065948,5.7585286],[0.0650334,5.7592718],[0.0635407,5.7586915],[0.0616176,5.7601099],[0.060876,5.7594427],[0.0559742,5.7601033],[0.0506441,5.7591846]]]}},{"id":"1136","type":"Feature","properties":{"category":"wetland"},"geometry":{"type":"Polygon","coordinates":[[[-0.0552522,5.6526925],[-0.0543907,5.6544839],[-0.0492239,5.6524076],[-0.0403511,5.6513092],[-0.0390744,5.6556466],[-0.0394794,5.656717],[-0.0407052,5.6567357],[-0.0447741,5.660379],[-0.044235,5.6639129],[-0.0448653,5.6645642],[-0.0442001,5.6669611],[-0.0419041,5.6668129],[-0.0430347,5.6701973],[-0.0416279,5.6715506],[-0.0414247,5.6744932],[-0.0429173,5.6751818],[-0.0406099,5.6761695],[-0.0405684,5.675244],[-0.0413309,5.6750879],[-0.0417562,5.665542],[-0.0409435,5.6622696],[-0.0352212,5.6553698],[-0.0317426,5.6467402],[-0.0300648,5.6458727],[-0.0271064,5.6472579],[-0.0264385,5.6467535],[-0.0255963,5.6478372],[-0.0246226,5.6472579],[-0.0255802,5.6456538],[-0.0271439,5.6454215],[-0.0267604,5.6437533],[-0.0286541,5.6425683],[-0.0271925,5.6341574],[-0.025315,5.6325905],[-0.0253337,5.6310611],[-0.0278175,5.6309756],[-0.0280563,5.6296838],[-0.0304381,5.6283171],[-0.0307358,5.6262725],[-0.0318812,5.6249645],[-0.0304623,5.6217587],[-0.0314252,5.6212542],[-0.0310874,5.6204801],[-0.0286519,5.6199222],[-0.0285716,5.6140363],[-0.0435725,5.6121432],[-0.0437643,5.6128612],[-0.0379828,5.6167211],[-0.0384012,5.6181785],[-0.0390664,5.6193811],[-0.0407106,5.6199483],[-0.0418062,5.620039],[-0.0432251,5.6183414],[-0.0455117,5.6185509],[-0.0454379,5.6191675],[-0.0469953,5.6188481],[-0.0471841,5.6195853],[-0.043834,5.6206076],[-0.044302,5.6224494],[-0.043496,5.6227671],[-0.0419283,5.6215245],[-0.0406247,5.6246676],[-0.0419819,5.6266376],[-0.0414857,5.6310205],[-0.0425693,5.6333722],[-0.0388517,5.6319761],[-0.0364968,5.6325087],[-0.0378352,5.6437875],[-0.0371164,5.6438836],[-0.0408755,5.6473976],[-0.0448062,5.6465968],[-0.0450906,5.6478367],[-0.0471545,5.6490205],[-0.0484313,5.6485307],[-0.0496275,5.6490632],[-0.0552522,5.6526925]],[[-0.041526,5.6280511],[-0.0378299,5.6227072],[-0.0387579,5.6194613],[-0.0382,5.6182281],[-0.0364351,5.6170429],[-0.0350457,5.6170856],[-0.0328893,5.6183829],[-0.0319076,5.6201179],[-0.0350672,5.6242233],[-0.0341606,5.6262573],[-0.0290698,5.6298342],[-0.0304806,5.6301678],[-0.0313443,5.6328718],[-0.0366765,5.6321217],[-0.0406408,5.6302159],[-0.041526,5.6280511]]]}},{"id":"1137","type":"Feature","properties":{"category":"water"},"geometry":{"type":"Polygon","coordinates":[[[0.0037414,5.66464],[0.0039551,5.6644429],[0.0038494,5.6643984],[0.0037414,5.66464]]]}},{"id":"1138","type":"Feature","properties":{"category":"water"},"geometry":{"type":"Polygon","coordinates":[[[0.0040114,5.664299],[0.0100001,5.6510749],[0.0127373,5.6500673],[0.0144069,5.6469576],[0.0159652,5.6461475],[0.0190639,5.6465311],[0.0221874,5.6438562],[0.019147,5.6463108],[0.0164728,5.6459359],[0.0148421,5.6464738],[0.0135305,5.6473893],[0.0124771,5.6499198],[0.0097735,5.6510702],[0.0040114,5.664299]]]}},{"id":"1139","type":"Feature","properties":{"category":"forest"},"geometry":{"type":"Polygon","coordinates":[[[-0.0580604,5.6160492],[-0.0592433,5.6170535],[-0.0579136,5.6162266],[-0.0580604,5.6160492]]]}},{"id":"1140","type":"Feature","properties":{"category":"industrial"},"geometry":{"type":"Polygon","coordinates":[[[0.0106457,5.6381729],[0.0122228,5.6414774],[0.0130315,5.6411638],[0.0106457,5.6381729]]]}},{"id":"1141","type":"Feature","properties":{"category":"industrial"},"geometry":{"type":"Polygon","coordinates":[[[0.0076416,5.6392833],[0.0100315,5.642405],[0.0119955,5.6436655],[0.0121658,5.6415288],[0.0105994,5.6385359],[0.0076416,5.6392833]]]}},{"id":"1142","type":"Feature","properties":{"category":"water"},"geometry":{"type":"Polygon","coordinates":[[[0.4470723,5.8667037],[0.4471024,5.8667557],[0.4471135,5.8667147],[0.4470723,5.8667037]]]}},{"id":"1143","type":"Feature","properties":{"category":"water"},"geometry":{"type":"Polygon","coordinates":[[[0.0325707,5.8291782],[0.0331458,5.8300961],[0.0345019,5.8286915],[0.0332981,5.8284929],[0.0325707,5.8291782]]]}},{"id":"1144","type":"Feature","properties":{"category":"landfill"},"geometry":{"type":"Polygon","coordinates":[[[0.0349659,5.8590675],[0.0360474,5.8620729],[0.0355496,5.8642758],[0.0385537,5.8695523],[0.0409924,5.8711321],[0.0407998,5.8762807],[0.0440502,5.8762469],[0.0510493,5.8701069],[0.0535523,5.8697802],[0.0586827,5.8668961],[0.0575388,5.8652625],[0.0561684,5.8648006],[0.056814,5.8625248],[0.0544667,5.8606897],[0.0524239,5.8625681],[0.0440983,5.8604165],[0.0547928,5.8592382],[0.0600972,5.8549008],[0.058844,5.8512976],[0.05905,5.8479164],[0.0503296,5.8490606],[0.0445103,5.8549349],[0.0383305,5.853603],[0.0361332,5.8550716],[0.0331806,5.8546105],[0.0316185,5.8559937],[0.0349659,5.8590675]]]}},{"id":"1145","type":"Feature","properties":{"category":"water"},"geometry":{"type":"Polygon","coordinates":[[[-0.1312888,5.5651675],[-0.1305954,5.5659483],[-0.1291819,5.5660698],[-0.1301596,5.5650353],[-0.1312888,5.5651675]]]}},{"id":"1146","type":"Feature","properties":{"category":"water"},"geometry":{"type":"Polygon","coordinates":[[[-0.0575461,5.6558563],[-0.0559589,5.6550769],[-0.0544394,5.6552104],[-0.055043,5.6541761],[-0.0575461,5.6558563]]]}},{"id":"1147","type":"Feature","properties":{"category":"water"},"geometry":{"type":"Polygon","coordinates":[[[-0.0547615,5.6553619],[-0.0544582,5.656238],[-0.0541686,5.6560138],[-0.0547615,5.6553619]]]}},{"id":"1148","type":"Feature","properties":{"category":"water"},"geometry":{"type":"Polygon","coordinates":[[[-0.1599973,5.6252717],[-0.1586366,5.6231102],[-0.1579199,5.6200575],[-0.1586071,5.6227432],[-0.1599973,5.6252717]]]}},{"id":"1149","type":"Feature","properties":{"category":"water"},"geometry":{"type":"Polygon","coordinates":[[[-0.135725,5.5629093],[-0.135076,5.563834],[-0.1345342,5.5631466],[-0.135725,5.5629093]]]}},{"id":"1150","type":"Feature","properties":{"category":"water"},"geometry":{"type":"Polygon","coordinates":[[[-0.135992,5.5636552],[-0.1358794,5.5651314],[-0.1355396,5.5655497],[-0.1349239,5.5640238],[-0.135992,5.5636552]]]}},{"id":"1151","type":"Feature","properties":{"category":"water"},"geometry":{"type":"Polygon","coordinates":[[[-0.1422051,5.5725177],[-0.1382276,5.5694348],[-0.1360148,5.5687874],[-0.1380305,5.5690944],[-0.1422051,5.5725177]]]}},{"id":"1152","type":"Feature","properties":{"category":"water"},"geometry":{"type":"Polygon","coordinates":[[[-0.1337781,5.5772237],[-0.1314457,5.5767293],[-0.1311359,5.5764276],[-0.1306303,5.5752303],[-0.1305994,5.5741118],[-0.1310024,5.5729773],[-0.131154,5.5762094],[-0.1337781,5.5772237]]]}},{"id":"1153","type":"Feature","properties":{"category":"water"},"geometry":{"type":"Polygon","coordinates":[[[-0.1424585,5.5910237],[-0.1365791,5.5891487],[-0.1340025,5.5872831],[-0.1368993,5.5891484],[-0.1424585,5.5910237]]]}},{"id":"1154","type":"Feature","properties":{"category":"water"},"geometry":{"type":"Polygon","coordinates":[[[-0.0826201,5.6167946],[-0.0824625,5.6181446],[-0.0814218,5.6194223],[-0.0826201,5.6167946]]]}},{"id":"1155","type":"Feature","properties":{"category":"water"},"geometry":{"type":"Polygon","coordinates":[[[-0.1292208,5.5841625],[-0.1269557,5.5857869],[-0.1260819,5.5875173],[-0.1262174,5.5886972],[-0.1255502,5.5905358],[-0.1242312,5.5935203],[-0.1230919,5.5954282],[-0.1231818,5.5962598],[-0.1230618,5.5973716],[-0.1224187,5.5988965],[-0.1223577,5.6015799],[-0.1222081,5.6024421],[-0.1214746,5.6037272],[-0.1230249,5.5953702],[-0.1254724,5.5904811],[-0.1260665,5.5873151],[-0.1269503,5.5856988],[-0.1292208,5.5841625]]]}},{"id":"1156","type":"Feature","properties":{"category":"water"},"geometry":{"type":"Polygon","coordinates":[[[-0.1342479,5.5785999],[-0.1339582,5.5788562],[-0.1305552,5.5796304],[-0.1300845,5.5824113],[-0.1292872,5.5839022],[-0.1300784,5.582107],[-0.1303829,5.5798192],[-0.1306866,5.5794074],[-0.1340005,5.5787047],[-0.1337781,5.5772237],[-0.1342479,5.5785999]]]}},{"id":"1157","type":"Feature","properties":{"category":"water"},"geometry":{"type":"Polygon","coordinates":[[[-0.1392675,5.6302629],[-0.1384617,5.6285195],[-0.1372339,5.6212457],[-0.1353034,5.6177549],[-0.1351679,5.6151703],[-0.1353993,5.6145524],[-0.1346798,5.613185],[-0.1347005,5.610164],[-0.1339267,5.6086911],[-0.1319151,5.6000617],[-0.1317924,5.5909863],[-0.1343425,5.5862794],[-0.1340809,5.5851088],[-0.1342218,5.5838655],[-0.1356427,5.5820329],[-0.1357365,5.5800188],[-0.1363622,5.5785926],[-0.1353396,5.5768621],[-0.1337781,5.5772237],[-0.1351807,5.5766906],[-0.1358029,5.5771257],[-0.1365466,5.5783743],[-0.1358358,5.5819835],[-0.1343639,5.5839075],[-0.1344182,5.5864295],[-0.1318936,5.5911018],[-0.1320961,5.6000043],[-0.1349084,5.6106992],[-0.1356769,5.6167266],[-0.1353671,5.6175607],[-0.1373841,5.6213111],[-0.1392675,5.6302629]]]}},{"id":"1158","type":"Feature","properties":{"category":"water"},"geometry":{"type":"Polygon","coordinates":[[[-0.1395131,5.6305956],[-0.1399047,5.6322047],[-0.1393135,5.6306048],[-0.1395131,5.6305956]]]}},{"id":"1159","type":"Feature","properties":{"category":"water"},"geometry":{"type":"Polygon","coordinates":[[[-0.1406745,5.6358326],[-0.140706,5.6343439],[-0.1400636,5.632239],[-0.1409467,5.6342151],[-0.1406745,5.6358326]]]}},{"id":"1160","type":"Feature","properties":{"category":"water"},"geometry":{"type":"Polygon","coordinates":[[[-0.1030996,5.6194812],[-0.1019172,5.6178503],[-0.101478,5.6169454],[-0.101252,5.616122],[-0.1014536,5.6152073],[-0.1006687,5.6146832],[-0.0984854,5.6113178],[-0.0960765,5.6062462],[-0.09514,5.6038622],[-0.095028,5.6026637],[-0.0944962,5.6017267],[-0.0921419,5.594516],[-0.0912326,5.5926241],[-0.091472,5.5924807],[-0.0951903,5.6026937],[-0.0961829,5.6063407],[-0.1014517,5.6151716],[-0.101597,5.6171151],[-0.1030996,5.6194812]]]}},{"id":"1161","type":"Feature","properties":{"category":"water"},"geometry":{"type":"Polygon","coordinates":[[[-0.0884579,5.6194542],[-0.0869411,5.6184736],[-0.0860479,5.6176622],[-0.0826201,5.6167946],[-0.0802691,5.6141159],[-0.0795597,5.6130576],[-0.0767377,5.607962],[-0.0827006,5.6167539],[-0.084102,5.6170249],[-0.085028,5.6173906],[-0.0857744,5.617518],[-0.0862377,5.6177269],[-0.0884579,5.6194542]]]}},{"id":"1162","type":"Feature","properties":{"category":"water"},"geometry":{"type":"Polygon","coordinates":[[[-0.0762524,5.6565236],[-0.0731063,5.6570027],[-0.0702001,5.6550649],[-0.0662801,5.6537997],[-0.0627087,5.6521462],[-0.0557886,5.6527721],[-0.0591829,5.6550823],[-0.0628307,5.6624237],[-0.0762483,5.6569427],[-0.062875,5.6625612],[-0.0642698,5.6638977],[-0.064593,5.6649927],[-0.0629085,5.6629829],[-0.0611208,5.6599921],[-0.05914,5.6551703],[-0.0559884,5.6532392],[-0.0549184,5.6536571],[-0.0554413,5.6526285],[-0.062018,5.6517591],[-0.0658737,5.6486896],[-0.076221,5.6444963],[-0.0660709,5.648779],[-0.061957,5.6520014],[-0.0633551,5.6521382],[-0.0705595,5.6550996],[-0.0730275,5.6568486],[-0.0762524,5.6565236]]]}},{"id":"1163","type":"Feature","properties":{"category":"forest"},"geometry":{"type":"Polygon","coordinates":[[[-0.1753065,5.6206451],[-0.1751053,5.620816],[-0.1734276,5.6208106],[-0.1734156,5.6193385],[-0.1741397,5.619488],[-0.1753065,5.6206451]],[[-0.1748788,5.6202411],[-0.1742089,5.6205173],[-0.1745359,5.6207561],[-0.1748788,5.6202411]]]}},{"id":"1164","type":"Feature","properties":{"category":"forest"},"geometry":{"type":"Polygon","coordinates":[[[-0.1752207,5.61881],[-0.1744356,5.6197226],[-0.1734156,5.6193385],[-0.1759889,5.6184838],[-0.1760642,5.6193355],[-0.1752207,5.61881]]]}},{"id":"1165","type":"Feature","properties":{"category":"water"},"geometry":{"type":"Polygon","coordinates":[[[-0.1249775,5.6805014],[-0.1253155,5.6814075],[-0.1242037,5.6810419],[-0.1249775,5.6805014]]]}},{"id":"1166","type":"Feature","properties":{"category":"water"},"geometry":{"type":"Polygon","coordinates":[[[-0.0511082,5.6497146],[-0.0515185,5.6501576],[-0.0509781,5.6500762],[-0.0511082,5.6497146]]]}},{"id":"1167","type":"Feature","properties":{"category":"water"},"geometry":{"type":"Polygon","coordinates":[[[-0.1426399,5.7404062],[-0.1400542,5.7391999],[-0.1408589,5.7373424],[-0.1426506,5.7398511],[-0.1426399,5.7404062]]]}},{"id":"1168","type":"Feature","properties":{"category":"industrial"},"geometry":{"type":"Polygon","coordinates":[[[-0.0878518,5.6753004],[-0.0876591,5.675531],[-0.0876851,5.6752785],[-0.0878518,5.6753004]]]}},{"id":"1169","type":"Feature","properties":{"category":"cemetery"},"geometry":{"type":"Polygon","coordinates":[[[-0.2044983,5.7341932],[-0.2035958,5.7346509],[-0.2040155,5.732672],[-0.204674,5.7328028],[-0.2044983,5.7341932]]]}},{"id":"1170","type":"Feature","properties":{"category":"industrial"},"geometry":{"type":"Polygon","coordinates":[[[0.0193495,5.8286711],[0.0219482,5.8327263],[0.0280961,5.8302374],[0.0295265,5.8273689],[0.0285663,5.8222792],[0.023464,5.8244124],[0.0232172,5.8253464],[0.0207061,5.8264596],[0.0193495,5.8286711]]]}},{"id":"1171","type":"Feature","properties":{"category":"industrial"},"geometry":{"type":"Polygon","coordinates":[[[0.0316537,5.8157284],[0.0462256,5.8150661],[0.0516152,5.8165061],[0.0526999,5.8179678],[0.0502013,5.8217434],[0.0514716,5.8237605],[0.0527908,5.8300063],[0.0663,5.8315131],[0.0696956,5.8255589],[0.066129,5.823882],[0.0574323,5.8123381],[0.0344936,5.8098591],[0.0307315,5.8126206],[0.0316537,5.8157284]]]}},{"id":"1172","type":"Feature","properties":{"category":"industrial"},"geometry":{"type":"Polygon","coordinates":[[[0.0309233,5.8222405],[0.0344841,5.8230106],[0.0322649,5.8159042],[0.0317555,5.8160444],[0.0309233,5.8222405]]]}},{"id":"1173","type":"Feature","properties":{"category":"industrial"},"geometry":{"type":"Polygon","coordinates":[[[0.0285396,5.8300611],[0.0329861,5.8266493],[0.034932,5.8235292],[0.0287929,5.822122],[0.029621,5.8274387],[0.0285396,5.8300611]]]}},{"id":"1174","type":"Feature","properties":{"category":"industrial"},"geometry":{"type":"Polygon","coordinates":[[[0.0294759,5.8217591],[0.0306255,5.8220787],[0.0314646,5.8159569],[0.0296532,5.8172578],[0.0294759,5.8217591]]]}},{"id":"1175","type":"Feature","properties":{"category":"industrial"},"geometry":{"type":"Polygon","coordinates":[[[0.0351867,5.8236385],[0.037378,5.8270521],[0.0386972,5.8260487],[0.0374713,5.8243267],[0.0351867,5.8236385]]]}},{"id":"1176","type":"Feature","properties":{"category":"industrial"},"geometry":{"type":"Polygon","coordinates":[[[-0.3741802,5.5510433],[-0.3734044,5.5506228],[-0.3741266,5.5504466],[-0.3741802,5.5510433]]]}},{"id":"1177","type":"Feature","properties":{"category":"water"},"geometry":{"type":"Polygon","coordinates":[[[-0.3443414,5.569726],[-0.3417832,5.5691604],[-0.3400733,5.5681607],[-0.3398882,5.5675721],[-0.3403388,5.5672677],[-0.3417121,5.5676348],[-0.3411496,5.5662328],[-0.3395529,5.566292],[-0.3371939,5.5647303],[-0.3366113,5.5647371],[-0.336724,5.5657566],[-0.3347725,5.5658829],[-0.3332881,5.5653086],[-0.3322332,5.5661719],[-0.3326047,5.5668993],[-0.3316686,5.5672103],[-0.3317859,5.5682241],[-0.3314513,5.5670362],[-0.3323726,5.5668573],[-0.3319971,5.5656934],[-0.3335078,5.5647587],[-0.3352899,5.5655863],[-0.3365978,5.5645795],[-0.3371188,5.5645695],[-0.3395677,5.5661085],[-0.3411622,5.5659977],[-0.3418475,5.5677089],[-0.3400572,5.5678237],[-0.3443414,5.569726]]]}},{"id":"1178","type":"Feature","properties":{"category":"wetland"},"geometry":{"type":"Polygon","coordinates":[[[-0.3853825,5.5477116],[-0.3841339,5.5485085],[-0.382998,5.5473458],[-0.3844357,5.5461739],[-0.3853825,5.5477116]]]}},{"id":"1179","type":"Feature","properties":{"category":"forest"},"geometry":{"type":"Polygon","coordinates":[[[-0.139607,5.5630332],[-0.1364017,5.5647444],[-0.1360463,5.5640916],[-0.1382357,5.5629471],[-0.139607,5.5630332]]]}},{"id":"1180","type":"Feature","properties":{"category":"forest"},"geometry":{"type":"Polygon","coordinates":[[[-0.1858136,5.6013943],[-0.1849518,5.6018037],[-0.1850192,5.6012286],[-0.1858136,5.6013943]]]}},{"id":"1181","type":"Feature","properties":{"category":"forest"},"geometry":{"type":"Polygon","coordinates":[[[-0.1842451,5.5998783],[-0.1840734,5.600491],[-0.1835678,5.5997559],[-0.1842451,5.5998783]]]}},{"id":"1182","type":"Feature","properties":{"category":"forest"},"geometry":{"type":"Polygon","coordinates":[[[-0.1873681,5.6003965],[-0.1867959,5.6011857],[-0.1866474,5.6002666],[-0.1873681,5.6003965]]]}},{"id":"1183","type":"Feature","properties":{"category":"water"},"geometry":{"type":"Polygon","coordinates":[[[-0.3324732,5.6236401],[-0.3314459,5.6245957],[-0.3310329,5.6240178],[-0.3319824,5.6230849],[-0.3312193,5.6221773],[-0.3317638,5.6215287],[-0.3324732,5.6236401]]]}},{"id":"1184","type":"Feature","properties":{"category":"water"},"geometry":{"type":"Polygon","coordinates":[[[-0.1400281,5.6321559],[-0.1399614,5.632282],[-0.1399047,5.6322047],[-0.1400281,5.6321559]]]}},{"id":"1185","type":"Feature","properties":{"category":"water"},"geometry":{"type":"Polygon","coordinates":[[[-0.1393381,5.6302419],[-0.1393135,5.6306048],[-0.1391794,5.6302892],[-0.1393381,5.6302419]]]}},{"id":"1186","type":"Feature","properties":{"category":"forest"},"geometry":{"type":"Polygon","coordinates":[[[-0.3598881,5.5001724],[-0.3589184,5.4998934],[-0.3588696,5.4986191],[-0.3598881,5.5001724]]]}},{"id":"1187","type":"Feature","properties":{"category":"forest"},"geometry":{"type":"Polygon","coordinates":[[[-0.3411876,5.5113228],[-0.3414762,5.5134937],[-0.3401761,5.5138086],[-0.3398658,5.511083],[-0.3411876,5.5113228]]]}},{"id":"1188","type":"Feature","properties":{"category":"wetland"},"geometry":{"type":"Polygon","coordinates":[[[-0.3213461,5.5118979],[-0.3174609,5.5161682],[-0.3152105,5.5155515],[-0.3155538,5.514246],[-0.3167367,5.5142753],[-0.3170545,5.5118699],[-0.3195825,5.5100824],[-0.3211583,5.5106978],[-0.3213461,5.5118979]]]}},{"id":"1189","type":"Feature","properties":{"category":"wetland"},"geometry":{"type":"Polygon","coordinates":[[[-0.3117237,5.5138375],[-0.3091353,5.5150015],[-0.3085184,5.5146251],[-0.3091729,5.5145316],[-0.3086297,5.5132915],[-0.310514,5.5135638],[-0.3094773,5.5129485],[-0.3095819,5.5122957],[-0.3110504,5.5124092],[-0.3117237,5.5138375]]]}},{"id":"1190","type":"Feature","properties":{"category":"wetland"},"geometry":{"type":"Polygon","coordinates":[[[-0.3131238,5.5253763],[-0.311206,5.524893],[-0.3100607,5.5273091],[-0.3078559,5.5269487],[-0.3069896,5.5278671],[-0.3052408,5.5279472],[-0.303846,5.5312817],[-0.3025693,5.5309907],[-0.3033659,5.5314632],[-0.3029019,5.5324457],[-0.2981812,5.5317783],[-0.297693,5.5337138],[-0.2986237,5.5343465],[-0.2976944,5.5354171],[-0.2978928,5.5366718],[-0.2950336,5.5379333],[-0.2922656,5.5338473],[-0.2926773,5.5319011],[-0.2907515,5.5301344],[-0.2920134,5.5289897],[-0.2905758,5.5273846],[-0.2927282,5.5261184],[-0.2940854,5.5269728],[-0.2959013,5.5267432],[-0.2956224,5.5286467],[-0.2960086,5.5296612],[-0.2963653,5.5268179],[-0.2956948,5.5263908],[-0.2965584,5.5240521],[-0.298723,5.5259396],[-0.2989107,5.5281822],[-0.3020248,5.5276749],[-0.2999461,5.5266604],[-0.3000507,5.5253335],[-0.3012282,5.5251974],[-0.3011182,5.5242229],[-0.3020436,5.5244312],[-0.3008741,5.5233286],[-0.3011759,5.5223581],[-0.3031862,5.5232525],[-0.3043208,5.522262],[-0.3090025,5.5240948],[-0.3106038,5.5221499],[-0.3131238,5.5253763]]]}},{"id":"1191","type":"Feature","properties":{"category":"wetland"},"geometry":{"type":"Polygon","coordinates":[[[-0.32271,5.5263841],[-0.3211342,5.5265136],[-0.3195865,5.5284398],[-0.3191453,5.5262733],[-0.3172785,5.5243457],[-0.3137139,5.5253709],[-0.310742,5.5217414],[-0.3110907,5.5197858],[-0.3124318,5.5196042],[-0.3080383,5.5186084],[-0.3099588,5.516542],[-0.3136522,5.5172041],[-0.3151649,5.5162884],[-0.3159723,5.5173736],[-0.315468,5.5182306],[-0.3152119,5.5201008],[-0.3165704,5.517108],[-0.3157684,5.515984],[-0.3165489,5.5158826],[-0.3206098,5.5182413],[-0.32098,5.5204519],[-0.3190514,5.5235461],[-0.3198507,5.5243511],[-0.3222205,5.5242149],[-0.32271,5.5263841]]]}},{"id":"1192","type":"Feature","properties":{"category":"wetland"},"geometry":{"type":"Polygon","coordinates":[[[-0.310923,5.5206308],[-0.309256,5.5234647],[-0.3048036,5.5218522],[-0.3055117,5.5194921],[-0.3103691,5.5194027],[-0.310923,5.5206308]]]}},{"id":"1193","type":"Feature","properties":{"category":"wetland"},"geometry":{"type":"Polygon","coordinates":[[[-0.3052247,5.5168223],[-0.2990878,5.5174844],[-0.2985004,5.5168036],[-0.2992085,5.5157624],[-0.3024513,5.5145343],[-0.3039855,5.5148494],[-0.3052247,5.5168223]]]}},{"id":"1194","type":"Feature","properties":{"category":"wetland"},"geometry":{"type":"Polygon","coordinates":[[[-0.3053864,5.5165928],[-0.3041089,5.520293],[-0.3000373,5.5214117],[-0.2989993,5.5232885],[-0.2959419,5.5232611],[-0.2947694,5.5208297],[-0.2953783,5.5204692],[-0.2944851,5.516259],[-0.2975602,5.5169478],[-0.2959496,5.5186885],[-0.2987498,5.5173323],[-0.3044629,5.5172335],[-0.3053864,5.5165928]]]}},{"id":"1195","type":"Feature","properties":{"category":"wetland"},"geometry":{"type":"Polygon","coordinates":[[[-0.307923,5.5144823],[-0.3072256,5.5145997],[-0.305745,5.5135532],[-0.3072457,5.5132675],[-0.3068125,5.5140457],[-0.307923,5.5144823]]]}},{"id":"1196","type":"Feature","properties":{"category":"water"},"geometry":{"type":"Polygon","coordinates":[[[-0.2966335,5.5144542],[-0.296199,5.5155115],[-0.2974033,5.5146545],[-0.3078344,5.5125213],[-0.3091353,5.5150015],[-0.3118363,5.5136052],[-0.3108305,5.5122703],[-0.3098515,5.5127909],[-0.309779,5.5121115],[-0.319671,5.5095578],[-0.3203698,5.5099463],[-0.3170545,5.5118699],[-0.3166375,5.5144596],[-0.3155538,5.514246],[-0.3153178,5.5156877],[-0.3180389,5.515697],[-0.3175306,5.5162457],[-0.3180335,5.5166928],[-0.3158677,5.5158639],[-0.3165704,5.517108],[-0.3152119,5.5201008],[-0.3159669,5.5175538],[-0.3154399,5.5163471],[-0.3136522,5.5172041],[-0.3096557,5.5166835],[-0.3069574,5.5195295],[-0.3053159,5.5196763],[-0.3048036,5.5218522],[-0.308843,5.5234807],[-0.3105193,5.5218815],[-0.3097214,5.5238398],[-0.3043208,5.522262],[-0.3031862,5.5232525],[-0.3011759,5.5223581],[-0.3008741,5.5233286],[-0.3020436,5.5244312],[-0.3011182,5.5242229],[-0.3012282,5.5251974],[-0.3000507,5.5253335],[-0.2999461,5.5266604],[-0.3020248,5.5276749],[-0.2989107,5.5281822],[-0.298723,5.5259396],[-0.2965584,5.5240521],[-0.2956948,5.5263908],[-0.2963653,5.5268179],[-0.2960086,5.5296612],[-0.2955499,5.5265963],[-0.2940854,5.5269728],[-0.2927282,5.5261184],[-0.2903411,5.5273632],[-0.2926371,5.525778],[-0.2946433,5.5255711],[-0.2961588,5.5230562],[-0.2989993,5.5232885],[-0.3000373,5.5214117],[-0.3041089,5.520293],[-0.3056645,5.5169158],[-0.3039855,5.5148494],[-0.3021213,5.514585],[-0.2992085,5.5157624],[-0.2980444,5.5181252],[-0.2959496,5.5186885],[-0.2975602,5.5169478],[-0.2945709,5.5146758],[-0.2966335,5.5144542]],[[-0.3148055,5.5115468],[-0.3137527,5.5117484],[-0.3130446,5.514836],[-0.3143737,5.5140457],[-0.3148055,5.5115468]],[[-0.3141283,5.5149682],[-0.3130822,5.5150216],[-0.3123781,5.5154968],[-0.3130795,5.5154861],[-0.3141283,5.5149682]],[[-0.3108833,5.5150933],[-0.3105024,5.5147408],[-0.3100625,5.514869],[-0.3108833,5.5150933]],[[-0.3085766,5.5154083],[-0.3084532,5.5153816],[-0.3085122,5.5155097],[-0.3085766,5.5154083]],[[-0.3075179,5.5146638],[-0.3074871,5.5132768],[-0.305737,5.5135839],[-0.3075179,5.5146638]],[[-0.3076065,5.5159693],[-0.3074563,5.5157611],[-0.3074992,5.5161148],[-0.3076065,5.5159693]],[[-0.3067039,5.516805],[-0.3063458,5.516255],[-0.3065014,5.5168557],[-0.3067039,5.516805]],[[-0.3057852,5.5146411],[-0.3053708,5.5141419],[-0.3043677,5.5140951],[-0.3050342,5.5153433],[-0.3057852,5.5146411]]]}},{"id":"1197","type":"Feature","properties":{"category":"wetland"},"geometry":{"type":"Polygon","coordinates":[[[-0.3267077,5.5212841],[-0.3251655,5.5247529],[-0.3194149,5.5237864],[-0.3213152,5.5204706],[-0.3212643,5.5186938],[-0.3183447,5.5163057],[-0.3215447,5.51281],[-0.3235629,5.5131954],[-0.3235844,5.5148427],[-0.3215727,5.5161776],[-0.3221655,5.519097],[-0.3233671,5.5200261],[-0.3226697,5.5213075],[-0.3259313,5.5209338],[-0.3267077,5.5212841]]]}},{"id":"1198","type":"Feature","properties":{"category":"wetland"},"geometry":{"type":"Polygon","coordinates":[[[-0.3222393,5.5093482],[-0.3216317,5.5097781],[-0.3213997,5.5106337],[-0.3210349,5.5102106],[-0.32122,5.5096072],[-0.3222393,5.5093482]]]}},{"id":"1199","type":"Feature","properties":{"category":"water"},"geometry":{"type":"Polygon","coordinates":[[[-0.3129172,5.5445567],[-0.3106079,5.5431044],[-0.3101532,5.5431632],[-0.3096409,5.5437145],[-0.308855,5.5439534],[-0.3101975,5.5437705],[-0.3102712,5.5432259],[-0.3101908,5.5441736],[-0.3088161,5.5440829],[-0.3079189,5.5432059],[-0.3062399,5.5441496],[-0.3049189,5.5430217],[-0.3052837,5.5420886],[-0.3043449,5.5423503],[-0.3046332,5.5412437],[-0.3030883,5.5412544],[-0.302922,5.542086],[-0.3022058,5.5422248],[-0.302985,5.5421968],[-0.302631,5.5428054],[-0.3010216,5.5412971],[-0.3008004,5.5418564],[-0.3014508,5.5417789],[-0.300685,5.5419605],[-0.3005818,5.5410701],[-0.2996054,5.5413838],[-0.2995303,5.5410555],[-0.3004906,5.539172],[-0.2996483,5.5381509],[-0.3004248,5.5376276],[-0.3013006,5.5376863],[-0.3014481,5.5373313],[-0.299765,5.5366999],[-0.2992286,5.5350046],[-0.2979827,5.5351274],[-0.2981208,5.5364182],[-0.2978526,5.5370136],[-0.2947399,5.5380521],[-0.2937126,5.5371204],[-0.2920081,5.533902],[-0.2923742,5.5320546],[-0.2908373,5.5309146],[-0.2918123,5.5335069],[-0.2902431,5.5302472],[-0.2917224,5.5288589],[-0.2907796,5.5284878],[-0.2914153,5.5288042],[-0.290844,5.5291379],[-0.2900863,5.5276335],[-0.2887546,5.5273025],[-0.2905758,5.5273846],[-0.2919766,5.5288976],[-0.2907515,5.5301344],[-0.2926773,5.5319011],[-0.2922656,5.5338473],[-0.2948217,5.5378612],[-0.2978137,5.5368227],[-0.2977976,5.5351434],[-0.2992165,5.5347777],[-0.2997825,5.5364009],[-0.3012483,5.5369094],[-0.3020811,5.5377517],[-0.3016023,5.5380307],[-0.2998951,5.5380708],[-0.3007159,5.5392494],[-0.3006072,5.5408165],[-0.3024499,5.5420593],[-0.3031446,5.5407498],[-0.3048398,5.5411316],[-0.3056243,5.5422355],[-0.3051656,5.543051],[-0.3061326,5.5436397],[-0.3078157,5.5429189],[-0.3094022,5.5436384],[-0.3105059,5.5428255],[-0.3129172,5.5445567]],[[-0.301839,5.5378011],[-0.3015587,5.537364],[-0.30143,5.5377698],[-0.301839,5.5378011]],[[-0.3004771,5.5407912],[-0.300272,5.5397967],[-0.2997006,5.5412423],[-0.3004771,5.5407912]]]}},{"id":"1200","type":"Feature","properties":{"category":"water"},"geometry":{"type":"Polygon","coordinates":[[[-0.2814858,5.5186825],[-0.2814952,5.5200581],[-0.2805443,5.5207476],[-0.2814858,5.5186825]]]}},{"id":"1201","type":"Feature","properties":{"category":"wetland"},"geometry":{"type":"Polygon","coordinates":[[[-0.2861461,5.5651061],[-0.2849847,5.5644147],[-0.2852047,5.5657868],[-0.2837666,5.5631749],[-0.2863312,5.5645054],[-0.2861461,5.5651061]]]}},{"id":"1202","type":"Feature","properties":{"category":"landfill"},"geometry":{"type":"Polygon","coordinates":[[[-0.2848613,5.563515],[-0.2839467,5.5630639],[-0.2825466,5.5590755],[-0.285151,5.5624178],[-0.2848613,5.563515]]]}},{"id":"1203","type":"Feature","properties":{"category":"wetland"},"geometry":{"type":"Polygon","coordinates":[[[-0.2848586,5.5620788],[-0.2829167,5.5590141],[-0.2822998,5.5595106],[-0.2839467,5.5630639],[-0.2802855,5.5623564],[-0.2812779,5.5617317],[-0.281176,5.5563765],[-0.2828926,5.5564193],[-0.2858028,5.5598257],[-0.2861086,5.5608561],[-0.2848586,5.5620788]]]}},{"id":"1204","type":"Feature","properties":{"category":"water"},"geometry":{"type":"Polygon","coordinates":[[[-0.2848291,5.5198585],[-0.2843514,5.5202505],[-0.2842491,5.5202096],[-0.2848291,5.5198585]]]}},{"id":"1205","type":"Feature","properties":{"category":"wetland"},"geometry":{"type":"Polygon","coordinates":[[[-0.2956894,5.5234994],[-0.2946433,5.5255711],[-0.2926371,5.525778],[-0.290156,5.52744],[-0.2887546,5.5273025],[-0.2884476,5.5266686],[-0.2956894,5.5234994]]]}},{"id":"1206","type":"Feature","properties":{"category":"wetland"},"geometry":{"type":"Polygon","coordinates":[[[-0.2923742,5.5320546],[-0.2920081,5.533902],[-0.2908373,5.5309146],[-0.2923742,5.5320546]]]}},{"id":"1207","type":"Feature","properties":{"category":"water"},"geometry":{"type":"Polygon","coordinates":[[[-0.3865042,5.5139085],[-0.3857815,5.5144997],[-0.386096,5.5137119],[-0.3865042,5.5139085]]]}},{"id":"1208","type":"Feature","properties":{"category":"forest"},"geometry":{"type":"Polygon","coordinates":[[[-0.1233682,5.800925],[-0.1239717,5.802326],[-0.1225957,5.8017176],[-0.1233682,5.800925]]]}},{"id":"1209","type":"Feature","properties":{"category":"forest"},"geometry":{"type":"Polygon","coordinates":[[[-0.1219842,5.7991358],[-0.1219453,5.8001005],[-0.1200409,5.799352],[-0.120443,5.7988611],[-0.1219842,5.7991358]]]}},{"id":"1210","type":"Feature","properties":{"category":"forest"},"geometry":{"type":"Polygon","coordinates":[[[-0.1246615,5.7928077],[-0.1241154,5.7944334],[-0.1236702,5.7934607],[-0.1246615,5.7928077]]]}},{"id":"1211","type":"Feature","properties":{"category":"forest"},"geometry":{"type":"Polygon","coordinates":[[[-0.1495714,5.7488211],[-0.1487284,5.7491615],[-0.1490474,5.7485504],[-0.1495714,5.7488211]]]}},{"id":"1212","type":"Feature","properties":{"category":"water"},"geometry":{"type":"Polygon","coordinates":[[[-0.1815961,5.5947868],[-0.1816753,5.5950484],[-0.1811267,5.5948909],[-0.1815961,5.5947868]]]}},{"id":"1213","type":"Feature","properties":{"category":"water"},"geometry":{"type":"Polygon","coordinates":[[[-0.2224571,5.5420926],[-0.2206868,5.5459169],[-0.2183747,5.5482115],[-0.2224571,5.5420926]]]}},{"id":"1214","type":"Feature","properties":{"category":"forest"},"geometry":{"type":"Polygon","coordinates":[[[-0.3495723,5.6784569],[-0.3497279,5.6790468],[-0.3494462,5.6786798],[-0.3495723,5.6784569]]]}},{"id":"1215","type":"Feature","properties":{"category":"forest"},"geometry":{"type":"Polygon","coordinates":[[[-0.3513723,5.6786904],[-0.3506749,5.6799181],[-0.3495967,5.6799288],[-0.3500471,5.6790855],[-0.3513723,5.6786904]]]}},{"id":"1216","type":"Feature","properties":{"category":"cemetery"},"geometry":{"type":"Polygon","coordinates":[[[-0.3129072,5.7255829],[-0.3133666,5.7259318],[-0.3129236,5.7258256],[-0.3129072,5.7255829]]]}},{"id":"1217","type":"Feature","properties":{"category":"forest"},"geometry":{"type":"Polygon","coordinates":[[[-0.4753665,5.4059719],[-0.4781781,5.409406],[-0.4788991,5.4088555],[-0.4791728,5.4100724],[-0.4800835,5.4091038],[-0.481484,5.4103883],[-0.4807459,5.4075872],[-0.4787874,5.4048686],[-0.4795638,5.404611],[-0.4795607,5.4059281],[-0.4801515,5.4065379],[-0.4800638,5.404556],[-0.4825464,5.4027104],[-0.4825213,5.4014154],[-0.4847987,5.3994588],[-0.4859288,5.4004454],[-0.4858224,5.403243],[-0.4870146,5.4028912],[-0.487493,5.403848],[-0.486469,5.4047522],[-0.4880124,5.4043873],[-0.4891479,5.4059416],[-0.4876749,5.4066154],[-0.4868021,5.4058996],[-0.4879322,5.407651],[-0.487023,5.4096003],[-0.4906007,5.4117945],[-0.4835485,5.419001],[-0.4835399,5.4166105],[-0.4827347,5.4170276],[-0.4825987,5.4152138],[-0.4814054,5.4156432],[-0.4818981,5.4136134],[-0.4788964,5.4143612],[-0.4755417,5.4097167],[-0.4761049,5.4091293],[-0.4774763,5.409982],[-0.4764271,5.408642],[-0.4750222,5.4092985],[-0.47477681812448597,5.4104445283093385],[-0.4743527,5.4087753],[-0.4753665,5.4059719]]]}},{"id":"1218","type":"Feature","properties":{"category":"water"},"geometry":{"type":"Polygon","coordinates":[[[-0.4825464,5.4027104],[-0.4800638,5.404556],[-0.4800458,5.4065541],[-0.4791109,5.4046248],[-0.4817001,5.4030974],[-0.4822905,5.401846],[-0.4825464,5.4027104]]]}},{"id":"1219","type":"Feature","properties":{"category":"industrial"},"geometry":{"type":"Polygon","coordinates":[[[-0.3496446,5.5327975],[-0.3491879,5.5382806],[-0.3477325,5.5392705],[-0.344314,5.5371635],[-0.3481463,5.5315969],[-0.3496446,5.5327975]]]}},{"id":"1220","type":"Feature","properties":{"category":"industrial"},"geometry":{"type":"Polygon","coordinates":[[[-0.3459603,5.5383912],[-0.344743,5.5396548],[-0.3440944,5.5386006],[-0.3449149,5.5377007],[-0.3459603,5.5383912]]]}},{"id":"1221","type":"Feature","properties":{"category":"industrial"},"geometry":{"type":"Polygon","coordinates":[[[-0.3446144,5.5397179],[-0.3430083,5.5407861],[-0.3420669,5.5394124],[-0.3439796,5.5386291],[-0.3446144,5.5397179]]]}},{"id":"1222","type":"Feature","properties":{"category":"forest"},"geometry":{"type":"Polygon","coordinates":[[[-0.3320289,5.5147956],[-0.3309352,5.5175686],[-0.3298039,5.517626],[-0.3320289,5.5147956]]]}},{"id":"1223","type":"Feature","properties":{"category":"forest"},"geometry":{"type":"Polygon","coordinates":[[[-0.3244333,5.527464],[-0.3243032,5.5299388],[-0.3230292,5.5294476],[-0.3243367,5.5287508],[-0.3244333,5.527464]]]}},{"id":"1224","type":"Feature","properties":{"category":"forest"},"geometry":{"type":"Polygon","coordinates":[[[-0.3230922,5.5308012],[-0.3237351,5.5309617],[-0.3235991,5.5319985],[-0.3230922,5.5308012]]]}},{"id":"1225","type":"Feature","properties":{"category":"wetland"},"geometry":{"type":"Polygon","coordinates":[[[-0.3226912,5.5267685],[-0.3215755,5.5273813],[-0.3211489,5.5269274],[-0.3226912,5.5267685]]]}},{"id":"1226","type":"Feature","properties":{"category":"industrial"},"geometry":{"type":"Polygon","coordinates":[[[-0.3269455,5.5520132],[-0.3270649,5.5511325],[-0.3260706,5.5498493],[-0.3279769,5.5514889],[-0.3269455,5.5520132]]]}},{"id":"1227","type":"Feature","properties":{"category":"wetland"},"geometry":{"type":"Polygon","coordinates":[[[-0.31584,5.5429385],[-0.3146604,5.5432405],[-0.3137778,5.5451768],[-0.3142315,5.5461432],[-0.313402,5.5468433],[-0.3133115,5.5439707],[-0.3144106,5.5435076],[-0.3156678,5.5409273],[-0.31584,5.5429385]]]}},{"id":"1228","type":"Feature","properties":{"category":"wetland"},"geometry":{"type":"Polygon","coordinates":[[[-0.3150527,5.547717],[-0.3135999,5.5483278],[-0.3132686,5.5490925],[-0.3131432,5.5483683],[-0.3150527,5.547717]]]}},{"id":"1229","type":"Feature","properties":{"category":"industrial"},"geometry":{"type":"Polygon","coordinates":[[[-0.344046,5.5424592],[-0.3429795,5.5421908],[-0.3433464,5.5417588],[-0.344046,5.5424592]]]}},{"id":"1230","type":"Feature","properties":{"category":"forest"},"geometry":{"type":"Polygon","coordinates":[[[-0.3413011,5.5416265],[-0.340942,5.5423675],[-0.3409558,5.5416083],[-0.3413011,5.5416265]]]}},{"id":"1231","type":"Feature","properties":{"category":"forest"},"geometry":{"type":"Polygon","coordinates":[[[-0.3420079,5.5432523],[-0.342092,5.541969],[-0.3424129,5.5415906],[-0.3429795,5.5421908],[-0.3420079,5.5432523]]]}},{"id":"1232","type":"Feature","properties":{"category":"water"},"geometry":{"type":"Polygon","coordinates":[[[-0.5042462,5.3790408],[-0.5025167,5.3784395],[-0.5023374,5.3775233],[-0.5038427,5.3777535],[-0.5042462,5.3790408]]]}},{"id":"1233","type":"Feature","properties":{"category":"forest"},"geometry":{"type":"Polygon","coordinates":[[[-0.557315748283272,5.366982918623433],[-0.5571941,5.3687885],[-0.5561573,5.3699755],[-0.556786,5.3761564],[-0.5493533,5.3866783],[-0.5482018,5.3895765],[-0.5445049,5.3928271],[-0.5407928,5.3946358],[-0.5392442,5.3943915],[-0.536283,5.3977312],[-0.5342312,5.3962034],[-0.5327194,5.3967841],[-0.5325387,5.3984037],[-0.5307476,5.3986409],[-0.5307229,5.3995734],[-0.5321196,5.4001296],[-0.5326281,5.4089107],[-0.5306353,5.4101127],[-0.5295526,5.4123677],[-0.5280458,5.4113759],[-0.5273609,5.4128264],[-0.5260782,5.4133099],[-0.5268503,5.4163102],[-0.526265,5.4170788],[-0.5252438,5.4167689],[-0.5227422,5.4199278],[-0.5200807,5.4205808],[-0.5185042,5.4229593],[-0.5176548,5.4227423],[-0.5169967,5.4236627],[-0.5165464,5.4229402],[-0.5165445,5.4242527],[-0.5131124,5.4268449],[-0.5150857,5.4243929],[-0.5137656,5.4236955],[-0.5130148,5.4247716],[-0.5111283,5.4246549],[-0.5114909,5.4237326],[-0.5099742,5.423859],[-0.5090581,5.4227394],[-0.5093692,5.4215004],[-0.5085638,5.4207195],[-0.5094368,5.4203296],[-0.5084783,5.4202278],[-0.5081972,5.4188722],[-0.5099786,5.4181464],[-0.5081288,5.4180547],[-0.5090427,5.4172072],[-0.5075243,5.4159548],[-0.5087984,5.4153135],[-0.5085365,5.4147475],[-0.5072978,5.4154568],[-0.507933,5.4138397],[-0.5067863,5.4143212],[-0.5058413,5.4121398],[-0.5069071,5.4123107],[-0.5083075,5.4111659],[-0.5075373,5.4085483],[-0.5116452,5.4067846],[-0.5089957,5.3998387],[-0.5081717,5.4002202],[-0.5074373,5.3969175],[-0.5114511,5.3963125],[-0.5112738,5.3932998],[-0.5105774,5.3932998],[-0.5112872,5.3866363],[-0.5147594,5.392805],[-0.5156782,5.3926796],[-0.5119037,5.3859028],[-0.5106148,5.3817383],[-0.5113129,5.3814988],[-0.5132798,5.384941],[-0.5145537,5.3845256],[-0.5142573,5.3830751],[-0.5160758,5.3824873],[-0.5159712,5.3813622],[-0.5177692,5.3809715],[-0.5167495,5.3801165],[-0.5157965,5.3734903],[-0.5174843,5.3730056],[-0.5185524,5.3739729],[-0.5193575,5.3733348],[-0.5187228,5.3726702],[-0.5206587,5.3721411],[-0.5541865,5.3652076],[-0.557315748283272,5.366982918623433]]]}},{"id":"1234","type":"Feature","properties":{"category":"wetland"},"geometry":{"type":"Polygon","coordinates":[[[-0.5154914,5.3929896],[-0.5147594,5.392805],[-0.5084482,5.3825621],[-0.5097063,5.3821127],[-0.5114561,5.3841648],[-0.515016,5.3904645],[-0.5154914,5.3929896]]]}},{"id":"1235","type":"Feature","properties":{"category":"forest"},"geometry":{"type":"Polygon","coordinates":[[[-0.5089285,5.3860839],[-0.508832,5.3852015],[-0.509535,5.3849454],[-0.5087268,5.3834909],[-0.5107637,5.3857082],[-0.5089285,5.3860839]]]}},{"id":"1236","type":"Feature","properties":{"category":"wetland"},"geometry":{"type":"Polygon","coordinates":[[[-0.5490455,5.3916889],[-0.5471669,5.3964198],[-0.5458842,5.396581],[-0.5473537,5.3949444],[-0.5475372,5.3934538],[-0.5450652,5.3949168],[-0.5448224,5.3941419],[-0.5498101,5.3901365],[-0.5502588,5.3854515],[-0.5512814609270523,5.38442935497281],[-0.5503988,5.386177],[-0.5506865,5.3895874],[-0.5490455,5.3916889]]]}},{"id":"1237","type":"Feature","properties":{"category":"forest"},"geometry":{"type":"Polygon","coordinates":[[[-0.5051802,5.3772323],[-0.5040148,5.3768041],[-0.5067712,5.376027],[-0.5069397,5.3764063],[-0.5051802,5.3772323]]]}},{"id":"1238","type":"Feature","properties":{"category":"forest"},"geometry":{"type":"Polygon","coordinates":[[[-0.5067286,5.3797441],[-0.5059777,5.3785818],[-0.5080948,5.377446],[-0.5067712,5.376027],[-0.5075504,5.3758314],[-0.5085326,5.3786522],[-0.5067286,5.3797441]]]}},{"id":"1239","type":"Feature","properties":{"category":"forest"},"geometry":{"type":"Polygon","coordinates":[[[-0.5061062,5.3814034],[-0.5015976,5.379009],[-0.502322,5.3824753],[-0.5012507,5.3831908],[-0.5003905,5.3817689],[-0.5010745,5.380798],[-0.5004576,5.3789618],[-0.5016126,5.3778253],[-0.5044534,5.3800334],[-0.5066344,5.3806009],[-0.5061062,5.3814034]]]}},{"id":"1240","type":"Feature","properties":{"category":"wetland"},"geometry":{"type":"Polygon","coordinates":[[[-0.5095134,5.3819143],[-0.5044534,5.3800334],[-0.5016126,5.3778253],[-0.5028495,5.377201],[-0.5037492,5.3774273],[-0.5055176,5.3796219],[-0.5087752,5.3807142],[-0.5095134,5.3819143]],[[-0.5041471,5.3793039],[-0.5038427,5.3777535],[-0.5023374,5.3775233],[-0.5025167,5.3784395],[-0.5041471,5.3793039]]]}},{"id":"1241","type":"Feature","properties":{"category":"forest"},"geometry":{"type":"Polygon","coordinates":[[[-0.5099435,5.381722],[-0.5090744,5.3812875],[-0.50959,5.3810751],[-0.5099435,5.381722]]]}},{"id":"1242","type":"Feature","properties":{"category":"forest"},"geometry":{"type":"Polygon","coordinates":[[[-0.5102133,5.3819029],[-0.5104273,5.383197],[-0.5097063,5.3821127],[-0.5102133,5.3819029]]]}},{"id":"1243","type":"Feature","properties":{"category":"forest"},"geometry":{"type":"MultiPolygon","coordinates":[[[[-0.5463751,5.4164786],[-0.5449267,5.4120983],[-0.5467075,5.4106849],[-0.5437063,5.410313],[-0.5427349,5.4084409],[-0.5444037,5.4074987],[-0.5451384,5.4089492],[-0.5472804,5.4092716],[-0.5485755,5.4116024],[-0.5490915,5.4095648],[-0.5512195,5.409708],[-0.5511209,5.4087141],[-0.5496509,5.4079965],[-0.5503349,5.4046505],[-0.5517152,5.4043438],[-0.5526575,5.4026119],[-0.551574,5.4004298],[-0.5521234,5.3986361],[-0.5564891,5.4011182],[-0.5578439,5.4030325],[-0.5573076,5.410404],[-0.5592107,5.4149046],[-0.5592818,5.417729],[-0.5569275,5.4161802],[-0.5577379934380573,5.417584330579358],[-0.5509268,5.4162522],[-0.5463751,5.4164786]]],[[[-0.5437966334806674,5.421290793424232],[-0.5410388,5.4203767],[-0.5423271,5.4201812],[-0.5448103,5.4161909],[-0.545365314336885,5.417129112454183],[-0.5440127,5.4178239],[-0.5437966334806674,5.421290793424232]]]]}},{"id":"1244","type":"Feature","properties":{"category":"forest"},"geometry":{"type":"Polygon","coordinates":[[[-0.478135,5.4207352],[-0.4797068,5.4196969],[-0.4812145,5.4239527],[-0.4820357,5.4235506],[-0.4828424,5.4250422],[-0.4834754,5.4245829],[-0.4808519,5.4195382],[-0.4841283,5.4189845],[-0.4885482,5.4138584],[-0.4924492,5.4109756],[-0.4938696,5.4114383],[-0.4955205,5.4096241],[-0.4966455,5.4105861],[-0.4993923,5.4096874],[-0.4996303,5.4117401],[-0.5007104,5.4111811],[-0.5014465,5.4131409],[-0.5040898,5.412022],[-0.5046574,5.4132843],[-0.5033529,5.4139414],[-0.5036515,5.4144863],[-0.5048245,5.4138882],[-0.5051706,5.4145656],[-0.5022666,5.4167761],[-0.5013523,5.4166308],[-0.5022272,5.4174212],[-0.4997172,5.4176278],[-0.4999353,5.4181369],[-0.4975765,5.4199147],[-0.4987309,5.4217491],[-0.5068952,5.4184309],[-0.5068222,5.4169461],[-0.5057156,5.417383],[-0.5050975,5.4159783],[-0.5069803,5.4152008],[-0.5087666,5.4225405],[-0.5103461,5.4248017],[-0.5080633,5.425692],[-0.509413,5.4252427],[-0.5102898,5.4259467],[-0.5090276,5.4275411],[-0.5080906,5.4270117],[-0.5077195,5.4286312],[-0.5072702,5.4268235],[-0.5061077,5.4265168],[-0.506053,5.4288814],[-0.5077045,5.4306284],[-0.506226,5.4315075],[-0.5058846,5.4296425],[-0.5031797,5.4309732],[-0.5027588,5.4304996],[-0.5011905,5.4324406],[-0.5027611,5.4321842],[-0.503339,5.4328426],[-0.50113,5.4350646],[-0.49134826512506063,5.436091430070166],[-0.4913804,5.433291],[-0.48859,5.4320668],[-0.4877848,5.431985],[-0.4881586,5.4332855],[-0.4871111,5.4343549],[-0.4831641628519205,5.433411705819344],[-0.478135,5.4207352]],[[-0.4830089,5.4308906],[-0.4827249,5.4319476],[-0.4844107,5.4325967],[-0.4847553,5.4314886],[-0.4830089,5.4308906]]]}},{"id":"1245","type":"Feature","properties":{"category":"water"},"geometry":{"type":"Polygon","coordinates":[[[-0.3424619,5.5040891],[-0.3402369,5.5049443],[-0.3377352,5.504936],[-0.3413474,5.5035968],[-0.3424619,5.5040891]]]}},{"id":"1246","type":"Feature","properties":{"category":"wetland"},"geometry":{"type":"Polygon","coordinates":[[[-0.3385808,5.5052299],[-0.3343522,5.5063405],[-0.3336869,5.5058801],[-0.3369907,5.5046153],[-0.3385808,5.5052299]]]}},{"id":"1247","type":"Feature","properties":{"category":"wetland"},"geometry":{"type":"Polygon","coordinates":[[[-0.3400379,5.5040036],[-0.3382441,5.5048446],[-0.3380395,5.5046782],[-0.3383261,5.5042692],[-0.3400379,5.5040036]]]}},{"id":"1248","type":"Feature","properties":{"category":"wetland"},"geometry":{"type":"Polygon","coordinates":[[[-0.3341644,5.5065649],[-0.3323288,5.5076499],[-0.3306265,5.5080747],[-0.3332415,5.5064529],[-0.3341644,5.5065649]]]}},{"id":"1249","type":"Feature","properties":{"category":"forest"},"geometry":{"type":"Polygon","coordinates":[[[-0.3839556,5.5462806],[-0.3789103,5.5503652],[-0.3735606,5.5513329],[-0.3752883,5.550033],[-0.3770083,5.5498831],[-0.3839556,5.5462806]]]}},{"id":"1250","type":"Feature","properties":{"category":"wetland"},"geometry":{"type":"Polygon","coordinates":[[[-0.3844274,5.5486044],[-0.3844329,5.5501579],[-0.3820427,5.5504739],[-0.3820821,5.5520267],[-0.3809901,5.5533077],[-0.3818782,5.5552773],[-0.3811084,5.5554094],[-0.3807369,5.552577],[-0.3818527,5.5519296],[-0.3819023,5.5503478],[-0.3844274,5.5486044]]]}},{"id":"1251","type":"Feature","properties":{"category":"forest"},"geometry":{"type":"Polygon","coordinates":[[[-0.3858237,5.5476108],[-0.3849683,5.550611],[-0.3827459,5.5504564],[-0.3825071,5.5523956],[-0.3813853,5.553021],[-0.3817318,5.5548362],[-0.3840203,5.5530639],[-0.3843255,5.5535691],[-0.3815846,5.5551517],[-0.3810086,5.5529479],[-0.3820821,5.5520267],[-0.3820427,5.5504739],[-0.3844329,5.5501579],[-0.3844274,5.5486044],[-0.3854871,5.5474179],[-0.38405,5.5461612],[-0.3849815,5.5457227],[-0.3858237,5.5476108]]]}},{"id":"1252","type":"Feature","properties":{"category":"water"},"geometry":{"type":"Polygon","coordinates":[[[-0.3447696,5.6003322],[-0.3442214,5.6003995],[-0.3444191,5.60014],[-0.3447696,5.6003322]]]}},{"id":"1253","type":"Feature","properties":{"category":"forest"},"geometry":{"type":"Polygon","coordinates":[[[-0.3503444,5.5991329],[-0.3491301,5.601696],[-0.3463811,5.6039922],[-0.3454167,5.6039946],[-0.3457253,5.601801],[-0.3440268,5.5999956],[-0.3463242,5.5999716],[-0.3468351,5.6019322],[-0.3485263,5.6006322],[-0.34882,5.5989265],[-0.3476854,5.5957445],[-0.3482663,5.5969533],[-0.3495248,5.5966549],[-0.3503444,5.5991329]]]}},{"id":"1254","type":"Feature","properties":{"category":"forest"},"geometry":{"type":"Polygon","coordinates":[[[-0.352011,5.5945483],[-0.350714,5.5947584],[-0.3494191,5.596302],[-0.3490099,5.5952852],[-0.3481184,5.5952321],[-0.3479213,5.5959517],[-0.3456918,5.595545],[-0.3469974,5.5942657],[-0.3484807,5.5946261],[-0.3508403,5.59327],[-0.3520218,5.5937617],[-0.352011,5.5945483]]]}},{"id":"1255","type":"Feature","properties":{"category":"forest"},"geometry":{"type":"Polygon","coordinates":[[[-0.36275,5.5975651],[-0.3615725,5.5980936],[-0.3596288,5.6020221],[-0.3581787,5.6014818],[-0.3597883,5.5992845],[-0.3581687,5.5983363],[-0.3543129,5.5973304],[-0.3537639,5.5976222],[-0.354261,5.5982024],[-0.3527738,5.5987967],[-0.3513223,5.5984718],[-0.3511552,5.5948422],[-0.3522921,5.5946354],[-0.3525898,5.5964439],[-0.354116,5.5962624],[-0.3564683,5.5932059],[-0.3575398,5.5927308],[-0.3589104,5.593278],[-0.3603146,5.5922155],[-0.3614491,5.5940388],[-0.3602609,5.5959795],[-0.3624013,5.596556],[-0.36275,5.5975651]]]}},{"id":"1256","type":"Feature","properties":{"category":"wetland"},"geometry":{"type":"Polygon","coordinates":[[[0.5484742,5.9311474],[0.5491501,5.9332817],[0.549649,5.9321025],[0.5521917,5.9323106],[0.5513656,5.9283781],[0.5509767,5.9317984],[0.5484742,5.9311474]]]}},{"id":"1257","type":"Feature","properties":{"category":"wetland"},"geometry":{"type":"Polygon","coordinates":[[[0.5474804,5.9351372],[0.5478117,5.9379504],[0.5492842,5.9371287],[0.5507755,5.9374035],[0.552991,5.9348184],[0.5535006,5.9320705],[0.5504541,5.9344122],[0.5504295,5.9352372],[0.5474804,5.9351372]]]}},{"id":"1258","type":"Feature","properties":{"category":"water"},"geometry":{"type":"Polygon","coordinates":[[[0.5149262,5.9645248],[0.5156049,5.9644479],[0.5155064,5.9635704],[0.5148886,5.9636626],[0.5149262,5.9645248]]]}},{"id":"1259","type":"Feature","properties":{"category":"water"},"geometry":{"type":"Polygon","coordinates":[[[0.5020854,5.9480106],[0.5033916,5.9502596],[0.5051565,5.9495099],[0.5032521,5.9470422],[0.5020854,5.9480106]]]}},{"id":"1260","type":"Feature","properties":{"category":"wetland"},"geometry":{"type":"Polygon","coordinates":[[[0.5479136,5.9252221],[0.5485734,5.9255929],[0.5492869,5.9265347],[0.5503088,5.9273804],[0.548898,5.9256676],[0.5490428,5.9246005],[0.5504161,5.9237467],[0.5523044,5.925817],[0.5525726,5.9231705],[0.5494156,5.9228957],[0.5479136,5.9252221]]]}},{"id":"1261","type":"Feature","properties":{"category":"water"},"geometry":{"type":"Polygon","coordinates":[[[0.5610028,5.9269669],[0.5666327,5.9260038],[0.5680302,5.9248379],[0.5686337,5.9269028],[0.5698246,5.9270949],[0.5686873,5.9261505],[0.5682796,5.9244244],[0.5641973,5.9263613],[0.5614856,5.925825],[0.5606005,5.9263186],[0.5610028,5.9269669]]]}},{"id":"1262","type":"Feature","properties":{"category":"wetland"},"geometry":{"type":"Polygon","coordinates":[[[0.5621481,5.9263453],[0.5641973,5.9263613],[0.5682796,5.9244244],[0.5689555,5.9266014],[0.5718148,5.9282661],[0.5757362,5.9323213],[0.5745935,5.9282608],[0.5714232,5.9258437],[0.5716002,5.9248779],[0.5764925,5.924243],[0.575735,5.921778],[0.5779678,5.9217191],[0.578692,5.9206306],[0.5771577,5.9201024],[0.577934,5.918954],[0.5761063,5.918539],[0.5773562,5.9178507],[0.5767983,5.9158818],[0.57769,5.915861],[0.5788314,5.9138915],[0.579753,5.91484],[0.5800455,5.9134832],[0.5814385,5.9133392],[0.5809182,5.9125362],[0.5821761,5.9114903],[0.5828601,5.9086169],[0.5738667,5.9172424],[0.5719918,5.91788],[0.5712837,5.9194648],[0.5647793,5.9234933],[0.5621481,5.9263453]]]}},{"id":"1263","type":"Feature","properties":{"category":"water"},"geometry":{"type":"Polygon","coordinates":[[[0.5569527,5.9235947],[0.5587685,5.926508],[0.5614856,5.925825],[0.561845,5.922949],[0.5595437,5.9219512],[0.5594632,5.9209775],[0.5608606,5.9208841],[0.5592433,5.9192487],[0.55765,5.9194941],[0.5569527,5.9235947]]]}},{"id":"1264","type":"Feature","properties":{"category":"water"},"geometry":{"type":"Polygon","coordinates":[[[0.5746901,5.9321345],[0.5718148,5.9282661],[0.5693471,5.927335],[0.5711254,5.9285889],[0.5713561,5.9293653],[0.570125,5.9306725],[0.5711845,5.9320545],[0.5695778,5.9320918],[0.5664021,5.9355067],[0.5664316,5.9378143],[0.561558,5.9399192],[0.5599192,5.9391482],[0.5591172,5.939295],[0.5542110613295272,5.945163821071918],[0.5596715,5.9394042],[0.5614525,5.9403219],[0.5669135,5.9377394],[0.5665272,5.9360106],[0.5691665,5.9327025],[0.5714929,5.9320918],[0.5705827,5.9303868],[0.5719452,5.9298106],[0.5746901,5.9321345]]]}},{"id":"1265","type":"Feature","properties":{"category":"water"},"geometry":{"type":"Polygon","coordinates":[[[0.3910379,5.9317997],[0.3916535,5.9321999],[0.3914013,5.9317277],[0.3910379,5.9317997]]]}},{"id":"1266","type":"Feature","properties":{"category":"water"},"geometry":{"type":"Polygon","coordinates":[[[0.3952114,5.9337245],[0.3964278,5.9345396],[0.3971225,5.9344635],[0.3968436,5.933183],[0.3952114,5.9337245]]]}},{"id":"1267","type":"Feature","properties":{"category":"water"},"geometry":{"type":"Polygon","coordinates":[[[0.3881277,5.9358775],[0.3891952,5.9358388],[0.3888533,5.9349704],[0.3883262,5.9352145],[0.3881277,5.9358775]]]}},{"id":"1268","type":"Feature","properties":{"category":"water"},"geometry":{"type":"Polygon","coordinates":[[[0.3688118,5.9422162],[0.3693724,5.9439796],[0.3706893,5.9430966],[0.3701663,5.9422589],[0.3688118,5.9422162]]]}},{"id":"1269","type":"Feature","properties":{"category":"water"},"geometry":{"type":"Polygon","coordinates":[[[0.416303,5.957057],[0.4171184,5.9573211],[0.4174322,5.9569022],[0.4169065,5.956278],[0.416303,5.957057]]]}},{"id":"1270","type":"Feature","properties":{"category":"water"},"geometry":{"type":"Polygon","coordinates":[[[0.4160348,5.948176],[0.4182181,5.950481],[0.4189154,5.9477198],[0.4160348,5.948176]]]}},{"id":"1271","type":"Feature","properties":{"category":"water"},"geometry":{"type":"Polygon","coordinates":[[[0.3983791,5.9476118],[0.3981699,5.9480586],[0.3986755,5.9478452],[0.3983791,5.9476118]]]}},{"id":"1272","type":"Feature","properties":{"category":"water"},"geometry":{"type":"Polygon","coordinates":[[[0.3933701,5.9461872],[0.3941587,5.94659],[0.3943035,5.9461499],[0.3933701,5.9461872]]]}},{"id":"1273","type":"Feature","properties":{"category":"water"},"geometry":{"type":"Polygon","coordinates":[[[0.4003251,5.9604476],[0.4007864,5.9610999],[0.4008374,5.9601889],[0.4003251,5.9604476]]]}},{"id":"1274","type":"Feature","properties":{"category":"water"},"geometry":{"type":"Polygon","coordinates":[[[0.3993514,5.9631313],[0.398587,5.9625498],[0.3983027,5.9626431],[0.3983688483462859,5.962889092513052],[0.3993514,5.9631313]]]}},{"id":"1275","type":"Feature","properties":{"category":"wetland"},"geometry":{"type":"Polygon","coordinates":[[[0.4941997,5.9786331],[0.4963213,5.9809259],[0.4970801,5.9807053],[0.4972225,5.9799135],[0.4941997,5.9786331]]]}},{"id":"1276","type":"Feature","properties":{"category":"water"},"geometry":{"type":"Polygon","coordinates":[[[0.4908791,5.9876896],[0.4899618,5.9863745],[0.4903051,5.9834401],[0.4945725,5.9790332],[0.490758,5.9765693],[0.4900476,5.9777768],[0.4887414,5.9781262],[0.485158,5.9748771],[0.4831302,5.9749411],[0.4828352,5.9763549],[0.4850346,5.9811673],[0.484482,5.9824318],[0.4821163,5.9835095],[0.4849327,5.9877189],[0.4854691,5.9901411],[0.4846269,5.9914909],[0.4824436,5.9921097],[0.4801208,5.9896396],[0.4772991,5.9927873],[0.4774868,5.9936463],[0.4791498,5.9939824],[0.4788709,5.9957536],[0.4805177,5.9961644],[0.4815584,5.9977489],[0.4785919,6.0014835],[0.4773796,6.0051753],[0.4735225,6.0045137],[0.473088,6.0052873],[0.4712963,6.0053247],[0.4685765,6.0031053],[0.4658139,6.0059062],[0.4610127,6.0044711],[0.4599452,6.0016168],[0.4611415,5.9983785],[0.4605031,5.995919],[0.4594463,5.9973595],[0.4546183,5.9975675],[0.4528534,5.9992374],[0.44628681957123806,5.996955371645074],[0.4494309,6.0010727],[0.4604387,6.0074107],[0.4789781,6.00963],[0.4873681,6.0032707],[0.4882907,5.9892289],[0.4908791,5.9876896]],[[0.47814,6.0061316],[0.4791002,6.0054954],[0.4791686,6.006325],[0.47814,6.0061316]],[[0.4799572,6.0001497],[0.4815558,5.9996615],[0.4826018,6.0008859],[0.4825079,6.0020303],[0.4810923,6.0021821],[0.4799572,6.0001497]]]}},{"id":"1277","type":"Feature","properties":{"category":"industrial"},"geometry":{"type":"Polygon","coordinates":[[[-0.1717395,5.5557414],[-0.1714569,5.5549949],[-0.172108,5.5547507],[-0.1723906,5.5554972],[-0.1717395,5.5557414]]]}},{"id":"1278","type":"Feature","properties":{"category":"industrial"},"geometry":{"type":"Polygon","coordinates":[[[-0.1293963,5.5733745],[-0.1281755,5.5732948],[-0.1283611,5.5724754],[-0.1297499,5.5726028],[-0.1293963,5.5733745]]]}},{"id":"1279","type":"Feature","properties":{"category":"industrial"},"geometry":{"type":"Polygon","coordinates":[[[-0.2666505,5.6924632],[-0.2666156,5.6957868],[-0.2654542,5.6957701],[-0.2654559,5.6924412],[-0.2666505,5.6924632]]]}},{"id":"1280","type":"Feature","properties":{"category":"river"},"geometry":{"type":"Polygon","coordinates":[[[-0.22655011522129098,5.612492243386837],[-0.220701710246239,5.603847573650567],[-0.22128569282225644,5.602288915578895],[-0.22072785258767144,5.597262813179935],[-0.2198121708875839,5.595021399520846],[-0.2177891768138261,5.593051267176734],[-0.21693897156843034,5.585701271477487],[-0.21804973952652348,5.592974398098051],[-0.22004209009845216,5.5948762605623665],[-0.22099141811314396,5.597200984977482],[-0.22155888212551644,5.602287101817349],[-0.22095418013785453,5.603746617619834],[-0.22655011522129098,5.612492243386837]]]}},{"id":"1281","type":"Feature","properties":{"category":"river"},"geometry":{"type":"Polygon","coordinates":[[[-0.3281925360828637,5.516060007637264],[-0.3254735023984087,5.515727370838226],[-0.32515933629234983,5.511044922150912],[-0.3260746782919369,5.513324866252015],[-0.3257289497389071,5.515581586961765],[-0.32830377739930433,5.515519628259008],[-0.3281925360828637,5.516060007637264]]]}},{"id":"1282","type":"Feature","properties":{"category":"river"},"geometry":{"type":"Polygon","coordinates":[[[-0.32155253902226205,5.516927190368809],[-0.32300830773070416,5.515738544303065],[-0.32388229627145876,5.512988922846155],[-0.32322244453050303,5.515907894784694],[-0.32155253902226205,5.516927190368809]]]}},{"id":"1283","type":"Feature","properties":{"category":"river"},"geometry":{"type":"Polygon","coordinates":[[[-0.31105374238714456,5.51566149509784],[-0.31649635590595976,5.515572748859991],[-0.31835347937345115,5.51662542040849],[-0.3164362868358949,5.515843281757732],[-0.31105374238714456,5.51566149509784]]]}},{"id":"1284","type":"Feature","properties":{"category":"river"},"geometry":{"type":"Polygon","coordinates":[[[-0.22656874978866554,5.613231814515081],[-0.22658744999370842,5.612323585423697],[-0.22675080070669104,5.613290772792527],[-0.22656874978866554,5.613231814515081]]]}},{"id":"1285","type":"Feature","properties":{"category":"river"},"geometry":{"type":"Polygon","coordinates":[[[-0.2350084623723587,5.657279655458627],[-0.23339400171570562,5.65572648823588],[-0.2338023030736059,5.651423031267991],[-0.23325448490022818,5.649367674638012],[-0.23497716933725896,5.646757305552242],[-0.23352922736200923,5.649370360951257],[-0.23407419364047055,5.651427423738512],[-0.23369672432263455,5.65587366550079],[-0.2350084623723587,5.657279655458627]]]}},{"id":"1286","type":"Feature","properties":{"category":"river"},"geometry":{"type":"Polygon","coordinates":[[[-0.3132422699278994,5.544607831151256],[-0.31057692726868213,5.543085583600954],[-0.3095881093595274,5.543828473952775],[-0.3083590614894271,5.543648855896074],[-0.3079021572280029,5.54316802137367],[-0.3061988249011775,5.5439392341589695],[-0.30499003236624156,5.543197737273873],[-0.3051848636148817,5.542015534049717],[-0.304328511234294,5.542440724357191],[-0.30462162084717764,5.541311558462489],[-0.3033170712153654,5.540892824415044],[-0.3024108110995237,5.542302164960684],[-0.3005400196139033,5.541043585393693],[-0.29950956207025636,5.541357197350979],[-0.30046912108756024,5.5392716104914745],[-0.2996668310497214,5.537989411312201],[-0.3004889259843536,5.53757384973212],[-0.30184072040873233,5.537703661336788],[-0.2997807169353211,5.536744892843551],[-0.29902159570554593,5.534941910930709],[-0.29798159178240397,5.535235309625081],[-0.2978652895788014,5.537061217283036],[-0.29519052954735714,5.538183835360178],[-0.29461415588824547,5.538022754322694],[-0.29350860183223637,5.536845169336578],[-0.29206018384424187,5.533942025386935],[-0.2923632699628247,5.532022598711686],[-0.29049898459428425,5.530435550374504],[-0.29060693401792115,5.529777122260212],[-0.2917129204752806,5.529002559216958],[-0.29059334902211514,5.528302219939427],[-0.29031779009515,5.527474107854718],[-0.29108465661223415,5.526536022004806],[-0.29280259902891,5.525756133527284],[-0.2950421651291931,5.525631462804616],[-0.2963681634635508,5.5233586458429365],[-0.2992570093665409,5.523806108431718],[-0.3006207497065285,5.521870292846988],[-0.30373099113640495,5.5209626481078145],[-0.30582247399162493,5.517906398595312],[-0.3117271497634813,5.514979945825421],[-0.31267636043736413,5.512061331280301],[-0.31326810697850666,5.511480713997866],[-0.32029238790646736,5.50950718045646],[-0.3215493664379135,5.5108197248671615],[-0.3202542041606308,5.509782260066025],[-0.31341534340940536,5.511711357986047],[-0.3119198097255182,5.515170727169995],[-0.30601127670690165,5.518106286513546],[-0.30387397098208957,5.521195248328376],[-0.3007872743021427,5.522089699295156],[-0.2993623098677085,5.5240681073353795],[-0.29649891630295255,5.523629887601041],[-0.29518610340106427,5.525867461998793],[-0.2928983948816701,5.526011623781453],[-0.2905879161474475,5.527523847784236],[-0.2919874183465413,5.52896254666258],[-0.2907532615246266,5.530330960860146],[-0.2926101661301593,5.531897226554538],[-0.29232113796492654,5.533864784845863],[-0.2947859498550849,5.537808996512042],[-0.29771328473403275,5.536834701226198],[-0.2977499874977913,5.535090255233074],[-0.29910353142819823,5.534682705195662],[-0.29996025683825844,5.5365402883702455],[-0.30211352234697864,5.537706305432587],[-0.29990814036502206,5.538133215843398],[-0.3007438538624658,5.539284142314856],[-0.29973827676136555,5.541178018458879],[-0.30059858881788615,5.540763995694801],[-0.30238856618369037,5.542027312938033],[-0.3033387678406291,5.540611104008304],[-0.30480278738746386,5.5410878836886015],[-0.3045466087607753,5.542257646525978],[-0.3053545916028703,5.5417910572786235],[-0.3052217796814216,5.5430550114254205],[-0.30629267247776537,5.5436815526156],[-0.30795000491893426,5.5428943086735885],[-0.30949557295378577,5.543566239559517],[-0.3106042961664418,5.542812375933689],[-0.3132422699278994,5.544607831151256]]]}},{"id":"1287","type":"Feature","properties":{"category":"river"},"geometry":{"type":"Polygon","coordinates":[[[0.6442484648447372,5.788399474308315],[0.6426193871225159,5.78929539577308],[0.6405072505798098,5.791203427089732],[0.6418517836784802,5.790803409101967],[0.6442484648447372,5.788399474308315]]]}},{"id":"1288","type":"Feature","properties":{"category":"river"},"geometry":{"type":"Polygon","coordinates":[[[-0.12954513557522773,5.667044025296798],[-0.1273102359217263,5.664974954746678],[-0.12626167055114473,5.664947319934723],[-0.12040818652635542,5.660992288473808],[-0.11787699003063486,5.660250957869631],[-0.10934485506578975,5.658893442008025],[-0.10845243507569002,5.658023304700214],[-0.10173125287933843,5.658130929081495],[-0.09924891507516236,5.657719912634226],[-0.0952087500493142,5.65836694816615],[-0.09377569757408087,5.657912073287818],[-0.09191250434750758,5.6583992078757355],[-0.08974731009131975,5.657778294297189],[-0.08887140010841353,5.656322885169486],[-0.08680675454987238,5.65571410723617],[-0.08470639344019189,5.656580504477892],[-0.0778013335904913,5.656687220571974],[-0.06266252062346532,5.662561039541782],[-0.07670105565930159,5.6567252670199055],[-0.08160622321226575,5.655916498168235],[-0.08465384559785338,5.656313262268953],[-0.08680559783806678,5.655441094419794],[-0.08869440292513886,5.655900453835473],[-0.0898722915061652,5.657536070830534],[-0.09194387668920834,5.658120319047186],[-0.09374497661344847,5.65763549914133],[-0.09522808090732676,5.658093709230614],[-0.09924768699491093,5.657447145756695],[-0.10848409568554103,5.657745500706181],[-0.10945874445714789,5.658639059498942],[-0.11795025287569715,5.659989965558761],[-0.12052372030611692,5.660744876634789],[-0.12638695775283998,5.664704729760944],[-0.1274480161112627,5.664732613909161],[-0.12954513557522773,5.667044025296798]]]}},{"id":"1289","type":"Feature","properties":{"category":"river"},"geometry":{"type":"Polygon","coordinates":[[[-0.10807247000799391,5.658088957062865],[-0.10919072553132828,5.65435782146897],[-0.111773756285769,5.65138425818369],[-0.11364691807053104,5.651333627489304],[-0.1122246081045332,5.651380201287047],[-0.10940190493547734,5.6545308587684815],[-0.10807247000799391,5.658088957062865]]]}},{"id":"1290","type":"Feature","properties":{"category":"river"},"geometry":{"type":"Polygon","coordinates":[[[0.6363359969384361,5.834424534606014],[0.6224102944001458,5.83324888509729],[0.6207663798958513,5.834273761327167],[0.6207426654295249,5.836907470490116],[0.6212981368599662,5.8428820420763845],[0.6200275393005671,5.846591328118824],[0.619596072873662,5.849366993125235],[0.6199455153891882,5.851727399158624],[0.6258350272888199,5.862150339667139],[0.627788473177625,5.862768217637244],[0.6299282429400989,5.8622050640889185],[0.631129367546548,5.86279234363895],[0.6322072296363124,5.865981503788568],[0.6309990175857914,5.867789441655728],[0.6293564487941604,5.868616733223629],[0.625070178650366,5.869124511612851],[0.6225398084451603,5.86893573341874],[0.6197447133746153,5.86611853616886],[0.6183552970019743,5.865406904324126],[0.6167521617100009,5.864885859750889],[0.6158122408704452,5.8648617123420665],[0.6144588879541535,5.865521457482925],[0.6138239393733957,5.866642719082395],[0.6129900070762767,5.86898056229567],[0.6125566639491383,5.8714926380311105],[0.6127190017454702,5.872615037883034],[0.6132064486954085,5.873665135271702],[0.6142927036001877,5.874564332442091],[0.615541180302955,5.874877234537943],[0.619323209020719,5.874413504170224],[0.6192160865040208,5.87611319295103],[0.6172510011452991,5.876922961189749],[0.6126389662696103,5.875859977995281],[0.6110531076135067,5.876474715949043],[0.6103785693004035,5.877632932330679],[0.6107336222620866,5.88214157474883],[0.6099048122205262,5.883914105055991],[0.6082997698360345,5.8848515135323005],[0.6059504632657163,5.885245258340873],[0.604304987524755,5.886076786757133],[0.6038458156598423,5.887257057325649],[0.6040959436464061,5.8886723391874884],[0.6052024647428148,5.8900265265761576],[0.611943866972531,5.894195210220491],[0.6110350126021266,5.89703727124704],[0.6094164709508448,5.898861589259783],[0.6079970079272391,5.900889338209095],[0.6065861852413421,5.901273049983524],[0.6043530583887528,5.900315736492788],[0.6025407062060596,5.900151882279514],[0.6010993922315327,5.9016502896282725],[0.5995882735309566,5.904410117774044],[0.5972848026620062,5.906923147016497],[0.5949639799025055,5.908297706023212],[0.5920974763045894,5.908749247768499],[0.5897779075608914,5.910261235647869],[0.5886166698515013,5.912738528100643],[0.5880955639970947,5.915167053087912],[0.589054637659793,5.918585254719174],[0.5882641407483772,5.920076107486608],[0.5864116023608992,5.921464112359935],[0.5843533259997947,5.923724881257754],[0.58147531719343,5.927974470726431],[0.5794430953258267,5.929049798808499],[0.5775867701650281,5.930583134322993],[0.5768532731705283,5.932554657386305],[0.57557139240913,5.93279799105633],[0.5738515249488946,5.931838467533207],[0.571985873634539,5.929681435724853],[0.5705181622024396,5.930267777926298],[0.5713347743949552,5.932082892984],[0.5690641505609079,5.932613956497646],[0.566405526492107,5.935951437963128],[0.5667602412772708,5.937673825888473],[0.5632621229193784,5.93915336107285],[0.5614354640960063,5.940176961003314],[0.5596020869856723,5.939287958329775],[0.5585940102240516,5.940029045023614],[0.5573185459463766,5.941425640288495],[0.5551412714299071,5.943977882272967],[0.5544334247382859,5.945219219624676],[0.5596715,5.9394042],[0.5614525,5.9403219],[0.5669135,5.9377394],[0.5665272,5.9360106],[0.5691665,5.9327025],[0.5714929,5.9320918],[0.5705827,5.9303868],[0.5719452,5.9298106],[0.573761,5.931943],[0.5755484,5.9329402],[0.5769539,5.9326734],[0.5776834,5.9306779],[0.5815565,5.9280847],[0.5844533,5.9238161],[0.5883694,5.9201664],[0.5891955,5.9186084],[0.5882299,5.9151828],[0.5898714,5.9103591],[0.5921459,5.9088757],[0.5950105,5.9084275],[0.5973709,5.9070295],[0.599699,5.9044896],[0.6026173,5.9002635],[0.6065762,5.9014161],[0.6080675,5.9010105],[0.6111467,5.8971153],[0.6120586,5.8941057],[0.6052887,5.8899222],[0.6039798,5.8872755],[0.6043661,5.8861976],[0.6083465,5.884981],[0.6100094,5.8840098],[0.6108677,5.8821742],[0.6105137,5.8776384],[0.6111359,5.8765818],[0.6126273,5.8759949],[0.6172621,5.8770621],[0.6193221,5.8762083],[0.6194401,5.8743193],[0.6143261,5.8744331],[0.6128418,5.8725583],[0.6131208,5.869015],[0.6145692,5.8655998],[0.6158218,5.8649968],[0.6183135,5.8655357],[0.6224978,5.8690684],[0.6250727,5.8692605],[0.6293964,5.8687482],[0.6310916,5.8678944],[0.6323469,5.866016],[0.6312203,5.8626861],[0.6299543,5.8620671],[0.6277871,5.8626328],[0.6259417,5.8620671],[0.6200731,5.8516825],[0.6197297,5.8493878],[0.6214356,5.8428986],[0.6208933,5.8343205],[0.6224086,5.8333843],[0.6363359969384361,5.834424534606014]]]}},{"id":"1291","type":"Feature","properties":{"category":"river"},"geometry":{"type":"Polygon","coordinates":[[[-0.20453099213267795,5.60517774569048],[-0.20741877827558733,5.603359914712866],[-0.20899198528262175,5.6008558522798415],[-0.2106438701425733,5.599379271723028],[-0.2137358611659218,5.593421875081731],[-0.21405634228117346,5.590056261902033],[-0.2167832846007624,5.586173773168103],[-0.21424736449446416,5.590291484835648],[-0.21398924627784577,5.593518093173044],[-0.21086659650686776,5.599537908531411],[-0.20760954131061285,5.603553048437759],[-0.20453099213267795,5.60517774569048]]]}},{"id":"1292","type":"Feature","properties":{"category":"river"},"geometry":{"type":"Polygon","coordinates":[[[-0.24019382085332533,5.650071724377552],[-0.23531996743450886,5.647175439739988],[-0.23464896859994544,5.6459717438705415],[-0.23480983234621783,5.645081870918918],[-0.2330315867502168,5.6426595667316795],[-0.23004682732872975,5.6349049738011345],[-0.22805022839869032,5.632854041753456],[-0.22836772514460787,5.625970225767492],[-0.22928600293973658,5.623418423807566],[-0.22665041726870283,5.613040250315379],[-0.22833284274187407,5.619114616484887],[-0.22917927047962033,5.619952432112879],[-0.2295603883695637,5.623401728783138],[-0.22863450650990863,5.626020330397031],[-0.2283095281905225,5.632758342908286],[-0.23028563309065314,5.634776970647407],[-0.23328017814108543,5.642547144628089],[-0.23505823233557602,5.644964776391715],[-0.23554363698110647,5.64701605782259],[-0.24019382085332533,5.650071724377552]]]}},{"id":"1293","type":"Feature","properties":{"category":"river"},"geometry":{"type":"Polygon","coordinates":[[[-0.21784486421957508,5.5679057701751935],[-0.21805864772440114,5.559694732018676],[-0.22508229627391663,5.550703009807231],[-0.22479903216210598,5.547612776566492],[-0.2252836146501465,5.5434904362342765],[-0.22022107992941545,5.540838751830799],[-0.2193534749289624,5.53841372745231],[-0.21979639585333993,5.537525475829801],[-0.22041746983577876,5.54065212961607],[-0.22552601661056138,5.543363741943706],[-0.22535471113324607,5.550720040582429],[-0.21829880872878352,5.55982036792219],[-0.21784486421957508,5.5679057701751935]]]}},{"id":"1294","type":"Feature","properties":{"category":"river"},"geometry":{"type":"Polygon","coordinates":[[[0.040625480222754244,5.712923452567026],[0.04283461589674852,5.710860085242938],[0.04662149414116482,5.704110587966341],[0.04863578413215998,5.703233815613082],[0.04867119173333003,5.701425889001911],[0.05049079138855843,5.699577360101049],[0.05154785134773931,5.696799499583414],[0.05014604639853489,5.690679295229053],[0.0481294898547105,5.6861569192247545],[0.046976040550869604,5.684595436963597],[0.04435135865701719,5.683690756368815],[0.04498696260828425,5.68249505173169],[0.04482680652382782,5.681624255986016],[0.04238707740993271,5.68200423004995],[0.04374653368289361,5.679688536701188],[0.044008210171947115,5.677614779992924],[0.042794338361016336,5.676280471261817],[0.03975580776689023,5.674732472918819],[0.040208453667210986,5.6734546335765454],[0.04297638485959949,5.672043518323994],[0.0430026171667495,5.671065912979352],[0.04360407980533351,5.671109576273533],[0.04304796408245138,5.670756425391168],[0.042236130154662155,5.672360058521724],[0.04002088839271597,5.673256160287023],[0.03949655299796759,5.6748188637424555],[0.04375246041127012,5.677721523130338],[0.042150915578842575,5.6821490468501406],[0.04464018718208307,5.68184279815284],[0.04411600407116692,5.683840098809245],[0.04677152383563072,5.684798041961871],[0.047895174226114015,5.6862943620592],[0.04988448652906776,5.690782073895804],[0.05127407482184108,5.696794439879497],[0.050275201847449186,5.699408291237811],[0.04841560140360073,5.701322475710815],[0.04838437989477986,5.703071995068423],[0.04672817032923627,5.7035985048487605],[0.0454045618992956,5.705166885427202],[0.04258729630864362,5.710715724948176],[0.041062977252691105,5.711863293772716],[0.040625480222754244,5.712923452567026]]]}},{"id":"1295","type":"Feature","properties":{"category":"river"},"geometry":{"type":"Polygon","coordinates":[[[-0.0017797241674960757,5.67863419158898],[0.009875705911083305,5.651281033144361],[0.012738459220755116,5.650030207023449],[0.014053560593340526,5.647246928583607],[0.01624061328105076,5.646175113743235],[0.01922739198895103,5.646489880363962],[0.022205773848586203,5.643718593088966],[0.019129443005531304,5.646232952281981],[0.016803493809602242,5.645858908162365],[0.014882217758692376,5.646436140076874],[0.013112652542533632,5.647876357127595],[0.012560284098697024,5.649822289264447],[0.009662460185099619,5.6511096106037515],[-0.0017797241674960757,5.67863419158898]]]}},{"id":"1296","type":"Feature","properties":{"category":"river"},"geometry":{"type":"Polygon","coordinates":[[[-0.12954091723572206,5.66725769405436],[-0.12942598275841224,5.66687570595963],[-0.12968765776148716,5.667134703751758],[-0.12954091723572206,5.66725769405436]]]}},{"id":"1297","type":"Feature","properties":{"category":"river"},"geometry":{"type":"Polygon","coordinates":[[[-0.14580927855218473,5.678057294759126],[-0.14156019506184503,5.676198362068913],[-0.1356385676275136,5.674858081929843],[-0.1344908892836776,5.674089753960522],[-0.13154564283101394,5.669839739281455],[-0.13115190880375358,5.668421631615599],[-0.12943973242145065,5.667048432734736],[-0.1313538844926344,5.668236591955228],[-0.1346385904444088,5.673858483014634],[-0.14165925052217554,5.675945715797668],[-0.14580927855218473,5.678057294759126]]]}},{"id":"1298","type":"Feature","properties":{"category":"river"},"geometry":{"type":"Polygon","coordinates":[[[0.14512942213215121,6.066098312063537],[0.14575227770889926,6.065910787963378],[0.145044319790312,6.06592667773638],[0.14512942213215121,6.066098312063537]]]}},{"id":"1299","type":"Feature","properties":{"category":"river"},"geometry":{"type":"Polygon","coordinates":[[[0.13043473212530513,6.070824604495122],[0.13337132917228628,6.068638781925717],[0.13601813206879215,6.0687455790045375],[0.13797564239012194,6.0699664716431725],[0.1393870514748816,6.06991688857503],[0.1412621690184047,6.067718265936027],[0.14530082915978082,6.065926526260427],[0.14281161675343873,6.066466764667738],[0.1410850202254875,6.067511620118314],[0.13888252869133494,6.069771565241844],[0.13608293280794204,6.068482045161792],[0.13265351384306326,6.06850025751938],[0.1304240099410346,6.070142508283982],[0.1301022462446398,6.071468468501978],[0.13034307091088285,6.072858081859941],[0.13043473212530513,6.070824604495122]]]}},{"id":"1300","type":"Feature","properties":{"category":"river"},"geometry":{"type":"Polygon","coordinates":[[[0.14558050465667263,6.065996926687897],[0.1485823678569853,6.067925374322124],[0.15188076801728187,6.068130632098181],[0.15445871472498834,6.070662789404803],[0.15735591726645318,6.07034860572635],[0.15857649070811153,6.071092972033867],[0.16006493216515974,6.076774313134193],[0.16337117636903978,6.0779188474862345],[0.16445981195817852,6.077407766536111],[0.16649966552248532,6.075210195402242],[0.1685729522259402,6.075982085332969],[0.16966442750265354,6.075657703214689],[0.17054799850886193,6.072479588564943],[0.1748210709795039,6.069100253654443],[0.17551248742741868,6.065551001973129],[0.17804931366706772,6.064621594100002],[0.1823797117534016,6.070082821355981],[0.18854467646727346,6.076133284245187],[0.19163824325808973,6.082516615402461],[0.19681703610090157,6.084462288449952],[0.19869221323357766,6.084005726436389],[0.20350180679784263,6.08026291622596],[0.20975366933107958,6.079500054414558],[0.2113403732267874,6.078819359081984],[0.21335254293216366,6.076652059044887],[0.21509858373903196,6.075972368874632],[0.21351092700322252,6.076195471726463],[0.2117794417595111,6.078228369825547],[0.20968865428054118,6.079235796109821],[0.20339434479467264,6.080013944831544],[0.19882626230109748,6.083600364840494],[0.19684829238281742,6.084190918077274],[0.19182148414304762,6.082314807374938],[0.18876212477263649,6.075968400753409],[0.17816982276749557,6.064374064597311],[0.17528391332830187,6.065395652601601],[0.17458154158685787,6.0689730351139275],[0.17033398121392226,6.0723124640750745],[0.1694810135469305,6.075453849037561],[0.16638954089993557,6.074961522190051],[0.16335249672394164,6.077647285928309],[0.1602780498645398,6.076605246270865],[0.158726556732767,6.070867293314566],[0.15740863235003907,6.070080921399159],[0.15455548114094037,6.070407309353561],[0.1515248162917068,6.067651056849327],[0.14866870599727156,6.0676680809246974],[0.14718434018864568,6.066213450194354],[0.14558050465667263,6.065996926687897]]]}},{"id":"1301","type":"Feature","properties":{"category":"river"},"geometry":{"type":"Polygon","coordinates":[[[0.14658634276196555,6.066128826097386],[0.1467141508358409,6.067096000253448],[0.14675063993544946,6.06603050790486],[0.14658634276196555,6.066128826097386]]]}},{"id":"1302","type":"Feature","properties":{"category":"river"},"geometry":{"type":"Polygon","coordinates":[[[0.13050436115852201,6.073158671342042],[0.1302282930766759,6.072653629746815],[0.1302325900843376,6.073146965776304],[0.13050436115852201,6.073158671342042]]]}},{"id":"1303","type":"Feature","properties":{"category":"river"},"geometry":{"type":"Polygon","coordinates":[[[-0.08523406390995283,5.617585414770458],[-0.08277720468271721,5.616986018773157],[-0.08133325700012782,5.61550440657315],[-0.07524350504319245,5.6066952467328734],[-0.07195124014494442,5.606558249762302],[-0.06793686364492774,5.608785842160225],[-0.06645376718465264,5.6086257921949745],[-0.0647134130154841,5.6108292685779855],[-0.06278567482242493,5.611300047359315],[-0.060282941683156385,5.6107944580439],[-0.05715306258084992,5.611441298628655],[-0.05477094382204232,5.607897479638588],[-0.05725575326687924,5.611186668754549],[-0.06028176061492383,5.610522327762663],[-0.06278972425605127,5.611027723704531],[-0.0645608869077079,5.610603136763954],[-0.06633137784696934,5.608378152658691],[-0.06783683104148013,5.608532486061205],[-0.07187626359485406,5.606295755425545],[-0.07528057424055348,5.60642014143994],[-0.08152833072389619,5.615315423991475],[-0.08277885165050909,5.616674665560344],[-0.08523406390995283,5.617585414770458]]]}},{"id":"1304","type":"Feature","properties":{"category":"river"},"geometry":{"type":"Polygon","coordinates":[[[-0.28154747388286006,5.575935251126173],[-0.28129442603869187,5.575287348911618],[-0.2817358389549981,5.5759016741948715],[-0.28154747388286006,5.575935251126173]]]}},{"id":"1305","type":"Feature","properties":{"category":"river"},"geometry":{"type":"Polygon","coordinates":[[[-0.28120682025313737,5.572237584856557],[-0.2799233316406904,5.565818937801447],[-0.28308069103053657,5.562958199584735],[-0.28021386717550323,5.565925000134619],[-0.28120682025313737,5.572237584856557]]]}},{"id":"1306","type":"Feature","properties":{"category":"river"},"geometry":{"type":"Polygon","coordinates":[[[-0.28109107993034027,5.57802721435545],[-0.28185439809847057,5.576051449544498],[-0.28135886452015174,5.577975892880775],[-0.2826755755448919,5.58097138221128],[-0.2830097770544432,5.584371917430097],[-0.28274554294628934,5.585715841079791],[-0.2811907072149056,5.587975929772053],[-0.28273824210036025,5.584362449719478],[-0.2824152835337302,5.5810618925154944],[-0.28109107993034027,5.57802721435545]]]}},{"id":"1307","type":"Feature","properties":{"category":"river"},"geometry":{"type":"Polygon","coordinates":[[[0.05853674480805456,5.772705893661058],[0.06023539975695599,5.771259663052838],[0.05962913103738221,5.768298469847601],[0.05846971890698355,5.766193736840849],[0.06083482357633503,5.761985483850049],[0.0608697668937216,5.761055625547577],[0.06160528505528116,5.76096497236563],[0.06354169388041861,5.758912642343878],[0.0651083911613154,5.759522827845483],[0.06602140658638944,5.7587330020124625],[0.06685180705387854,5.759410904605483],[0.06816732673549729,5.758929748664112],[0.070077952411686,5.756439386105096],[0.07003500000402822,5.755376365679845],[0.07175820612057487,5.754748694801339],[0.07170497757137445,5.754389448497484],[0.07073831744958115,5.754125369075258],[0.07236533210640693,5.751988314881588],[0.07323967972990936,5.749355059431097],[0.07281101263952339,5.748429825974117],[0.07126726389136534,5.748353406927292],[0.07331020304173724,5.747858084323526],[0.07328073379676339,5.74611209747395],[0.0723646694400555,5.74483641133675],[0.07270557571122625,5.743556639120719],[0.0757491367092139,5.740647197393785],[0.07742330181094059,5.738017435141503],[0.07905872364432383,5.73879099932309],[0.07932911359810997,5.738267249347308],[0.07872354315754805,5.737445043672263],[0.07949389568082721,5.737312853983511],[0.08059040492671685,5.739299887848855],[0.08177981253386238,5.740317333542171],[0.08113113237411922,5.741373619036067],[0.08139219946268653,5.741895856548093],[0.08459128083161267,5.741169777477751],[0.08571234407269282,5.740243925609739],[0.08631391132450307,5.741509473789882],[0.08768284586545164,5.7427455657985185],[0.08466419556358351,5.742835741663669],[0.08490932589014268,5.745309293040608],[0.08823415781307994,5.744725040929667],[0.08893724054897914,5.743103515648602],[0.09062519858535051,5.742032747204882],[0.08875592862781098,5.742899875425139],[0.08808303256297742,5.744496002223449],[0.08502011220350493,5.745054529898649],[0.08485326022122144,5.743038640077184],[0.08794858273490455,5.742808325723531],[0.08591066844335911,5.740057200363784],[0.0814704344472999,5.7416303994705595],[0.08203260607394909,5.7402172436943],[0.07969263236777618,5.737125730644394],[0.07846969580753482,5.7373313615318775],[0.07894184703432611,5.7385392194818845],[0.07724757436508917,5.737809312808005],[0.07244816373192016,5.743471339595316],[0.07209136948791971,5.744869403337316],[0.07306307551261472,5.747733979143512],[0.07098810046724087,5.748356882502168],[0.07297230647274433,5.74931227109924],[0.07045425560139283,5.754147913018761],[0.07151661698306785,5.754595947777132],[0.06980682081296437,5.755226307844311],[0.06982133312773543,5.756345282012693],[0.068044788007584,5.758679608850679],[0.06690739463053319,5.759135048969395],[0.06594366238070477,5.758470482956196],[0.0650937980572713,5.7592512428102305],[0.06343379719367737,5.758650375396167],[0.06063027384796667,5.760922403299671],[0.058196213504643615,5.766181745256045],[0.05994907182256757,5.771225989121563],[0.05853674480805456,5.772705893661058]]]}},{"id":"1308","type":"Feature","properties":{"category":"river"},"geometry":{"type":"Polygon","coordinates":[[[0.6362754,5.8345456],[0.6362032298597186,5.83443107569006],[0.6361406850510906,5.834535874496337],[0.6362754,5.8345456]]]}},{"id":"1309","type":"Feature","properties":{"category":"river"},"geometry":{"type":"Polygon","coordinates":[[[0.17529536281442604,6.084602886224112],[0.17474935918228857,6.08357389144741],[0.17299684154015274,6.084868992975514],[0.17127884560749207,6.083369714466976],[0.17006547505308353,6.083846015300808],[0.16940794233121925,6.083301722769701],[0.16605924301850233,6.083154926476194],[0.1647708308671661,6.08454052334595],[0.16352610160016218,6.0833640217213905],[0.16175037639021259,6.08329898468323],[0.1615264297713245,6.0842779092001535],[0.15878852129593782,6.085603955622287],[0.1582201374203691,6.086275001994609],[0.15825800026755898,6.087014825578081],[0.15731886515802837,6.087148653650692],[0.15632667972479983,6.088087807124101],[0.15468366274060188,6.087635397789966],[0.1546164745048095,6.086648549077306],[0.1539670260927725,6.086366994727155],[0.15119309941923909,6.087501012322899],[0.1510706147057632,6.08823024010096],[0.15018145161760876,6.088181522761915],[0.1481385265333379,6.089525380514977],[0.1511274590312374,6.088510163472695],[0.15134754253278965,6.087729560340709],[0.1540109604215567,6.086634789802313],[0.1544894541449411,6.087833564574658],[0.15604339149684202,6.0885060312483],[0.15841976900623012,6.087235899136893],[0.1589333689523577,6.085835122550695],[0.16170632953702005,6.084485080462256],[0.1618273376418126,6.083577724348701],[0.16343310629150143,6.083619105209943],[0.16477840861109444,6.084853439544823],[0.16637424635021716,6.08339703603102],[0.17007166115845704,6.084130088420879],[0.17123358396851301,6.083640087577045],[0.17280749965311568,6.085133812449257],[0.174703797268716,6.083844855110411],[0.17531695259861893,6.084999675293724],[0.17639072431249034,6.084584066841768],[0.17712169742257156,6.085803717730231],[0.1793749157401295,6.086312013141347],[0.18001617305230166,6.088592979476026],[0.18489379962310334,6.089125316415546],[0.18803468096447673,6.090813601697359],[0.18498059789627924,6.0888681024701885],[0.18014478944822387,6.088340710157767],[0.1795571084268393,6.086104762104466],[0.17724290327397618,6.085557411357155],[0.1764941994784126,6.08432670292739],[0.17529536281442604,6.084602886224112]]]}},{"id":"1310","type":"Feature","properties":{"category":"river"},"geometry":{"type":"MultiPolygon","coordinates":[[[[0.15290546924353887,6.086946147507597],[0.15086239247415595,6.085865231328717],[0.15051799210883363,6.085297097208737],[0.14923264667351657,6.085003701886764],[0.15290546924353887,6.086946147507597]]],[[[0.14912873868123022,6.084898514230789],[0.1486808971531467,6.084276798083021],[0.14851850873166275,6.084280769083485],[0.14912873868123022,6.084898514230789]]],[[[0.14574470384310076,6.081429894402867],[0.14379595776400061,6.077406373116492],[0.13794599776888286,6.073578053907495],[0.14359543365848246,6.077592881052081],[0.14574470384310076,6.081429894402867]]],[[[0.1377356725111159,6.073470134181364],[0.13354460633811988,6.072775844734159],[0.13022899061054108,6.073069103758018],[0.1377356725111159,6.073470134181364]]]]}},{"id":"1311","type":"Feature","properties":{"category":"river"},"geometry":{"type":"Polygon","coordinates":[[[0.21488358707798452,6.076061731069122],[0.21584148716104914,6.074010770890804],[0.21574693451794333,6.0738441806938015],[0.21488358707798452,6.076061731069122]]]}},{"id":"1312","type":"Feature","properties":{"category":"river"},"geometry":{"type":"Polygon","coordinates":[[[-0.31308258367181424,5.553476747478247],[-0.3143611820124051,5.551587144610245],[-0.31277201867541926,5.548367489718636],[-0.31533914471159874,5.546833679134079],[-0.3149891118229586,5.5460877465008735],[-0.3135216418618576,5.5472383934925364],[-0.31260805095615646,5.54719931101582],[-0.3131217846807192,5.544418299384873],[-0.3128198584140448,5.54700652917815],[-0.3149714078923181,5.545805718915296],[-0.31561440745591335,5.5468355273823775],[-0.3130330845419523,5.548474047992691],[-0.31464407392051064,5.551545346885349],[-0.31308258367181424,5.553476747478247]]]}},{"id":"1313","type":"Feature","properties":{"category":"river"},"geometry":{"type":"Polygon","coordinates":[[[-0.34447076812871297,5.569765669532813],[-0.34163017905784804,5.5690551449437065],[-0.3398778672546692,5.568036712717048],[-0.34023371643554823,5.5672764117385505],[-0.3416647319651829,5.567592474284355],[-0.3410889039256039,5.566222630742669],[-0.33944535945469345,5.566337432774337],[-0.3370005337174643,5.5647698573908615],[-0.33614386068801994,5.5656236689379055],[-0.3351162210369828,5.565875011542079],[-0.33331575543255637,5.565312992342188],[-0.3322448226728622,5.5661608189368],[-0.33261341858648297,5.566914826492752],[-0.33173935074840305,5.5671529680904115],[-0.331752019907071,5.568466405605318],[-0.3310949182863527,5.568885458167134],[-0.32914874955990914,5.568257788488552],[-0.32672617823687616,5.565893614023741],[-0.3252409256374054,5.565640557901215],[-0.3244578313481475,5.564991937181425],[-0.3198352273446476,5.564701731313357],[-0.31795623157600844,5.562670491809498],[-0.3186677859847901,5.560791040381826],[-0.31598445181831625,5.560744220545155],[-0.3135628459132235,5.559542401716468],[-0.3127489815870909,5.555738888984243],[-0.3129113058366496,5.553286679018545],[-0.31380288391099176,5.559396817440701],[-0.31607817211059347,5.56048316439086],[-0.3188301350124752,5.56056932144922],[-0.3182192193325239,5.562596907152707],[-0.31995532924531683,5.564457547146981],[-0.32452969847529894,5.56472894905374],[-0.3268942842598347,5.565680390973419],[-0.32929235422336717,5.568027748359879],[-0.3311111630553169,5.568611488973326],[-0.3315314953303831,5.5669535194952955],[-0.3323741888518947,5.566769287426216],[-0.33199193090465196,5.566035263791562],[-0.33317719446168353,5.56507490858446],[-0.33509669941721404,5.565603138362016],[-0.3370550828105972,5.564500065659838],[-0.33954723843005685,5.566076195957401],[-0.3412529358018461,5.566004180732712],[-0.34190469714987837,5.5677460940587675],[-0.34008632030386987,5.567854859543363],[-0.34447076812871297,5.569765669532813]]]}},{"id":"1314","type":"Feature","properties":{"category":"river"},"geometry":{"type":"Polygon","coordinates":[[[-0.28941883199137036,5.573068433605603],[-0.2865406804846896,5.571360531836103],[-0.2869603863542137,5.5696425509741685],[-0.2867956126144369,5.571249817930188],[-0.28941883199137036,5.573068433605603]]]}},{"id":"1315","type":"Feature","properties":{"category":"river"},"geometry":{"type":"Polygon","coordinates":[[[-0.2976511254721885,5.575856743424939],[-0.29153112398624803,5.574300387657886],[-0.2893254071886892,5.573138715371314],[-0.2976511254721885,5.575856743424939]]]}},{"id":"1316","type":"Feature","properties":{"category":"river"},"geometry":{"type":"Polygon","coordinates":[[[-0.2894215021177235,5.573314972377424],[-0.2893192978634475,5.572903727635933],[-0.2895847202270625,5.573214958632718],[-0.2894215021177235,5.573314972377424]]]}},{"id":"1317","type":"Feature","properties":{"category":"river"},"geometry":{"type":"Polygon","coordinates":[[[-0.2864838933783566,5.5688469175069795],[-0.28703788967478905,5.569184121576914],[-0.28708933383659746,5.569880875131466],[-0.2869058534340224,5.569826558116353],[-0.2864838933783566,5.5688469175069795]]]}},{"id":"1318","type":"Feature","properties":{"category":"river"},"geometry":{"type":"Polygon","coordinates":[[[-0.2862846449444293,5.568612281075559],[-0.2858531352025774,5.566638474126333],[-0.2852412858567544,5.5655943079160695],[-0.2861049080946081,5.56653396873471],[-0.2862846449444293,5.568612281075559]]]}},{"id":"1319","type":"Feature","properties":{"category":"river"},"geometry":{"type":"Polygon","coordinates":[[[-0.23485814487200715,5.646822301685196],[-0.23534755519303338,5.646774198251189],[-0.23490332757269103,5.647008561868987],[-0.23485814487200715,5.646822301685196]]]}},{"id":"1320","type":"Feature","properties":{"category":"river"},"geometry":{"type":"Polygon","coordinates":[[[-0.2813008565805387,5.572674300344156],[-0.28122974329739514,5.572035699651076],[-0.28149192651947935,5.572684136093274],[-0.2813008565805387,5.572674300344156]]]}},{"id":"1321","type":"Feature","properties":{"category":"river"},"geometry":{"type":"Polygon","coordinates":[[[-0.28134286041493783,5.575448207122201],[-0.2807918206510628,5.573955342193258],[-0.2814224404853302,5.572449620604852],[-0.28134286041493783,5.575448207122201]]]}},{"id":"1322","type":"Feature","properties":{"category":"river"},"geometry":{"type":"Polygon","coordinates":[[[-0.12019426650194066,5.644828649188393],[-0.12061486705239674,5.644270201371407],[-0.12035230420012871,5.644936671813987],[-0.12019426650194066,5.644828649188393]]]}},{"id":"1323","type":"Feature","properties":{"category":"river"},"geometry":{"type":"Polygon","coordinates":[[[-0.12008625437731989,5.64492690867256],[-0.12046204562820804,5.644814391259191],[-0.1202102281640697,5.6450728873397455],[-0.12008625437731989,5.64492690867256]]]}},{"id":"1324","type":"Feature","properties":{"category":"river"},"geometry":{"type":"Polygon","coordinates":[[[-0.12021291262150408,5.644106807384529],[-0.1202054873199594,5.643664192611556],[-0.12039609356193562,5.644051502157967],[-0.12021291262150408,5.644106807384529]]]}},{"id":"1325","type":"Feature","properties":{"category":"river"},"geometry":{"type":"Polygon","coordinates":[[[-0.12039971470536479,5.644418803214842],[-0.12036458520317381,5.643884196780376],[-0.12059041847545945,5.644403442546233],[-0.12039971470536479,5.644418803214842]]]}},{"id":"1326","type":"Feature","properties":{"category":"river"},"geometry":{"type":"Polygon","coordinates":[[[-0.2805095409214898,5.5881704829814325],[-0.2812917592111675,5.587932716929094],[-0.2805164572295064,5.588362046423273],[-0.2805095409214898,5.5881704829814325]]]}},{"id":"1327","type":"Feature","properties":{"category":"river"},"geometry":{"type":"Polygon","coordinates":[[[-0.2760547930100227,5.5958474653808725],[-0.27497307724663583,5.594325395417277],[-0.276001964162911,5.590944982275059],[-0.2806860085360926,5.588151635618959],[-0.27981015284150534,5.589478040419728],[-0.27623088558261927,5.591094486964063],[-0.2752476083885778,5.594270920253814],[-0.27601527746963184,5.595037271162552],[-0.2760547930100227,5.5958474653808725]]]}},{"id":"1328","type":"Feature","properties":{"category":"river"},"geometry":{"type":"MultiPolygon","coordinates":[[[[0.29943596631314073,6.05919456504207],[0.3073843541553642,6.057389489178634],[0.31419672240543556,6.056811541165442],[0.3073481178453011,6.057120445200181],[0.29936046035856395,6.058933886255854],[0.29443915412450744,6.061363070372298],[0.29943596631314073,6.05919456504207]]],[[[0.3339474064015337,6.052261597883686],[0.3373734426221791,6.050784445008164],[0.33149787149599946,6.0528258945373645],[0.3339474064015337,6.052261597883686]]]]}},{"id":"1329","type":"Feature","properties":{"category":"river"},"geometry":{"type":"Polygon","coordinates":[[[0.6711619128449966,5.78406077712413],[0.6714858314114351,5.787496367062405],[0.6686366297288303,5.792679190088452],[0.6636492165806088,5.79905466412058],[0.6567504411535502,5.810737056103101],[0.6519679500332215,5.816323146041322],[0.6428144204588953,5.82166294410802],[0.6361406066509667,5.834535868836381],[0.6429206,5.8217468],[0.6520557,5.8164287],[0.6568608,5.8108162],[0.6637656,5.7991236],[0.6687498,5.7927541],[0.6716251,5.7875238],[0.6711619128449966,5.78406077712413]]]}},{"id":"1330","type":"Feature","properties":{"category":"river"},"geometry":{"type":"Polygon","coordinates":[[[0.21503349795739393,6.075895495721267],[0.2173988932617245,6.076956864878083],[0.21753902117046803,6.079461874296462],[0.218986950887961,6.081454471814993],[0.21986884550500152,6.081999122721899],[0.22180297325986986,6.081982955970546],[0.22547395375210577,6.084107336359293],[0.22647654147926877,6.084272271739993],[0.2292281739646991,6.083666078329262],[0.23056713156561798,6.082351707304662],[0.23226154395575535,6.078916031567836],[0.23747118775895212,6.082066231363458],[0.24144145821138094,6.0836088082443025],[0.24222942269171796,6.085129127939646],[0.24343883532804278,6.08591644283354],[0.24555760247786076,6.086200900657523],[0.24738722510823796,6.08587466719627],[0.24887709146718195,6.085049810368582],[0.2508713115305552,6.085545184346081],[0.25634399192860136,6.084468325881908],[0.26486645758928834,6.073678809936733],[0.2663737156490263,6.072834324236523],[0.26868059811876605,6.068599605868512],[0.2706010070975433,6.067789112547901],[0.27623335767215856,6.0630806575608],[0.26849544769730643,6.06839219084325],[0.2666185154345843,6.07077328550552],[0.2661631110356806,6.072661101436912],[0.26467288824191904,6.073488305146619],[0.2562644646865141,6.084208232113379],[0.2508458826164566,6.085274396209571],[0.24885141204563602,6.084779243271082],[0.24553064296165497,6.085931151059396],[0.2435122611093274,6.085654823909907],[0.2415833896749707,6.0833754856966875],[0.232277119923302,6.078639535332765],[0.22907066210291926,6.083441509245563],[0.22553739088132185,6.083843305548787],[0.2218886047301663,6.081721627886566],[0.21915615066491306,6.081242875365838],[0.2177946679035903,6.079362593948438],[0.2175522597528253,6.076694209403786],[0.21569417533006804,6.075812529376207],[0.21503349795739393,6.075895495721267]]]}},{"id":"1331","type":"Feature","properties":{"category":"river"},"geometry":{"type":"Polygon","coordinates":[[[0.2173401388467412,6.069704967623428],[0.2203737592694776,6.069757344376708],[0.22342682978111042,6.0688837051791396],[0.224709800750656,6.066903718287887],[0.22506600589845482,6.064935771085861],[0.22454893072785792,6.061589755996263],[0.22519530268564247,6.058502173091236],[0.226091384262141,6.058001119511526],[0.2276704694603271,6.055142958682242],[0.23048102065500864,6.056564359928276],[0.2322211445469206,6.05673519902835],[0.2349591897632089,6.0550789902851125],[0.23637154702531096,6.052379473279604],[0.2375348405848338,6.041827563361426],[0.23729294418436006,6.039751418947965],[0.2353907993676253,6.035967784522094],[0.2367912870912041,6.032148628718951],[0.23572839517655797,6.030077757434509],[0.23485146979145832,6.029513093303509],[0.23652304101086885,6.032189909770643],[0.2351186862428232,6.035972277237038],[0.23726362618028674,6.04184874903418],[0.23611817446923053,6.052281273371054],[0.2347431424766043,6.0549126666362945],[0.23213884927838876,6.056476352359692],[0.22751582108104376,6.054913881890949],[0.22493319951591825,6.058414076236973],[0.22427717223952057,6.061591943896371],[0.22479869868833527,6.064892814846948],[0.2232416319405086,6.06867002204608],[0.22177179512257475,6.068557341896266],[0.22037066313029235,6.069483467002327],[0.21866365536694007,6.068771909420404],[0.2173401388467412,6.069704967623428]]]}},{"id":"1332","type":"Feature","properties":{"category":"river"},"geometry":{"type":"Polygon","coordinates":[[[0.2345366088967128,6.029548326470749],[0.23305342299473122,6.028331561366891],[0.23305446492296183,6.027203156271687],[0.23291757441026226,6.028728663891662],[0.2345366088967128,6.029548326470749]]]}},{"id":"1333","type":"Feature","properties":{"category":"river"},"geometry":{"type":"Polygon","coordinates":[[[0.23480923326342557,6.029513376085321],[0.23432686664013813,6.029557523872961],[0.234798025372233,6.02970464410835],[0.23480923326342557,6.029513376085321]]]}},{"id":"1334","type":"Feature","properties":{"category":"river"},"geometry":{"type":"Polygon","coordinates":[[[0.34254272563337684,5.804234930285065],[0.3435275238071409,5.808592517499871],[0.343697256317045,5.808680869869658],[0.34254272563337684,5.804234930285065]]]}},{"id":"1335","type":"Feature","properties":{"category":"river"},"geometry":{"type":"Polygon","coordinates":[[[0.09077931679362658,5.742004169888881],[0.09136255927944516,5.740569251246858],[0.09098036943515966,5.738085393551484],[0.09282073644889713,5.73848472173064],[0.09335670413262112,5.737360603582125],[0.09323162706246005,5.736555925386383],[0.0918719984202021,5.734763945688316],[0.08964423704676241,5.734386172895666],[0.0885999866354481,5.732187572147397],[0.09067940888720936,5.7305457538278235],[0.09072664298521556,5.728923773857046],[0.08720387229119084,5.728687381814165],[0.08660208508463055,5.72592142371565],[0.0854870102647803,5.7250021839663905],[0.08533365853045137,5.72287969903305],[0.08464889660886725,5.721751619771326],[0.07510730594921688,5.721695345786461],[0.07171113738997438,5.718964316506602],[0.07416949095138657,5.711919890632932],[0.0742364418488119,5.7099255548249115],[0.07178231108002543,5.704388318566687],[0.07072471138110513,5.699777343253685],[0.07105935003345958,5.695213745284929],[0.07026306126877799,5.696588084416513],[0.07045856212289461,5.6998272411516515],[0.07152587438395501,5.704475171375517],[0.07396500099856008,5.709966853102835],[0.07144283361524868,5.719050137467418],[0.07503222524739482,5.721956198395003],[0.08484451428870042,5.722357575527183],[0.08509761230534699,5.7247285740877665],[0.08634889640292605,5.726018814168912],[0.08700414184053197,5.728873137831747],[0.09063532281588675,5.729369490008629],[0.09031793646930983,5.730542908235259],[0.0884155021208763,5.731571810080647],[0.08833513694021972,5.7322503877939175],[0.0892505730307217,5.734321832702319],[0.0917059406051144,5.734978850855715],[0.09307089579329532,5.736905009029942],[0.09272101058867699,5.73822913776229],[0.09073179188986616,5.7379696294960025],[0.09077931679362658,5.742004169888881]]]}},{"id":"1336","type":"Feature","properties":{"category":"river"},"geometry":{"type":"Polygon","coordinates":[[[0.14154298114252387,5.7686824536016275],[0.14494672537589667,5.771881279969055],[0.1467152863588922,5.772602397710786],[0.15201154535097292,5.778077513258727],[0.1575377288863393,5.779023716590582],[0.16005949846113543,5.778731344988164],[0.16109495216331826,5.778009113348134],[0.16429912427958038,5.778261289056558],[0.16577553706392242,5.7745393993947225],[0.16766957603243487,5.77389012218698],[0.16877220234710646,5.772470961925713],[0.16849564168626,5.7713810277801985],[0.1667159234487833,5.772043484690771],[0.16856595855570933,5.769013731702181],[0.1744821868426345,5.766833399224044],[0.17623429082327483,5.763285331803233],[0.18080296328360201,5.762110836345539],[0.18208470282787503,5.76134418295031],[0.17610322176215687,5.763045518719633],[0.1743100169504546,5.766622059210175],[0.16837738078194095,5.768819199034515],[0.16644332824841854,5.772064642822961],[0.16755682533421154,5.772487065031416],[0.16841697928263918,5.771654200924943],[0.16851994619736535,5.772369730900317],[0.1675131435623144,5.773664398707211],[0.16557617936336372,5.774344938177912],[0.16417855779609863,5.777992712986235],[0.1610463724457795,5.777739637246637],[0.15754069902397697,5.7787516255970335],[0.15210482590806193,5.777818956305237],[0.14687404588888356,5.772379857124104],[0.14154298114252387,5.7686824536016275]]]}},{"id":"1337","type":"Feature","properties":{"category":"river"},"geometry":{"type":"Polygon","coordinates":[[[0.18196664465516033,5.76150355812175],[0.18041728810682858,5.749998447320269],[0.18152139249648877,5.743416251955309],[0.18094020255301604,5.743125061532229],[0.17993401891811395,5.743683481358667],[0.17966807968656903,5.742934067652378],[0.17986583765032332,5.74394692674802],[0.18125597420384582,5.743475006330257],[0.18015743767745612,5.750965202954883],[0.18196664465516033,5.76150355812175]]]}},{"id":"1338","type":"Feature","properties":{"category":"river"},"geometry":{"type":"Polygon","coordinates":[[[0.20193636735098458,5.791468175926621],[0.20268925448056685,5.790874204656862],[0.20269980429594905,5.789052307939009],[0.20213277555182843,5.788200945547918],[0.20025293831439664,5.787192119311315],[0.20050490896967332,5.7849305183375765],[0.20000699960236998,5.78730877756525],[0.20243750929419532,5.78912451345387],[0.20243382210923216,5.7907682697078355],[0.20161336006276484,5.791667233802926],[0.20336810203986527,5.7927297759540375],[0.20463719322259455,5.792786873160363],[0.20497871457046182,5.797392112333956],[0.20677116354801406,5.800399968018904],[0.20819885781171762,5.801355108696952],[0.20868771033862157,5.803925428124498],[0.2100927156644323,5.805215604933985],[0.20996553157932113,5.805966028003745],[0.2116332921915255,5.807173094005155],[0.21033656976842557,5.805086560516931],[0.20893495240829132,5.803812813345742],[0.20844223402059614,5.801222005360498],[0.20699096009328036,5.800232382872406],[0.20522540250299118,5.797272473588846],[0.20488343361183975,5.792656227802052],[0.20193636735098458,5.791468175926621]]]}},{"id":"1339","type":"Feature","properties":{"category":"river"},"geometry":{"type":"Polygon","coordinates":[[[0.19918255959739753,5.784916011702697],[0.19964621476092853,5.78287238747275],[0.19907466194772508,5.782481336716747],[0.19823391895385306,5.782802567362265],[0.19819698885881873,5.7817232355950345],[0.1972001644939067,5.781437516108492],[0.19747505030286783,5.780449480489127],[0.1938709333872762,5.779694063271894],[0.1949253555741752,5.77854553335295],[0.19477698356568263,5.777774392480835],[0.19363489288037938,5.777216577948901],[0.19219781209457887,5.777267974198091],[0.1921067979867968,5.775782048136679],[0.19171085825995102,5.775376686042062],[0.19002357738286796,5.7766254543886175],[0.18962697421169356,5.775197196432714],[0.1882917312951758,5.7751564164244575],[0.1864020882702806,5.77331237194529],[0.18533865159572382,5.772898446890647],[0.18555385399890142,5.770818312443019],[0.1874841347898347,5.768995487283412],[0.1876435988243129,5.767760255637067],[0.18642729876041897,5.765989774432036],[0.18332872878255738,5.764566601299357],[0.18187508503219085,5.761257238148292],[0.18313023505579867,5.7647515883730165],[0.18626538095332798,5.766208358054609],[0.18738001615065242,5.7678331141586705],[0.18531053397693578,5.770698200993212],[0.1851066701355435,5.773041486656464],[0.18816295085475546,5.7754032545434155],[0.18947326925048671,5.775425386515658],[0.1898913190745939,5.776866577270989],[0.19164862799964855,5.775642710125936],[0.1920343724741609,5.777484715785353],[0.19458218870327268,5.777965747940406],[0.19364048394295444,5.779840856178113],[0.1972514669962872,5.780625466272277],[0.19692720325142163,5.781484634324821],[0.19797959391085967,5.7818883445389995],[0.1980300008033426,5.782991099152087],[0.19938147209208795,5.782944232165772],[0.19900151897849946,5.785198450429168],[0.20066616181048977,5.785073995063015],[0.19918255959739753,5.784916011702697]]]}},{"id":"1340","type":"Feature","properties":{"category":"river"},"geometry":{"type":"Polygon","coordinates":[[[0.6401211035703857,5.790587677847703],[0.6417325232692896,5.788127101991313],[0.6414825388163798,5.7871260258024355],[0.6401211035703857,5.790587677847703]]]}},{"id":"1341","type":"Feature","properties":{"category":"river"},"geometry":{"type":"Polygon","coordinates":[[[0.640508435833764,5.791149017026561],[0.6402747953249917,5.790364835846315],[0.6400864055448564,5.7903976852774],[0.640508435833764,5.791149017026561]]]}},{"id":"1342","type":"Feature","properties":{"category":"river"},"geometry":{"type":"Polygon","coordinates":[[[-0.313151925021958,5.544685068665365],[-0.31583324201856333,5.539918217663316],[-0.3178852248835425,5.540482608392752],[-0.3178612207826181,5.5411764027290005],[-0.3183601202842892,5.540986782860073],[-0.3177947197301628,5.541449987365383],[-0.3177608226720004,5.540733148751039],[-0.31592076494313526,5.540183275349841],[-0.313151925021958,5.544685068665365]]]}},{"id":"1343","type":"Feature","properties":{"category":"river"},"geometry":{"type":"Polygon","coordinates":[[[-0.3181947475742923,5.541184667000844],[-0.3191964001672014,5.535171402337428],[-0.3226858459966543,5.533324311161888],[-0.32327728118958454,5.532191589584975],[-0.32285466329374896,5.530755576210371],[-0.32406587873658793,5.530216292568129],[-0.32280272721398684,5.529248625915746],[-0.32413336295210304,5.528534143314104],[-0.32400630513885287,5.5275237749555135],[-0.321444520858544,5.529175889447669],[-0.3205588132512735,5.529048214626464],[-0.32047361711850136,5.527655584334061],[-0.32098683772478087,5.5266979529173215],[-0.32272807730589065,5.526170552105236],[-0.3222235828482555,5.524241630922556],[-0.3198591249339633,5.5242869392109775],[-0.31909059510871607,5.523694470303023],[-0.3190844988356418,5.522947995328561],[-0.321082804658476,5.519661092226056],[-0.3206095026023452,5.518238002408671],[-0.3187510630344034,5.517497478182575],[-0.31808562757258674,5.516619043633466],[-0.3180833537734207,5.515818449285],[-0.3211963570341838,5.512662801049708],[-0.3214691254388315,5.510590241447662],[-0.32143324847584887,5.512802054858323],[-0.3183281888956071,5.515948721058174],[-0.3189016672899921,5.517270871855958],[-0.3208129995099014,5.518055047350917],[-0.3213524575045457,5.519634738109579],[-0.3192883361746599,5.523366368748551],[-0.31969107641518413,5.523981493314594],[-0.3224357377933085,5.524066833927858],[-0.32294329801171845,5.526445863667249],[-0.3211999635112488,5.526870109282822],[-0.32076549890392964,5.528832743347656],[-0.3241007009969828,5.527264190649331],[-0.32449179938252976,5.528452348981087],[-0.32308258204007934,5.529287479808721],[-0.3240300201872291,5.529354084827405],[-0.3243307439687325,5.530298075970061],[-0.32311592436035746,5.530840512156551],[-0.32354921741171977,5.5322200534742425],[-0.32288321644042145,5.533515918992895],[-0.31942699356306353,5.535320956391198],[-0.31873742513292846,5.540842425009963],[-0.3181947475742923,5.541184667000844]]]}},{"id":"1344","type":"Feature","properties":{"category":"river"},"geometry":{"type":"Polygon","coordinates":[[[-0.32138981787284987,5.510844761561032],[-0.32259046977347516,5.509377315178844],[-0.33637865641875064,5.505136093616016],[-0.34259906530889916,5.503923665759874],[-0.32265159727530224,5.5096442539149475],[-0.32138981787284987,5.510844761561032]]]}},{"id":"1345","type":"Feature","properties":{"category":"river"},"geometry":{"type":"MultiPolygon","coordinates":[[[[-0.40431583435913776,5.700079937831412],[-0.4035983385444154,5.700054984698065],[-0.40386214390350866,5.699345640780683],[-0.40528816788375716,5.699475236438488],[-0.40403109385148533,5.699561328663397],[-0.4046371115656883,5.700126896157428],[-0.40392601737526296,5.701051084824833],[-0.4031420577903879,5.7005747198091985],[-0.4033567002524269,5.701206172001684],[-0.4030056065168544,5.701699539140858],[-0.4017563406037556,5.7013269990437925],[-0.4019137077730841,5.7024436654900645],[-0.40127734618712674,5.702205316808105],[-0.400068516114832,5.703999246819848],[-0.39801772150920584,5.703182600739501],[-0.39869359498625245,5.70383616823838],[-0.3982906683703605,5.704721498010291],[-0.3989714330136244,5.704527531518761],[-0.39952621814667955,5.705403458337723],[-0.3989081145370244,5.705476574473945],[-0.39896651682457124,5.706995577752014],[-0.3981694358709567,5.706289686934742],[-0.399032952977248,5.708750590187175],[-0.39843400310185817,5.709072875209762],[-0.39812890904191023,5.708580634598432],[-0.3980508774208313,5.709180342530108],[-0.39749545706928124,5.709411774803112],[-0.39639941730001066,5.709108156616813],[-0.39662496671711717,5.710155084905897],[-0.39555623833911063,5.709897051789569],[-0.3957416884893778,5.711776864998319],[-0.39523931658834394,5.711952857514051],[-0.3947850430702437,5.711327040568383],[-0.3947499633515716,5.713421169829558],[-0.3936828627453776,5.713508475241244],[-0.3942633486357597,5.713744878776369],[-0.3939436366298624,5.714709758628627],[-0.39523323389771914,5.71431052848932],[-0.3967328529339026,5.715748013589946],[-0.39620621414687845,5.716190376806734],[-0.3966851175333408,5.716904557190155],[-0.3960126238256236,5.717184827752962],[-0.396855248830608,5.717725003029687],[-0.39732517340798523,5.719083310860484],[-0.3985852541538852,5.718840455870509],[-0.39839757208343285,5.719618987966795],[-0.3979827687053939,5.719722356737352],[-0.3988728395096886,5.720354004730285],[-0.3981487149493897,5.720979707721072],[-0.39876357592977346,5.721758618188414],[-0.39751007756883827,5.7233295671310565],[-0.3965870522981038,5.722692127857726],[-0.3970552693079121,5.7238199633173865],[-0.39578267295242453,5.724352797608986],[-0.3965515870972642,5.726794436991201],[-0.3952304909156045,5.727670784108323],[-0.39579183782679517,5.728387399656208],[-0.3954013867162809,5.729317397208889],[-0.3944922082987904,5.729494667585394],[-0.3948064788164633,5.730486410040908],[-0.39367503727600645,5.730828548678062],[-0.3932578889953681,5.729817929331714],[-0.39284239719732394,5.7303468742643675],[-0.3923200843249245,5.72978789058323],[-0.3900857942304349,5.731282004367008],[-0.3906967933714592,5.731555673113959],[-0.38978404252642607,5.732795133468428],[-0.3903912940723046,5.732559310268126],[-0.3906093659224717,5.733009718684102],[-0.38930153959876257,5.733668313500854],[-0.38976367072550366,5.733543562239124],[-0.3903496212252581,5.734249371554417],[-0.389336703646617,5.734842146566978],[-0.3896183893875311,5.73570435403838],[-0.3883876609850629,5.736080797229511],[-0.38694281061233954,5.7396219375817195],[-0.38829406080926354,5.7424699915424515],[-0.3877539597742239,5.743905963893583],[-0.3870306587093784,5.744332202828582],[-0.38786642241499086,5.74449738339788],[-0.38816162856716324,5.746125786487286],[-0.3859838905776173,5.746950424812092],[-0.386606480491693,5.7475175371190605],[-0.3857324379178693,5.750413281210523],[-0.386277823658453,5.750803520302863],[-0.38678910514159237,5.753373819871732],[-0.38676702132838636,5.754814571883802],[-0.38619713979505527,5.75508853723533],[-0.3871889610751419,5.7551239109551275],[-0.3873254932448501,5.755519495150528],[-0.38667686654744376,5.755968576558557],[-0.38730812409478677,5.756236774348009],[-0.38516020293707615,5.758986878720471],[-0.3842635954085105,5.759116059719709],[-0.3843223237754468,5.759900582906788],[-0.38345758786293554,5.760066882923405],[-0.3838357400116898,5.762348688441586],[-0.38197593915145456,5.762259713823504],[-0.38181772261612584,5.762906713259722],[-0.3809232408238909,5.763498362833835],[-0.38043401398020715,5.764618468089294],[-0.3819982723487857,5.766035766940753],[-0.38115246364105565,5.767181731969925],[-0.380493067620589,5.766735849435037],[-0.3809627855020203,5.76752414979969],[-0.37962511762267886,5.768464046891691],[-0.380123400411575,5.769250521626422],[-0.37862901087045314,5.770591123217912],[-0.3797754286280356,5.769311146157186],[-0.3792227023742754,5.768580538232555],[-0.3803063484970308,5.7678330125057276],[-0.3795013707066108,5.767744423563368],[-0.3794598973799296,5.767129913995935],[-0.3806842697804817,5.767354864079019],[-0.3802854565603841,5.766553475459868],[-0.3809981954821792,5.766888534185632],[-0.3817327575404831,5.765964244810312],[-0.3801719374003912,5.764719458172836],[-0.380698184345559,5.76334505131808],[-0.38189605869760584,5.76198830756244],[-0.3836270127594927,5.762158619393776],[-0.38324287856833444,5.759892862338962],[-0.3870149969279797,5.756209022894111],[-0.3862318114793563,5.75621353710961],[-0.38590824243696287,5.7550921100424715],[-0.3865154501967419,5.753367712141601],[-0.38546239886559075,5.750467034216388],[-0.38632659873590247,5.747518421688646],[-0.3857168743352539,5.746887309197525],[-0.3878965230341049,5.746050360807125],[-0.3876077433625354,5.744597032227063],[-0.3867706803420309,5.744446925630345],[-0.38802586368477815,5.742566182018344],[-0.38666496962488817,5.739616684535832],[-0.3881750282345733,5.7359017902717016],[-0.3891972360393104,5.735414095639687],[-0.38912939595678103,5.734655225794424],[-0.3900738339703026,5.734193273055341],[-0.38901610856402047,5.733496957202769],[-0.3898067984975367,5.733104143330957],[-0.38950121926901937,5.732724291550956],[-0.38983623398595785,5.731122286109487],[-0.3922507487450456,5.7295236035696675],[-0.3934197309239593,5.729589831400413],[-0.39379503930434295,5.73056622436174],[-0.3946095801527067,5.730288972585413],[-0.394245729018157,5.729352484833271],[-0.3955216628333086,5.728330879022408],[-0.39453400317796,5.727575079537623],[-0.39626594538101634,5.726780905101443],[-0.39540724307954617,5.724260766438079],[-0.3967785983575988,5.723723517169276],[-0.3964679061813967,5.72243922843965],[-0.3974224362974662,5.723063107636755],[-0.39845697145037495,5.7217489932855985],[-0.3976791943574953,5.720939912039598],[-0.39853749616517825,5.720479771638213],[-0.39752363520264006,5.719660469287392],[-0.3983712401842484,5.719040568765896],[-0.3971701724414586,5.7193449729264625],[-0.39563976099911297,5.717196107136312],[-0.3964229217515753,5.716785272515552],[-0.3959009851867097,5.716164985599344],[-0.39647209672254274,5.71584799448184],[-0.39519998446529403,5.714622337719974],[-0.3937647098756409,5.714930130612972],[-0.3933729417024364,5.7134193566489],[-0.39457300378429494,5.713188048256256],[-0.39423676016108755,5.712339329795157],[-0.39454061551178576,5.711145546703141],[-0.3955085362964262,5.711043532414568],[-0.39531362572111617,5.709653411206321],[-0.3964575773619207,5.709860167339777],[-0.3959943781621686,5.708983923866138],[-0.3977314743542534,5.70908373047648],[-0.39807214506550875,5.708313041585087],[-0.39876141078045846,5.70864885218655],[-0.39787785636619954,5.70643011005855],[-0.3990466874684192,5.705243318404247],[-0.39807051578278885,5.704916557035439],[-0.3977779489948793,5.7030187223316355],[-0.3999388629179603,5.703752008718534],[-0.39967059337499644,5.7021341763976245],[-0.4004523456009529,5.702354142362325],[-0.4007851775955104,5.701603567398443],[-0.4016092260109443,5.701878801346206],[-0.40121169065168166,5.701213649914457],[-0.4015821656608449,5.700843282471192],[-0.40295204049795125,5.7014041810418385],[-0.4029272026210088,5.700371498077112],[-0.4038740199327525,5.700780877230812],[-0.40431583435913776,5.700079937831412]],[[-0.40157570923263886,5.701145862497638],[-0.40150527772319905,5.7011857056682205],[-0.40164928168898545,5.701251300261794],[-0.40157570923263886,5.701145862497638]],[[-0.40093305370179744,5.702037019296505],[-0.4006364805532664,5.702117139600306],[-0.40065642190844586,5.702162796016],[-0.40093305370179744,5.702037019296505]],[[-0.40030503436555015,5.7030620590180385],[-0.4003399717745324,5.702619190720262],[-0.3998720409712436,5.7024157439970224],[-0.40030503436555015,5.7030620590180385]],[[-0.3948556054477545,5.727609015152091],[-0.3948168215792115,5.7276428791828],[-0.3949295450275321,5.727634021636798],[-0.3948556054477545,5.727609015152091]],[[-0.3797004649606969,5.767556891584577],[-0.37976112975086285,5.7673296494907875],[-0.37971249025733456,5.7672711914465316],[-0.3797004649606969,5.767556891584577]],[[-0.3868601242423376,5.755372962580853],[-0.3869875534104184,5.7555363617782564],[-0.3870089784950211,5.755337839849417],[-0.3868601242423376,5.755372962580853]],[[-0.4005542709820746,5.70241441859762],[-0.4006103253882875,5.702518104191959],[-0.40068117541607773,5.702456918685156],[-0.4005542709820746,5.70241441859762]],[[-0.4010167214068327,5.702317129119213],[-0.40105601609736247,5.702439024501011],[-0.40106713590596593,5.7024298735750705],[-0.4010167214068327,5.702317129119213]],[[-0.4005255126134039,5.702892064426847],[-0.4006469311835911,5.702970948313051],[-0.40057866987272017,5.702756970092233],[-0.4005255126134039,5.702892064426847]],[[-0.395510269515567,5.711610162008683],[-0.3953232699628457,5.71161432588015],[-0.39529517282497634,5.711669535525601],[-0.395510269515567,5.711610162008683]],[[-0.3928409610771085,5.73001542659185],[-0.3928365279183588,5.730038833224184],[-0.39283902177378316,5.73004320522093],[-0.3928409610771085,5.73001542659185]],[[-0.3903106152351442,5.73285422064156],[-0.39028040872077524,5.732990587077842],[-0.39035664495078176,5.732836473829104],[-0.3903106152351442,5.73285422064156]]],[[[-0.37863565418377837,5.770685549380483],[-0.3786955994953534,5.770877545498438],[-0.3786593951233692,5.771022996330765],[-0.37863565418377837,5.770685549380483]]]]}},{"id":"1346","type":"Feature","properties":{"category":"river"},"geometry":{"type":"Polygon","coordinates":[[[-0.38993421863769295,5.684962841412327],[-0.3887114452219231,5.683940028781162],[-0.39009881560068965,5.684865039004351],[-0.38993421863769295,5.684962841412327]]]}},{"id":"1347","type":"Feature","properties":{"category":"river"},"geometry":{"type":"Polygon","coordinates":[[[-0.25803010247010955,5.655795831601088],[-0.25841239758099427,5.655845968355715],[-0.2580948338532718,5.655976214591361],[-0.25803010247010955,5.655795831601088]]]}},{"id":"1348","type":"Feature","properties":{"category":"river"},"geometry":{"type":"Polygon","coordinates":[[[-0.25935610241410384,5.672205631548654],[-0.2587803962320598,5.667044618239916],[-0.25721168924358495,5.664753267594279],[-0.25702297044846206,5.663286374014246],[-0.2588458215183703,5.657452513517971],[-0.2581394517927099,5.655718690152124],[-0.259116276330404,5.65748054498855],[-0.2573178548975134,5.6633324606837405],[-0.2590522978786169,5.6669986225092694],[-0.25935610241410384,5.672205631548654]]]}},{"id":"1349","type":"Feature","properties":{"category":"river"},"geometry":{"type":"Polygon","coordinates":[[[-0.258183465673789,5.655691151170909],[-0.25633245691044726,5.652998650694966],[-0.2511764163117252,5.649693055190072],[-0.24818336654949433,5.64884454172662],[-0.24208168270433927,5.650679792521347],[-0.23999342003947088,5.649930927308018],[-0.24205914627133715,5.650402583741228],[-0.24814425053135922,5.648557212245889],[-0.25126115954642253,5.649435581730505],[-0.25650443603051154,5.652787889313806],[-0.258183465673789,5.655691151170909]]]}},{"id":"1350","type":"Feature","properties":{"category":"river"},"geometry":{"type":"Polygon","coordinates":[[[-0.23494661095194097,5.657410290480426],[-0.23490798903171178,5.657063609523235],[-0.2350898513350869,5.6572832035252825],[-0.23494661095194097,5.657410290480426]]]}},{"id":"1351","type":"Feature","properties":{"category":"river"},"geometry":{"type":"Polygon","coordinates":[[[-0.23745049969860846,5.662537981324225],[-0.2356360274258791,5.661515739924537],[-0.23491477214231696,5.657145528371629],[-0.23589270453542713,5.66142437156822],[-0.23745049969860846,5.662537981324225]]]}},{"id":"1352","type":"Feature","properties":{"category":"river"},"geometry":{"type":"Polygon","coordinates":[[[-0.23752927995902798,5.662662829886361],[-0.23721572009798528,5.662501570096506],[-0.23750398509951384,5.66247283071473],[-0.23752927995902798,5.662662829886361]]]}},{"id":"1353","type":"Feature","properties":{"category":"river"},"geometry":{"type":"Polygon","coordinates":[[[-0.2383864389052354,5.662443714448216],[-0.23737096957074394,5.662454889338858],[-0.23844750088249864,5.662262055119556],[-0.2383864389052354,5.662443714448216]]]}},{"id":"1354","type":"Feature","properties":{"category":"river"},"geometry":{"type":"Polygon","coordinates":[[[0.2149476855569793,6.076050649378848],[0.21524991437661253,6.075833450617306],[0.214931954814623,6.075859697249483],[0.2149476855569793,6.076050649378848]]]}},{"id":"1355","type":"Feature","properties":{"category":"river"},"geometry":{"type":"Polygon","coordinates":[[[0.21485871041532476,6.076037580659588],[0.215141089528586,6.0758629193293645],[0.21488030441231143,6.075847203574709],[0.21485871041532476,6.076037580659588]]]}},{"id":"1356","type":"Feature","properties":{"category":"river"},"geometry":{"type":"Polygon","coordinates":[[[0.26445495856243806,6.064403069356633],[0.2604445253804042,6.071385937859741],[0.2489440608778639,6.078822815105249],[0.24835475758540032,6.078494152467663],[0.24594683683189897,6.079018275487308],[0.24130116037079147,6.073609034418165],[0.24582916925482612,6.07927048510006],[0.24893535621304025,6.079118822868601],[0.26063761012536146,6.071580874448147],[0.26445495856243806,6.064403069356633]]]}},{"id":"1357","type":"Feature","properties":{"category":"river"},"geometry":{"type":"Polygon","coordinates":[[[0.23257880707719858,6.079020142623084],[0.23669740613416448,6.073318994539278],[0.23980424558455068,6.071860030208247],[0.2365047000892652,6.073126964913863],[0.23257880707719858,6.079020142623084]]]}},{"id":"1358","type":"Feature","properties":{"category":"river"},"geometry":{"type":"Polygon","coordinates":[[[0.23970999188821962,6.072086967010148],[0.24013560804725922,6.071664033048877],[0.23956927044580872,6.071957097444405],[0.23970999188821962,6.072086967010148]]]}},{"id":"1359","type":"Feature","properties":{"category":"river"},"geometry":{"type":"Polygon","coordinates":[[[0.24000737786646967,6.071820291255101],[0.24218006219313218,6.071530752232226],[0.24092055776551768,6.071372215310296],[0.24000737786646967,6.071820291255101]]]}},{"id":"1360","type":"Feature","properties":{"category":"river"},"geometry":{"type":"Polygon","coordinates":[[[0.2420049724486248,6.071518032688746],[0.2477971473295824,6.0723343434222325],[0.24794020613559747,6.072207060739983],[0.2420049724486248,6.071518032688746]]]}},{"id":"1361","type":"Feature","properties":{"category":"river"},"geometry":{"type":"Polygon","coordinates":[[[0.24772941630400483,6.072086785758178],[0.24785618376268156,6.072438114210335],[0.247917300204181,6.072123339380643],[0.24772941630400483,6.072086785758178]]]}},{"id":"1362","type":"Feature","properties":{"category":"river"},"geometry":{"type":"Polygon","coordinates":[[[0.2477474422728116,6.072194426017913],[0.24960122542088378,6.072475250275298],[0.25115964169472355,6.071492403845064],[0.2477474422728116,6.072194426017913]]]}},{"id":"1363","type":"Feature","properties":{"category":"river"},"geometry":{"type":"Polygon","coordinates":[[[0.25101149250525734,6.071668847769752],[0.25110870749298153,6.0713364522407085],[0.2508971884610435,6.071515172534882],[0.25101149250525734,6.071668847769752]]]}},{"id":"1364","type":"Feature","properties":{"category":"river"},"geometry":{"type":"Polygon","coordinates":[[[0.251183808466412,6.0715672785261345],[0.25250156616300706,6.069724236864485],[0.2509924198068586,6.0715653048110125],[0.251183808466412,6.0715672785261345]]]}},{"id":"1365","type":"Feature","properties":{"category":"river"},"geometry":{"type":"Polygon","coordinates":[[[0.2524301076109993,6.069979228471148],[0.2525082923947709,6.069642071537923],[0.2523032093848394,6.069835799225593],[0.2524301076109993,6.069979228471148]]]}},{"id":"1366","type":"Feature","properties":{"category":"river"},"geometry":{"type":"Polygon","coordinates":[[[0.25260442695217034,6.069863599753357],[0.254749687093319,6.066869154114041],[0.25241388820395505,6.069881733419493],[0.25260442695217034,6.069863599753357]]]}},{"id":"1367","type":"Feature","properties":{"category":"river"},"geometry":{"type":"Polygon","coordinates":[[[0.25472239229231797,6.067011097180796],[0.25448706683824546,6.063826935859466],[0.2543297607937813,6.063717795742867],[0.25472239229231797,6.067011097180796]]]}},{"id":"1368","type":"Feature","properties":{"category":"river"},"geometry":{"type":"Polygon","coordinates":[[[0.25430329404210544,6.063976749034789],[0.25445250593510627,6.06368525097586],[0.2542283804841366,6.063800441811619],[0.25430329404210544,6.063976749034789]]]}},{"id":"1369","type":"Feature","properties":{"category":"river"},"geometry":{"type":"Polygon","coordinates":[[[0.25444085667896593,6.063940642708566],[0.25521704325321404,6.063329557434268],[0.25427229100717946,6.063849896849609],[0.25444085667896593,6.063940642708566]]]}},{"id":"1370","type":"Feature","properties":{"category":"river"},"geometry":{"type":"Polygon","coordinates":[[[0.04542491725275554,5.7612468670386345],[0.044550546889090235,5.762677091528303],[0.045353876069925636,5.762274333987072],[0.04542491725275554,5.7612468670386345]]]}},{"id":"1371","type":"Feature","properties":{"category":"river"},"geometry":{"type":"Polygon","coordinates":[[[-0.3822047675101875,5.763060037989551],[-0.381673827069718,5.762415804896665],[-0.3825848987605696,5.762906822393104],[-0.38286206702299846,5.762332184013413],[-0.38293570483672856,5.763054851523001],[-0.3822047675101875,5.763060037989551]]]}},{"id":"1372","type":"Feature","properties":{"category":"river"},"geometry":{"type":"Polygon","coordinates":[[[-0.3818900972479185,5.762310600789246],[-0.38066331939985776,5.76282997321112],[-0.38107146576123707,5.762041682862484],[-0.3818900972479185,5.762310600789246]]]}},{"id":"1373","type":"Feature","properties":{"category":"river"},"geometry":{"type":"Polygon","coordinates":[[[-0.3823384114326288,5.761995198242667],[-0.38194369710192655,5.762259246814014],[-0.3817681318844765,5.762335596624725],[-0.38185592895262493,5.76150588697167],[-0.3823384114326288,5.761995198242667]]]}},{"id":"1374","type":"Feature","properties":{"category":"river"},"geometry":{"type":"Polygon","coordinates":[[[-0.3834058403297111,5.759123762749039],[-0.3824271582358599,5.759799325463055],[-0.38247702186480004,5.759317834127788],[-0.38343880206850384,5.758840402391294],[-0.38417336004669955,5.759783429319971],[-0.3834058403297111,5.759123762749039]]]}},{"id":"1375","type":"Feature","properties":{"category":"river"},"geometry":{"type":"Polygon","coordinates":[[[-0.006927248705459211,5.684368326557363],[-0.006968951247154529,5.683996173432255],[-0.007101508382849448,5.684289233392367],[-0.006927248705459211,5.684368326557363]]]}},{"id":"1376","type":"Feature","properties":{"category":"river"},"geometry":{"type":"Polygon","coordinates":[[[-0.007796107664656627,5.6863354702962425],[-0.0068458801707622285,5.684282242017908],[-0.006934228059803549,5.684112257821249],[-0.007796107664656627,5.6863354702962425]]]}},{"id":"1377","type":"Feature","properties":{"category":"river"},"geometry":{"type":"Polygon","coordinates":[[[-0.0025363159672378553,5.679096075361277],[-0.0015933423975977394,5.678562680812347],[-0.001669605146193338,5.678386924229939],[-0.0025363159672378553,5.679096075361277]]]}},{"id":"1378","type":"Feature","properties":{"category":"river"},"geometry":{"type":"Polygon","coordinates":[[[-0.006679848540943468,5.683911139365977],[-0.005350619898913627,5.681445206128654],[-0.002308644663711055,5.679023289794876],[-0.003583985585699733,5.679145830305145],[-0.0055488369739664905,5.681250268010066],[-0.006679848540943468,5.683911139365977]]]}},{"id":"1379","type":"Feature","properties":{"category":"river"},"geometry":{"type":"Polygon","coordinates":[[[-0.36626393957462666,5.608329198612873],[-0.36592238595067694,5.608009945698774],[-0.36608629320612623,5.607907441680548],[-0.36626393957462666,5.608329198612873]]]}},{"id":"1380","type":"Feature","properties":{"category":"river"},"geometry":{"type":"Polygon","coordinates":[[[-0.36533895564954816,5.609467861815293],[-0.3660581720822425,5.608749545629171],[-0.3662384275803599,5.608813864389072],[-0.36533895564954816,5.609467861815293]]]}},{"id":"1381","type":"Feature","properties":{"category":"river"},"geometry":{"type":"Polygon","coordinates":[[[-0.2417473957451762,5.63458909054648],[-0.2410141406307912,5.634011142747668],[-0.24190584999578402,5.634481650594183],[-0.2417473957451762,5.63458909054648]]]}},{"id":"1382","type":"Feature","properties":{"category":"river"},"geometry":{"type":"Polygon","coordinates":[[[0.1849526170938817,6.089134187637464],[0.18492435356518086,6.087507038776694],[0.1837421530684006,6.086867356403578],[0.18166784587224669,6.086912363737759],[0.18227288628866145,6.084603671792965],[0.18136240217273428,6.083969523098818],[0.18189522869215774,6.082718964205175],[0.1781295791584547,6.0816510319425925],[0.18147429636588597,6.079366555717636],[0.18170967445237293,6.078157549883617],[0.1798014989670853,6.074956056642779],[0.1782278400132446,6.070977074361127],[0.17795987937892482,6.06773823624362],[0.1762948347069457,6.064653142878088],[0.1776929335394175,6.067799228002472],[0.17797051709305886,6.071064400798572],[0.1795548777361401,6.075071867301349],[0.18144304468471442,6.078217390021309],[0.1812943650852052,6.079158214885526],[0.18032262094678916,6.079225937810621],[0.17785408226161778,6.081716080832416],[0.1816896986033667,6.082909320133019],[0.1810693793141005,6.084049696411353],[0.18200084461089072,6.084605881340908],[0.1814395867595516,6.087075731097882],[0.18470349797142324,6.087703429672795],[0.1849526170938817,6.089134187637464]]]}},{"id":"1383","type":"Feature","properties":{"category":"river"},"geometry":{"type":"Polygon","coordinates":[[[0.23377123870882088,6.077808893851129],[0.2333952612492177,6.077811006094582],[0.233681766072533,6.077978268761081],[0.23377123870882088,6.077808893851129]]]}},{"id":"1384","type":"Feature","properties":{"category":"river"},"geometry":{"type":"Polygon","coordinates":[[[0.24433615600365707,6.077054464283289],[0.2413917222774871,6.07875469403954],[0.23798521127632966,6.075713212435009],[0.23523083021047297,6.078654833867454],[0.23350698889070443,6.077859618445054],[0.2352886030051861,6.078935633552511],[0.23829742929315778,6.075997487242608],[0.24160130321900636,6.079029550935863],[0.24433615600365707,6.077054464283289]]]}},{"id":"1385","type":"Feature","properties":{"category":"river"},"geometry":{"type":"Polygon","coordinates":[[[0.23592866650571612,6.053788214322134],[0.24364295440243966,6.0619834987098535],[0.24661030581761045,6.062061620928213],[0.2497229036052885,6.061111147721962],[0.25318980143270614,6.064078498536377],[0.2539740298753199,6.067060168518548],[0.25049257000786057,6.071258033603832],[0.24766588647813204,6.072221156556336],[0.2506548916818216,6.071475677955577],[0.2542335759910421,6.067159117496129],[0.25352523736084187,6.063903893037915],[0.24980279462691382,6.060847347089529],[0.24377283022814095,6.061744137491732],[0.23592866650571612,6.053788214322134]]]}},{"id":"1386","type":"Feature","properties":{"category":"river"},"geometry":{"type":"Polygon","coordinates":[[[0.23575620048647944,6.052881885446339],[0.24367232148282955,6.061532321681681],[0.2465946057805648,6.061531820935142],[0.24972723142102052,6.060586702397014],[0.25257236710289316,6.063214804739043],[0.2544324966651769,6.063585782454745],[0.2497814615471288,6.060316152905372],[0.24381130512608937,6.061294763921923],[0.23575620048647944,6.052881885446339]]]}},{"id":"1387","type":"Feature","properties":{"category":"river"},"geometry":{"type":"Polygon","coordinates":[[[0.23773996173274914,6.069578981742185],[0.23862376330420895,6.066837283790971],[0.23914644056339712,6.063002385014663],[0.2373972951045607,6.060878340779393],[0.23882321933567363,6.063012052878862],[0.23773996173274914,6.069578981742185]]]}},{"id":"1388","type":"Feature","properties":{"category":"river"},"geometry":{"type":"Polygon","coordinates":[[[0.2378848893449968,6.063615046929094],[0.2321010919942258,6.057335558677158],[0.23190975602850536,6.057330705576631],[0.2378848893449968,6.063615046929094]]]}},{"id":"1389","type":"Feature","properties":{"category":"river"},"geometry":{"type":"Polygon","coordinates":[[[0.2365483808690551,6.053654907027665],[0.22930292575023048,6.059364876214492],[0.23659097070175023,6.067068107260935],[0.23603750103910814,6.068469173461971],[0.23870017138818075,6.071127162054025],[0.2362889105035013,6.068347514701145],[0.23685467049346873,6.066952946051226],[0.22962554775759395,6.059344856518334],[0.2365483808690551,6.053654907027665]]]}},{"id":"1390","type":"Feature","properties":{"category":"river"},"geometry":{"type":"Polygon","coordinates":[[[0.23930281010362722,6.07198896951513],[0.23616815365112506,6.068414271681669],[0.23673668967732478,6.067153293960371],[0.23647387877121054,6.06674498535594],[0.22898279245756517,6.059029049939909],[0.23626424607667557,6.066916529805289],[0.23591527281719346,6.068535398143241],[0.23930281010362722,6.07198896951513]]]}},{"id":"1391","type":"Feature","properties":{"category":"river"},"geometry":{"type":"Polygon","coordinates":[[[0.2483784929436879,6.072056801193662],[0.24179310787071798,6.071052134015469],[0.23683541186399912,6.072543830166214],[0.23214743082950148,6.078833314141267],[0.23696174514578366,6.072785802746432],[0.24181172814498472,6.071323127611612],[0.2483784929436879,6.072056801193662]]]}},{"id":"1392","type":"Feature","properties":{"category":"river"},"geometry":{"type":"Polygon","coordinates":[[[0.2260061614791255,6.06359090731152],[0.23564782703609702,6.0741561108244975],[0.23583921513792738,6.074158471020354],[0.2260061614791255,6.06359090731152]]]}},{"id":"1393","type":"Feature","properties":{"category":"river"},"geometry":{"type":"Polygon","coordinates":[[[0.23907328372676387,6.072072307842679],[0.2360688067587891,6.068555634645699],[0.2365080998028627,6.067057057066825],[0.22931570399093798,6.059423063611526],[0.2277486292660975,6.060762077437361],[0.22679961234863802,6.060009624604152],[0.22361472553988254,6.068668454480162],[0.22642790544008923,6.07174111757207],[0.22389980514520502,6.068636068842107],[0.22621403578850996,6.0637495668684425],[0.2269298908533262,6.060319955009848],[0.22778381474050519,6.061082500324282],[0.22922227861321928,6.059717828268631],[0.23623961548569264,6.067162407495971],[0.23583500942917207,6.068699457092969],[0.23907328372676387,6.072072307842679]]]}},{"id":"1394","type":"Feature","properties":{"category":"river"},"geometry":{"type":"Polygon","coordinates":[[[0.1467460532376283,6.066746383375737],[0.1486357592230816,6.06826637024847],[0.15202715058418076,6.0687571314982955],[0.1545502374166259,6.071397779463811],[0.1574381004586083,6.071035818367114],[0.15566337096309102,6.0740025751539015],[0.1557774524729946,6.076801476234702],[0.15619625157461747,6.078982329008135],[0.16060361095276787,6.080505463032184],[0.1587604146469823,6.083212974970356],[0.14930689629086127,6.076992110532858],[0.1504919514167031,6.069623746163099],[0.15019473295771513,6.069176993584926],[0.14899689218552373,6.068978611797449],[0.15021808647945617,6.069644934548597],[0.14893951316369974,6.076821900841201],[0.15887221409526445,6.08351207792239],[0.16093834796110776,6.08043724014379],[0.15639813302738914,6.078794434510904],[0.15592980631109746,6.074072073387143],[0.1576737633269099,6.070887360727548],[0.1568423846361973,6.0704001072964875],[0.15461826408555715,6.071122110019695],[0.15109057351350574,6.067874303290414],[0.1487211935825628,6.068008781237869],[0.1467460532376283,6.066746383375737]]]}},{"id":"1395","type":"Feature","properties":{"category":"river"},"geometry":{"type":"Polygon","coordinates":[[[0.15592913502543249,6.073765359722093],[0.1566105801276377,6.079092387874623],[0.16201921639014571,6.080506394188841],[0.16455304830667145,6.08309281746624],[0.16532061855741276,6.083571889458054],[0.16618167524713914,6.083382931870435],[0.1621262934350488,6.0802568062674025],[0.15679722792667866,6.078881952859584],[0.15606924903311292,6.074251940571645],[0.15815974692719809,6.070513977739395],[0.15592913502543249,6.073765359722093]]]}},{"id":"1396","type":"Feature","properties":{"category":"river"},"geometry":{"type":"Polygon","coordinates":[[[-0.40056644143477466,5.623337018323837],[-0.3928504874719897,5.625235827806799],[-0.38448941318226487,5.623776563989452],[-0.3773852019883013,5.619629685097592],[-0.3767069024570527,5.6176702654127135],[-0.37758647962555125,5.619440339773399],[-0.3845404754815893,5.6235076255069565],[-0.3928309263215601,5.624962946390505],[-0.39718059053212434,5.623721568716172],[-0.40056644143477466,5.623337018323837]]]}},{"id":"1397","type":"Feature","properties":{"category":"river"},"geometry":{"type":"MultiPolygon","coordinates":[[[[-0.4658542094630669,5.621973735517775],[-0.46456140116807315,5.623056272341332],[-0.46367584325943517,5.623547190281176],[-0.46179008784909753,5.623707465117571],[-0.4611615050644392,5.624522305720641],[-0.4585634627049583,5.625797105910648],[-0.4581496373702571,5.625448239931022],[-0.4616709984401796,5.623450001000448],[-0.4639934558003612,5.623335794408962],[-0.4648343840945934,5.62225338988795],[-0.4658542094630669,5.621973735517775]]],[[[-0.45201949686579657,5.620525806613624],[-0.4512013676013439,5.620166472576698],[-0.4503095452434445,5.619774771482495],[-0.45158484404549604,5.619837965103828],[-0.45201949686579657,5.620525806613624]]],[[[-0.44515994721717567,5.617512994612108],[-0.4424625640906019,5.618466966874385],[-0.4417981486075334,5.6190911441654725],[-0.44228571507561637,5.618241100125355],[-0.44428437916432495,5.617201963523973],[-0.44472960563611097,5.617171305112816],[-0.44515994721717567,5.617512994612108]]],[[[-0.44133300455553515,5.619332114955689],[-0.4392413278813698,5.620157526124464],[-0.43786056494120695,5.621131034052366],[-0.4391355306475384,5.619901534803343],[-0.44133300455553515,5.619332114955689]]],[[[-0.43608552630167474,5.622591014413073],[-0.43192613970280813,5.6219673335654035],[-0.43135102950230325,5.621556984968243],[-0.43064261786996766,5.619804630254627],[-0.42848700674812057,5.619293808936446],[-0.427673460419832,5.618666535553505],[-0.42747837633392943,5.615216779668571],[-0.4254059625199518,5.611407147429298],[-0.42608905967434224,5.610197246861919],[-0.4268691711277284,5.610233004346653],[-0.42699480666128553,5.60816786915628],[-0.4268631359583623,5.6062099505155345],[-0.42548145933596043,5.604177366716977],[-0.42564371614299934,5.602538900474383],[-0.42445971724001463,5.60214881721691],[-0.4227796312335182,5.599930357859482],[-0.42038670870568723,5.599134471151114],[-0.41931782333000006,5.595700229831821],[-0.4174772788051107,5.593548776928985],[-0.41678563378087097,5.591747651453141],[-0.41707765087862014,5.589302311244699],[-0.4150659684941149,5.58850635231087],[-0.41442612502637105,5.587714961431474],[-0.41735038864583335,5.589170733575981],[-0.41704988977453644,5.591682030655706],[-0.41957733593039154,5.595588631951812],[-0.42059833295021787,5.598938318424201],[-0.422934693766006,5.59970341021029],[-0.4258911682109643,5.60241487669889],[-0.42578074641064323,5.604095594537324],[-0.427117261235409,5.606091238035136],[-0.42727590628714984,5.6082614244257405],[-0.42710441322239956,5.61038286257564],[-0.4256792904050029,5.611401642966291],[-0.4277454954796326,5.615151525352016],[-0.4279080083613562,5.6185133892691095],[-0.43082380369929146,5.61959339320084],[-0.4320393688309958,5.621718671113078],[-0.4338007390078197,5.621501582657884],[-0.43608552630167474,5.622591014413073]]],[[[-0.437396991980943,5.621371190928667],[-0.43748469607755097,5.62117196734072],[-0.43775633143962667,5.621185032870872],[-0.437396991980943,5.621371190928667]]],[[[-0.4465458667452136,5.618121710227723],[-0.44710265655387865,5.618164568737729],[-0.44720581133360554,5.618411567299702],[-0.4465458667452136,5.618121710227723]]],[[[-0.4472260199701823,5.618420443220999],[-0.4476897088927366,5.618353902722366],[-0.4480902611845832,5.618800030283756],[-0.4472260199701823,5.618420443220999]]],[[[-0.4493270504229455,5.619343245750012],[-0.44952608353990675,5.619352384101101],[-0.45010614795551995,5.6196854364938265],[-0.4493270504229455,5.619343245750012]]]]}},{"id":"1398","type":"Feature","properties":{"category":"river"},"geometry":{"type":"Polygon","coordinates":[[[-0.5036594380261761,5.6896434548577295],[-0.5015668241064842,5.6851107941816075],[-0.4998485080440323,5.6838442902533295],[-0.49825344113709047,5.682955438958437],[-0.4944812876971735,5.683087495885228],[-0.49372033661520076,5.681962505829573],[-0.4921042764039265,5.681495958049148],[-0.4915898647540921,5.6800146389009525],[-0.49203775219571966,5.676043185590128],[-0.4893453352873095,5.673389999633794],[-0.4875823259019941,5.670664691802403],[-0.48482911855676303,5.670514547143951],[-0.48386195574114843,5.67146441792098],[-0.4817609257129662,5.671768189286219],[-0.4767791583684193,5.6764714675414245],[-0.47300061977354874,5.67838420254587],[-0.47046480846532296,5.678958575399779],[-0.46872171479361197,5.680734175865715],[-0.4665203834848723,5.682131143224578],[-0.45646003074134045,5.687700694446091],[-0.45406646872625894,5.68740390461846],[-0.45264100162819415,5.688263026605411],[-0.45016514018853526,5.688889499695145],[-0.4450108806819359,5.688818630328351],[-0.4393605641875306,5.691862290771879],[-0.43403310102992176,5.689910719298534],[-0.43150611007973405,5.692440201338349],[-0.42349795480860675,5.69545006413482],[-0.4209048997164815,5.695899635785569],[-0.4160227852993439,5.699148861319374],[-0.4072321192965753,5.702755408803118],[-0.40556323870207,5.701726337461927],[-0.4050396744401536,5.6995604704495575],[-0.4058131128769324,5.701581327589773],[-0.40720111308013657,5.702465690930466],[-0.4159020866435399,5.6989047623378974],[-0.4208072293208977,5.695643995829741],[-0.4313652360511009,5.69219510507571],[-0.43275146865805547,5.690137788377472],[-0.43398421487450267,5.689639257284586],[-0.4393207064737441,5.6915897075859245],[-0.44493979179585125,5.68855509187544],[-0.4501338008224382,5.688618565611866],[-0.45402012735191705,5.687127876024631],[-0.45637899226421974,5.687434001607804],[-0.46638331681930095,5.681897173902184],[-0.4703303828916444,5.6787166482039035],[-0.476622933823547,5.676247747836274],[-0.4816284414601176,5.67152710279623],[-0.4837437980673159,5.671212502245275],[-0.48475849447744956,5.670244693476033],[-0.48774640427925886,5.670438681400051],[-0.4922856016105026,5.675916092600835],[-0.4923022673965274,5.68128596173035],[-0.49388118328780756,5.681732744611099],[-0.49458243875154456,5.6828106608935505],[-0.4983108899409405,5.682689100564539],[-0.5000020060929968,5.683620805905162],[-0.5017851138510803,5.684941510966042],[-0.503133237757353,5.688297606502632],[-0.5045453825327464,5.689680613687433],[-0.5036594380261761,5.6896434548577295]]]}},{"id":"1399","type":"Feature","properties":{"category":"river"},"geometry":{"type":"Polygon","coordinates":[[[-0.5093298322006308,5.717314161380901],[-0.4928303594110653,5.724740229060873],[-0.4903804303730417,5.7267898609474175],[-0.4870626965597784,5.727878663318251],[-0.48526124790469444,5.72972089032562],[-0.480160867193637,5.730590383704869],[-0.478863461978255,5.732385122004308],[-0.47736186875000236,5.733159487286946],[-0.46962479700395715,5.734155507727629],[-0.46750782625172993,5.737580900139599],[-0.46419670981736216,5.7367613698645465],[-0.4590955041135876,5.739534789678298],[-0.45625630121210387,5.739882975940448],[-0.4480011910545825,5.7388041964848675],[-0.44627903312032874,5.737940212557248],[-0.4450220939474787,5.736473866745787],[-0.441984375638169,5.731687012662036],[-0.43947418076728006,5.730458967530378],[-0.43617068873569476,5.7319997714877235],[-0.4348630526739407,5.731934754248982],[-0.4283090941773373,5.728201843435827],[-0.4234798890645699,5.724682430554447],[-0.416559886539234,5.717314519155882],[-0.41180850548258535,5.713461153415861],[-0.4094435604942833,5.71029763492017],[-0.40732535843542095,5.706556771808108],[-0.4070659117627751,5.702606136385083],[-0.4075821559109629,5.706469405117669],[-0.4120087751100442,5.713277806541295],[-0.416740856994699,5.71711199161768],[-0.4236632126535945,5.724482793281253],[-0.43499704206859646,5.731687907233099],[-0.43949781453175213,5.730186738441293],[-0.4421481248582841,5.731466015712413],[-0.44523416568447904,5.736305090038075],[-0.44806340636552977,5.73853945846339],[-0.45623322254694804,5.739612666692458],[-0.45900524376145285,5.739275791270824],[-0.46414939100286046,5.736488387906188],[-0.46746026074571334,5.737310051342145],[-0.4694957311276343,5.7339150829470515],[-0.4772775202734127,5.732898795653432],[-0.48002007519028456,5.730349900783175],[-0.4851447559917765,5.729466854903119],[-0.48691178268113655,5.727648793188093],[-0.4902479624205067,5.726550558207445],[-0.49269920068797474,5.724500990964149],[-0.501852551310977,5.720118465296385],[-0.5093298322006308,5.717314161380901]]]}},{"id":"1400","type":"Feature","properties":{"category":"river"},"geometry":{"type":"Polygon","coordinates":[[[-0.2885164217540931,5.685694576824849],[-0.2906703186660663,5.681739970175772],[-0.29300436027743243,5.67944050009329],[-0.2931903765540136,5.677817691345589],[-0.29798307044749794,5.6723562452488805],[-0.29984832752566803,5.67100030790489],[-0.30256886955359935,5.667084125543177],[-0.3045091740919491,5.666786166383243],[-0.30747088568223885,5.664928091220661],[-0.3100386870008681,5.660892795079901],[-0.31585702378172176,5.6574985566431515],[-0.3175182147234132,5.656963465606969],[-0.31965465930595977,5.651645466401541],[-0.32102778546248434,5.6447844919974495],[-0.32246826688311964,5.6421782507551805],[-0.3258169299657732,5.640700406963252],[-0.3323247355731264,5.633888223814801],[-0.3383855376293889,5.631978835908277],[-0.34218680462470313,5.628851046873373],[-0.3516475138018832,5.61343953820658],[-0.3542238087899728,5.611024326285138],[-0.3574912008879054,5.608930282516985],[-0.3518596009760448,5.613609498135468],[-0.3423870576420145,5.629036363530292],[-0.33851545891153195,5.632219534474774],[-0.33247205341892644,5.634120256538847],[-0.3259893601940929,5.64091304954522],[-0.32266853773338405,5.642370689251024],[-0.32128373201180027,5.6448762864719075],[-0.3199186312925031,5.651712882117656],[-0.31771147291846336,5.657157260328466],[-0.3108803334279252,5.660642268950239],[-0.308429220182947,5.6645230787532315],[-0.30463631175594075,5.66702624037481],[-0.3027949833988438,5.6672832593740585],[-0.3000591635423314,5.671171715707188],[-0.29342593632832187,5.677972274035466],[-0.29323290950666153,5.679596987226462],[-0.29088803169353533,5.681907485703676],[-0.28974779659200234,5.684698317578232],[-0.2885164217540931,5.685694576824849]]]}},{"id":"1401","type":"Feature","properties":{"category":"river"},"geometry":{"type":"Polygon","coordinates":[[[-0.21779478687405823,5.569470716826424],[-0.21795541271253216,5.567750382974014],[-0.2179500749511683,5.569582669981675],[-0.21779478687405823,5.569470716826424]]]}},{"id":"1402","type":"Feature","properties":{"category":"river"},"geometry":{"type":"Polygon","coordinates":[[[-0.21704713819128132,5.585518639757598],[-0.2180944162106634,5.5838427122846666],[-0.2179256270613493,5.576597239890074],[-0.21855491578925418,5.57221053205762],[-0.21794190632676544,5.569314049945048],[-0.21882637003887434,5.572213458057349],[-0.21836467716413105,5.583879180926543],[-0.21704713819128132,5.585518639757598]]]}},{"id":"1403","type":"Feature","properties":{"category":"river"},"geometry":{"type":"Polygon","coordinates":[[[0.2981358690494253,5.841262577373628],[0.2985819398109031,5.838928546082662],[0.30091467173734754,5.8354717274863],[0.3009794626236976,5.833932974400895],[0.3018249205876004,5.833271387065448],[0.3017849369285223,5.829710733451517],[0.3036617656678703,5.828460764757255],[0.30578837869088543,5.8241947162001315],[0.30538438105762084,5.822238854469588],[0.30856302838683536,5.821798179164217],[0.3099424887025965,5.82082761992476],[0.3104973245662045,5.819639458509672],[0.31109192844335953,5.8121641014313],[0.3131459885310788,5.810234407018752],[0.31331134279234146,5.8067468439293926],[0.31520209243763025,5.8060524704687815],[0.31548788565123864,5.807351860886893],[0.3165517655510933,5.806112354497533],[0.3171358950045972,5.807933565880952],[0.31882781542117966,5.805948349763689],[0.3178941982671865,5.801995627200329],[0.3161004786447407,5.800527075090936],[0.31751194428752677,5.795626120337953],[0.3144959384121376,5.7951941432692236],[0.3168318895838898,5.792761211137259],[0.3171290085905194,5.791116279710076],[0.3147388812689451,5.790065504671341],[0.3142094427970239,5.786068581230287],[0.31328730511329067,5.784488268727151],[0.3121105032118511,5.7840720741887175],[0.30868404651494324,5.784326129343617],[0.3131045292752713,5.7847000974580185],[0.31453022477891895,5.790250133739102],[0.3168750375446802,5.791223274255633],[0.31660617059409313,5.792606453624641],[0.31422380091944585,5.795271678792509],[0.3172727467625266,5.795782931916264],[0.31583276363091783,5.800606258507179],[0.3176524811351168,5.80212401784371],[0.3185620533531863,5.805881605855791],[0.31712578093252797,5.80764015831591],[0.31662116168294513,5.80583900851787],[0.31549950300898777,5.807062590865906],[0.31543919396841835,5.805902219706226],[0.3150900109247071,5.805741270610659],[0.31308633288202065,5.806587735376441],[0.3128874359053853,5.81011356639432],[0.31083000988704057,5.81208111560949],[0.30973587740954595,5.820645429382196],[0.3051687387140679,5.822057234424184],[0.30552049769813316,5.824109515301823],[0.30387809115183845,5.827524794120205],[0.3015184791620848,5.829620332508891],[0.3015658096881884,5.833161151606492],[0.3007360621148875,5.833789781924595],[0.3006576802237171,5.835373515455436],[0.29812768313146804,5.839618743859806],[0.29785956176318296,5.841269302456089],[0.2987793232934579,5.844457672121054],[0.2981358690494253,5.841262577373628]]]}},{"id":"1404","type":"Feature","properties":{"category":"river"},"geometry":{"type":"Polygon","coordinates":[[[0.6712389,5.7841721],[0.6711156164090986,5.784227708273326],[0.6712543917289246,5.78430654750864],[0.6712389,5.7841721]]]}},{"id":"1405","type":"Feature","properties":{"category":"river"},"geometry":{"type":"Polygon","coordinates":[[[-0.21982550476613996,5.5377906900326295],[-0.21954443627893608,5.533425126573618],[-0.22122882881337533,5.52998015243141],[-0.22140979334718625,5.53111270976661],[-0.21981267852945055,5.5334712553823175],[-0.21982550476613996,5.5377906900326295]]]}},{"id":"1406","type":"Feature","properties":{"category":"river"},"geometry":{"type":"Polygon","coordinates":[[[-0.23176848249623855,5.5553746069084875],[-0.23101065984980484,5.555463339546858],[-0.23092199409572034,5.555199278609932],[-0.23176848249623855,5.5553746069084875]]]}},{"id":"1407","type":"Feature","properties":{"category":"river"},"geometry":{"type":"Polygon","coordinates":[[[-0.2165828842492851,5.5862413252083085],[-0.2171161157531122,5.58587357467558],[-0.2166637128992185,5.586415056600051],[-0.2165828842492851,5.5862413252083085]]]}},{"id":"1408","type":"Feature","properties":{"category":"river"},"geometry":{"type":"Polygon","coordinates":[[[-0.24200941285195404,5.650667705352268],[-0.24000761815637595,5.650216669293696],[-0.23993525319482562,5.650039224744549],[-0.24200941285195404,5.650667705352268]]]}},{"id":"1409","type":"Feature","properties":{"category":"river"},"geometry":{"type":"Polygon","coordinates":[[[-0.02603653059029565,5.684790421425361],[-0.02435495378939951,5.685699646530382],[-0.022916620871525125,5.685295838543568],[-0.02162554768747812,5.684219738591015],[-0.024388897692787,5.6854303448284735],[-0.02603653059029565,5.684790421425361]]]}},{"id":"1410","type":"Feature","properties":{"category":"river"},"geometry":{"type":"Polygon","coordinates":[[[-0.02558503271194215,5.686000613837184],[-0.025395210151524166,5.685032015938159],[-0.025565612209974425,5.68494488853155],[-0.02558503271194215,5.686000613837184]]]}},{"id":"1411","type":"Feature","properties":{"category":"river"},"geometry":{"type":"Polygon","coordinates":[[[-0.026600310391690175,5.684235203581311],[-0.024469982663013902,5.6856904289932375],[-0.024290682725843765,5.685623579503831],[-0.026600310391690175,5.684235203581311]]]}},{"id":"1412","type":"Feature","properties":{"category":"river"},"geometry":{"type":"Polygon","coordinates":[[[-0.40514951721317366,5.699364446078463],[-0.4051154884861616,5.698532332838367],[-0.40461964587503857,5.698080626432088],[-0.40464889219521427,5.698827533690017],[-0.4036415855924138,5.698317609378339],[-0.4038732509635004,5.697618176731294],[-0.4029039230991145,5.696471200082901],[-0.40289277002190266,5.69559529510789],[-0.40224793089904987,5.695255461142375],[-0.40255575286268347,5.694709616063368],[-0.4011981589162886,5.69393071410123],[-0.4020568353048404,5.6929910115979965],[-0.4006987152744161,5.691744154356296],[-0.40205076653856986,5.690359610558021],[-0.4015696061491204,5.689759326352163],[-0.40323482162551116,5.690167556460314],[-0.4025615025877866,5.6887264782643525],[-0.4014056873530407,5.689223759031137],[-0.4008880245169746,5.688451129792308],[-0.40106986714723347,5.68722792048842],[-0.3998104589834582,5.6873017056921915],[-0.3992712036297728,5.686630715457501],[-0.3994683545118508,5.686246498870203],[-0.3984113556455705,5.687098109501097],[-0.3976102318753401,5.6864876797804245],[-0.3976892730135268,5.687752074883902],[-0.39837212388891513,5.687452311723369],[-0.3985008720946833,5.688178127802084],[-0.3969047309779985,5.6888389473358165],[-0.39647838654617934,5.687707244045027],[-0.3956316332267563,5.688800569497043],[-0.3952396508173326,5.688759791851642],[-0.39424193396041596,5.687965298858183],[-0.3943442049853935,5.6873027758591705],[-0.3931282986809532,5.687474639563414],[-0.39151667336288853,5.686379864026122],[-0.3914049887345967,5.685307579227554],[-0.3898723628469402,5.6850718190640075],[-0.389869943797343,5.6845695564641865],[-0.39118045221767406,5.683972676828768],[-0.39103653586968756,5.682754197723485],[-0.38882936879779734,5.684183450555083],[-0.3877261650428842,5.683997771480401],[-0.38791261348671136,5.6851474037038345],[-0.38665672822558506,5.684686020098332],[-0.38605596151196,5.685781533581253],[-0.38210431883151347,5.685185858519931],[-0.38262703184525293,5.6836951911593045],[-0.3810554029043718,5.68498307343078],[-0.3802418858926059,5.683778857819752],[-0.37948218162982067,5.684225712653097],[-0.3786541282183481,5.683346692290662],[-0.378748142107595,5.684400763590541],[-0.37732804217480526,5.683562871333394],[-0.3769927685323658,5.684439696762479],[-0.3759925064634331,5.683912261993332],[-0.3747079436255402,5.684395467236433],[-0.3743306234400012,5.683234108970666],[-0.37356855904660025,5.683654794572362],[-0.37264811406255427,5.683079944529974],[-0.3728369697835284,5.6825452429236325],[-0.3711467370487591,5.682794013449248],[-0.37037266965362564,5.681704962301857],[-0.3705189399979803,5.68110017928789],[-0.36962338767410785,5.68195981510816],[-0.3690949110418458,5.681770996034013],[-0.3694667752353186,5.680107656199448],[-0.3687759858269108,5.680073142737598],[-0.3685766426937231,5.678510756489973],[-0.36914746565419726,5.677393053261778],[-0.36980124111333956,5.678068650674152],[-0.37039926235505144,5.67687179160712],[-0.36906049672625163,5.676890912100932],[-0.37008441311214396,5.675621188581114],[-0.36894700404071923,5.6742906676975995],[-0.36852637977411007,5.6727623471603446],[-0.36888498857211516,5.67229623165713],[-0.36802446907420094,5.672026100935614],[-0.36846565847390006,5.670752665864446],[-0.36767901389522784,5.670198724300982],[-0.3681128961666116,5.669916736720579],[-0.3668587880442259,5.668892843793685],[-0.3655722822330413,5.668942385589904],[-0.36513961703511083,5.667498547175579],[-0.36441853266571533,5.667745269895756],[-0.36436796799034643,5.666907767244427],[-0.3637849431207683,5.66727497122096],[-0.3632409055471518,5.666543548026729],[-0.3626171908833972,5.6678888098962075],[-0.36133185247274374,5.667527558854183],[-0.3612071113644922,5.668383908221518],[-0.36035435471852,5.669124547815214],[-0.35971457672851187,5.668717786164564],[-0.35959066469284545,5.669492948344819],[-0.3585593075392055,5.668638241521891],[-0.3591412874291241,5.669755819628495],[-0.35795454083321904,5.67091291739462],[-0.3568104163175778,5.67098939320316],[-0.3555010978414286,5.668983912987521],[-0.35451884245341714,5.666181211948363],[-0.35356709862505903,5.666502641623355],[-0.3533710916008329,5.665614155058073],[-0.3528569324414875,5.665721464280307],[-0.35148419832620786,5.6645770485408615],[-0.3508272697887861,5.665387861321395],[-0.349650941481683,5.664049566134369],[-0.34987267409961903,5.663377223992979],[-0.3481743862134962,5.663223494442352],[-0.3489324562789263,5.658146490329616],[-0.35002750772816177,5.657930036703256],[-0.34963287898953754,5.655330938029916],[-0.3502296831630837,5.653301573733302],[-0.35136808905018163,5.651889409908264],[-0.3521250608611961,5.653119701335426],[-0.352325699684292,5.652053111516388],[-0.35390510915295326,5.650817507683858],[-0.35248352452812154,5.648963108233632],[-0.354549772898309,5.647192445508253],[-0.35376923046770725,5.646289395287174],[-0.35325175790005786,5.644051817213918],[-0.3537298756900661,5.643533580392061],[-0.3543880556388078,5.643997220417357],[-0.35512329317181607,5.641615282077415],[-0.35620363176758146,5.6413837391950175],[-0.3562520165929379,5.64027076132688],[-0.35833960722885805,5.6383758241424164],[-0.3596648095845927,5.638902131170068],[-0.35951419874530394,5.637459420308755],[-0.36086817095891993,5.634448874107022],[-0.35987029547723676,5.633618393767868],[-0.35984270336643803,5.632619822416422],[-0.35821722255474453,5.6329803122764295],[-0.35770816137047884,5.630876801354901],[-0.3568001050535324,5.630422127095353],[-0.3574995068017323,5.628987121505759],[-0.3560733742442675,5.626914861957015],[-0.3564616022497643,5.625891737625341],[-0.3573430905082091,5.6253941060873265],[-0.3567650648845731,5.62448642990206],[-0.35687502523235376,5.623566014278139],[-0.35591220695685144,5.623693901464196],[-0.354367584250881,5.619890845232763],[-0.3545628705283449,5.619160645927952],[-0.3574509484900354,5.6177428793613196],[-0.3579057883700278,5.61665646436765],[-0.3574890600659713,5.615111554437694],[-0.35793221519474683,5.612898725511512],[-0.3572683558219134,5.608982808569236],[-0.3619416788405481,5.602635602553439],[-0.36453645933667767,5.595904421439273],[-0.36164164074346156,5.584973202260001],[-0.3503789121293963,5.576575318991673],[-0.34557227032166804,5.571864947762751],[-0.34428579648156415,5.5696024258761785],[-0.35056157402690197,5.576375099513314],[-0.36186856130877904,5.584811399958688],[-0.36481363018370194,5.595905419149822],[-0.3621815593658032,5.602764035672702],[-0.3575368605611734,5.609053846561828],[-0.3582047682153814,5.6129245637904495],[-0.35817697077201927,5.616696617158041],[-0.3576846729978315,5.617885530162556],[-0.35463919251610565,5.6199108599113],[-0.3561400294009625,5.62352883321009],[-0.35713735927222295,5.6234066714176905],[-0.35763899711763486,5.625440811489904],[-0.3563436793057839,5.626947307269639],[-0.35777714257640403,5.628926537320671],[-0.3570746197921381,5.630326730582152],[-0.3579415348700697,5.630724797710677],[-0.3584202358007505,5.632742611197305],[-0.3600223588299237,5.6323908494288215],[-0.36115159462656676,5.634472939260357],[-0.35988597681812085,5.639072379051049],[-0.3588958585877318,5.639384415753104],[-0.3584520048913886,5.638634960800067],[-0.35651633943032895,5.6404048549692005],[-0.3563820126526215,5.64159961277544],[-0.3553148626482929,5.641820449751702],[-0.3545757984888236,5.644235077908448],[-0.35349972311247524,5.6441611013296304],[-0.3548315239382423,5.647184853782078],[-0.3544671896263147,5.648271406898508],[-0.3527680439375855,5.648972783920215],[-0.35417576984427857,5.6508829778901255],[-0.35228437970931864,5.653339694871295],[-0.3513121483856278,5.652172191288671],[-0.35047098282402095,5.6534254654900655],[-0.35028606051701533,5.658020326795985],[-0.34917988348477397,5.65828110727736],[-0.34845194460668427,5.663169903159237],[-0.3500855218995771,5.6631920281054615],[-0.3509386581235318,5.665106696215246],[-0.35153983320413174,5.664306302042081],[-0.3535161710630585,5.665377981388652],[-0.35375626947820304,5.66628469404366],[-0.35473290118983214,5.6659709624263375],[-0.3568646385036234,5.670715015110212],[-0.3577503287819303,5.670688479913992],[-0.3574641312931223,5.670107135931634],[-0.35888003081380365,5.669637433052005],[-0.35839839445833965,5.66836921891613],[-0.35941995442872837,5.668976173700352],[-0.35977814811305114,5.6684297528188194],[-0.3602113450672707,5.66887471151004],[-0.3611975667441902,5.667211869828959],[-0.36242932416917056,5.667657676093498],[-0.36315082102928153,5.666274456203303],[-0.3645688589191247,5.666708269500712],[-0.3645697084489748,5.667492940202204],[-0.3652139109415608,5.667206209070466],[-0.3657660709817115,5.668740672242413],[-0.36696034207112527,5.668638436323278],[-0.3683531103262952,5.669768964837118],[-0.3679703588731711,5.6701865952295405],[-0.36876199699530043,5.670806447868891],[-0.3683039573935454,5.671694868576687],[-0.36915617330184924,5.672159003804454],[-0.3692228094911701,5.674208394010585],[-0.37039425186491154,5.675634695169176],[-0.3693486607070151,5.676819791850672],[-0.37074193090014906,5.676823495634643],[-0.3699825449626901,5.678284402703071],[-0.3692475556681852,5.6777977414200755],[-0.36884021853526866,5.678590291680025],[-0.36973408946219904,5.680044772435559],[-0.3693729323744235,5.681644840687059],[-0.37066226965623483,5.680846948131783],[-0.37134299662825454,5.6825227554813615],[-0.37289378676514306,5.682272893331049],[-0.37310727835502905,5.682972921827621],[-0.3738870063780347,5.682574048928971],[-0.3736332822342901,5.683335893279959],[-0.3744237090506341,5.682924668964375],[-0.3747178474113282,5.684092041295745],[-0.3760001209756863,5.683626145486662],[-0.37690221417305964,5.684163644426023],[-0.3773413485493322,5.683287175375265],[-0.37859957442577946,5.684110835100653],[-0.3783625831412582,5.683392885905902],[-0.37870044561114313,5.683056169416754],[-0.3793967643478674,5.683919648768662],[-0.3803952085176301,5.683542538104678],[-0.3810506142496176,5.684702319585866],[-0.3826811116625219,5.683423746586627],[-0.3829715094497474,5.683714984333906],[-0.3822807222866978,5.684967125028771],[-0.3860762500355779,5.685499118931583],[-0.38657850558079115,5.684411755955068],[-0.3877011034634571,5.684944223466249],[-0.3875932260039628,5.683759933784841],[-0.38880021896546374,5.683902454042268],[-0.3910776965343322,5.682482217333409],[-0.3914355534180491,5.684100819395414],[-0.39010867338360694,5.684900040435278],[-0.39160958300577386,5.685072677737279],[-0.3917304012212296,5.686206545530077],[-0.39323878035292936,5.6872266612752345],[-0.3945524741674739,5.687024950669842],[-0.3953601977699039,5.688511639432838],[-0.3964498892175859,5.687425755826467],[-0.39750237989266096,5.6883342432088195],[-0.39831230883021623,5.687958443822963],[-0.3974198383614894,5.687804483049341],[-0.397343176626241,5.6864081767895405],[-0.3980349296332932,5.6859819883018385],[-0.3983783200647736,5.6868175753813635],[-0.3989290188211219,5.6858388058312865],[-0.3996986767621511,5.686000995977249],[-0.4000372116445441,5.686958863700349],[-0.4011815319511856,5.686930060369611],[-0.40115537619708885,5.688306132495939],[-0.401574359342849,5.68782942748227],[-0.40204442092700393,5.688122984657761],[-0.40159636536133064,5.689012737504723],[-0.4027025289836116,5.688477827387953],[-0.4036249852561355,5.6902697910190705],[-0.40229241917448905,5.690177853281976],[-0.4010653654485931,5.691509039673749],[-0.4023366974836959,5.692839474764662],[-0.4014748621350645,5.693803662690775],[-0.4035814380695322,5.695524277200108],[-0.4030058269241568,5.695908246971012],[-0.4035551720381661,5.696737241830088],[-0.40508607183563866,5.69693704065142],[-0.40407775575288335,5.697798854423422],[-0.4039159960308577,5.698206418665018],[-0.4044138916837003,5.697713566873865],[-0.4053226503479475,5.698354947527278],[-0.40514951721317366,5.699364446078463]],[[-0.4038295563737377,5.6968580950903895],[-0.404309509655955,5.697336065148412],[-0.4047900541256173,5.696988493747511],[-0.4038295563737377,5.6968580950903895]],[[-0.40325067982243556,5.695635869956926],[-0.40322665385470674,5.69556861172275],[-0.4029640318421704,5.69559145972335],[-0.40325067982243556,5.695635869956926]],[[-0.37360715644341264,5.682909539952897],[-0.37358510038080783,5.682912184888487],[-0.373558254345573,5.682952262628775],[-0.37360715644341264,5.682909539952897]],[[-0.35796023654356435,5.6704831121269175],[-0.3577638518349863,5.670225703974635],[-0.3577039509538848,5.6702600952373095],[-0.35796023654356435,5.6704831121269175]],[[-0.4022264379221659,5.69009606135963],[-0.4019302804394686,5.689893983630561],[-0.40185136450763803,5.689917820407381],[-0.4022264379221659,5.69009606135963]],[[-0.4036339404907569,5.697048155587186],[-0.4036748024670759,5.6973381430696435],[-0.4037349669399978,5.697375438791938],[-0.4036339404907569,5.697048155587186]],[[-0.3979917303652629,5.686338771466224],[-0.39812972480401154,5.6863282885969015],[-0.3981249342619063,5.686276308101158],[-0.3979917303652629,5.686338771466224]],[[-0.40147161570383677,5.688485417236231],[-0.4018069772794575,5.6883871325437045],[-0.4017298680358908,5.688087242132214],[-0.40147161570383677,5.688485417236231]]]}},{"id":"1413","type":"Feature","properties":{"category":"river"},"geometry":{"type":"Polygon","coordinates":[[[-0.3211967640039231,5.512802437931443],[-0.32266406154022714,5.51236031883933],[-0.3240479975747766,5.512877683390603],[-0.32617296267862045,5.508670650951689],[-0.3242300724947391,5.513091643128751],[-0.3211967640039231,5.512802437931443]]]}},{"id":"1414","type":"Feature","properties":{"category":"river"},"geometry":{"type":"Polygon","coordinates":[[[0.1464889351378062,6.106871666420425],[0.1445844,6.1076145],[0.1583792730206624,6.102629274558993],[0.1464889351378062,6.106871666420425]]]}},{"id":"1415","type":"Feature","properties":{"category":"river"},"geometry":{"type":"Polygon","coordinates":[[[0.5545646,5.9452519],[0.5545112839765752,5.945127429333391],[0.554433240922535,5.9452191738297016],[0.5545646,5.9452519]]]}},{"id":"1416","type":"Feature","properties":{"category":"river"},"geometry":{"type":"Polygon","coordinates":[[[0.6695648682444946,5.776823376554445],[0.6693489914950794,5.781518327778851],[0.6712543862592154,5.7843065000388725],[0.6694793,5.7814822],[0.6696612,5.7769184],[0.6722593,5.7742763],[0.6695648682444946,5.776823376554445]]]}},{"id":"1417","type":"Feature","properties":{"category":"river"},"geometry":{"type":"Polygon","coordinates":[[[0.6061465804090365,5.812376952152058],[0.6090358431668141,5.8105084630713435],[0.6102140104786463,5.812013824119451],[0.6107667016619229,5.811569423438604],[0.6107749248152664,5.810776982405621],[0.6114731880376807,5.811872778159684],[0.6148297564602078,5.8120277659503365],[0.6151959418501665,5.811264670684458],[0.6143808284928323,5.810468406329589],[0.6148943271749842,5.8084172350619925],[0.6159431855258203,5.80910558048832],[0.6147046130651062,5.80820049648804],[0.6141068010232056,5.8104673171480705],[0.614718652504671,5.8117626026862474],[0.6116041641320381,5.811629102875998],[0.6107694230023841,5.810401375800913],[0.6102345958742073,5.811736919426229],[0.6090364120156877,5.810235914900592],[0.6060343739571091,5.811932405468348],[0.6059031946149683,5.812653228947846],[0.6063148287279763,5.8131228229178395],[0.6061465804090365,5.812376952152058]]]}},{"id":"1418","type":"Feature","properties":{"category":"river"},"geometry":{"type":"Polygon","coordinates":[[[0.6037094679333053,5.813800159035958],[0.6037273484922182,5.814788982913564],[0.6057816744738799,5.815359364899177],[0.6038476435062397,5.81453052213091],[0.6037094679333053,5.813800159035958]]]}},{"id":"1419","type":"Feature","properties":{"category":"river"},"geometry":{"type":"Polygon","coordinates":[[[0.5846608094603435,5.829759726060219],[0.5900942289379372,5.831645400744108],[0.595591402981683,5.831068767900857],[0.5973373292974684,5.830215429277174],[0.6012703006567784,5.830162232259242],[0.6034663530877176,5.829089382351543],[0.6040289007389191,5.827642460452426],[0.6050490071911668,5.8278075075942795],[0.6056948932155957,5.8263976098427115],[0.605739106652654,5.823310037213503],[0.6068407000907496,5.823020412173497],[0.6071614662382961,5.822311432752489],[0.606693886155696,5.820994170077184],[0.6053135425767422,5.8198969369445805],[0.6066589470265199,5.817708082036237],[0.6053930267543052,5.8167020501955475],[0.6071385495295407,5.814390608085302],[0.6065733619206206,5.812934613198041],[0.606882056446803,5.814276676598019],[0.6055488818763298,5.815223855520114],[0.6051188578632515,5.816680420028581],[0.6063831862320949,5.817697060506329],[0.6050411720636386,5.819877214328422],[0.6068866822383048,5.82231269055579],[0.605479269837614,5.823231748882337],[0.6049065978796117,5.827564471843855],[0.6038738587648743,5.827406897330207],[0.6030153529542672,5.82911675690575],[0.6006981361852599,5.830044042865065],[0.5972992021602267,5.829945159655536],[0.5964471211812079,5.830649070609353],[0.5900790222936995,5.831373192220094],[0.5846608094603435,5.829759726060219]]]}},{"id":"1420","type":"Feature","properties":{"category":"river"},"geometry":{"type":"Polygon","coordinates":[[[0.5770766381447101,5.833402064456446],[0.5821374814767444,5.83178864385079],[0.5848904455151246,5.829778714916237],[0.5838501094450379,5.829789379758201],[0.5820191211501502,5.831540431821531],[0.5774990705465883,5.8327797769439975],[0.574719380052141,5.835164274184247],[0.5770766381447101,5.833402064456446]]]}},{"id":"1421","type":"Feature","properties":{"category":"river"},"geometry":{"type":"Polygon","coordinates":[[[-0.40075515753969654,5.623440041282475],[-0.400353542544023,5.623260958704449],[-0.4007817435222113,5.623250193369122],[-0.40075515753969654,5.623440041282475]]]}},{"id":"1422","type":"Feature","properties":{"category":"river"},"geometry":{"type":"Polygon","coordinates":[[[-0.4076974594375749,5.619685634011618],[-0.40326082404032526,5.621719979939812],[-0.40213043200164533,5.623102382492968],[-0.4005513163273413,5.6233896201926],[-0.4031021545798143,5.62149684512417],[-0.407631902379888,5.619420818614838],[-0.4110259891034315,5.61996188492388],[-0.4076974594375749,5.619685634011618]]]}},{"id":"1423","type":"Feature","properties":{"category":"river"},"geometry":{"type":"Polygon","coordinates":[[[-0.25928371700688413,5.672312916037166],[-0.2594044829335021,5.671958883936778],[-0.2594709181941037,5.672273211695151],[-0.25928371700688413,5.672312916037166]]]}},{"id":"1424","type":"Feature","properties":{"category":"river"},"geometry":{"type":"Polygon","coordinates":[[[-0.25916406956756766,5.693355477469591],[-0.25956414102070097,5.688836668955571],[-0.2618383323002848,5.683716181655044],[-0.26152163117262434,5.681337079828378],[-0.2598450546105814,5.678510329979821],[-0.26019358079926863,5.676004247380383],[-0.2593644530837989,5.672063937405939],[-0.2604682458674728,5.675974947127074],[-0.2601170693176826,5.678463991548486],[-0.26177895658566047,5.681242423582363],[-0.2621100766961823,5.683741783819817],[-0.2598134246238503,5.688962296290095],[-0.25916406956756766,5.693355477469591]]]}},{"id":"1425","type":"Feature","properties":{"category":"river"},"geometry":{"type":"Polygon","coordinates":[[[-0.11366614904282267,5.651432803215941],[-0.11729501255287955,5.649983260959029],[-0.11745730398307015,5.650084758162987],[-0.11366614904282267,5.651432803215941]]]}},{"id":"1426","type":"Feature","properties":{"category":"river"},"geometry":{"type":"Polygon","coordinates":[[[-0.11346074772779365,5.651328622018005],[-0.11387715235745423,5.6514720779631755],[-0.11345060117965387,5.651520013375404],[-0.11346074772779365,5.651328622018005]]]}},{"id":"1427","type":"Feature","properties":{"category":"river"},"geometry":{"type":"Polygon","coordinates":[[[-0.11749178005849857,5.64991148061072],[-0.11776011990006273,5.649692519333872],[-0.11767616172219346,5.649962629933778],[-0.11749178005849857,5.64991148061072]]]}},{"id":"1428","type":"Feature","properties":{"category":"river"},"geometry":{"type":"Polygon","coordinates":[[[-0.11741210153705434,5.649993969815852],[-0.11774209843922032,5.649817830116868],[-0.11757152199130078,5.6500999349784164],[-0.11741210153705434,5.649993969815852]]]}},{"id":"1429","type":"Feature","properties":{"category":"river"},"geometry":{"type":"Polygon","coordinates":[[[-0.1176240854101013,5.649893577696884],[-0.11835383251701934,5.648923416365207],[-0.11873382164594397,5.645904118195987],[-0.12028983514969421,5.644821070665661],[-0.1189749379576542,5.646046906949383],[-0.11859824577611175,5.649078225606996],[-0.1176240854101013,5.649893577696884]]]}},{"id":"1430","type":"Feature","properties":{"category":"river"},"geometry":{"type":"Polygon","coordinates":[[[-0.11720589640058418,5.6500519673998815],[-0.1176643036590554,5.6500304325402535],[-0.11726228013506466,5.650235116909037],[-0.11720589640058418,5.6500519673998815]]]}},{"id":"1431","type":"Feature","properties":{"category":"river"},"geometry":{"type":"Polygon","coordinates":[[[-0.15840354513609275,5.690701869703756],[-0.15587905488971562,5.688678178588945],[-0.15587059265841186,5.6884866981784725],[-0.15840354513609275,5.690701869703756]]]}},{"id":"1432","type":"Feature","properties":{"category":"river"},"geometry":{"type":"Polygon","coordinates":[[[-0.15429212448977486,5.686185760940842],[-0.15322535846119054,5.682900811423405],[-0.1532909052892467,5.682403755846344],[-0.15429212448977486,5.686185760940842]]]}},{"id":"1433","type":"Feature","properties":{"category":"river"},"geometry":{"type":"Polygon","coordinates":[[[-0.1541790982478798,5.68629227472512],[-0.15429410169640284,5.68595322525058],[-0.1543650761350721,5.686247222993034],[-0.1541790982478798,5.68629227472512]]]}},{"id":"1434","type":"Feature","properties":{"category":"river"},"geometry":{"type":"Polygon","coordinates":[[[-0.15601209041042055,5.688463564771804],[-0.15436013265379608,5.686987543697742],[-0.1541810828610798,5.686059734740649],[-0.15601209041042055,5.688463564771804]]]}},{"id":"1435","type":"Feature","properties":{"category":"river"},"geometry":{"type":"Polygon","coordinates":[[[-0.15597633099071784,5.688713599435187],[-0.15587476900903888,5.688360500575243],[-0.15610556752536706,5.688572258810021],[-0.15597633099071784,5.688713599435187]]]}},{"id":"1436","type":"Feature","properties":{"category":"river"},"geometry":{"type":"Polygon","coordinates":[[[-0.16193295383783668,5.683363291705267],[-0.16064492222229432,5.682737075754429],[-0.15326747761900414,5.682680375868644],[-0.15238617040471866,5.680914072345645],[-0.14564708886626185,5.678032130146617],[-0.15250492061612775,5.680666541361089],[-0.1534431547701854,5.682422157451075],[-0.16067180147046867,5.682466344935669],[-0.16193295383783668,5.683363291705267]]]}},{"id":"1437","type":"Feature","properties":{"category":"river"},"geometry":{"type":"Polygon","coordinates":[[[-0.1458295024658602,5.6782033636301925],[-0.1456205975724528,5.677908336379056],[-0.1458969498712655,5.678024000744792],[-0.1458295024658602,5.6782033636301925]]]}},{"id":"1438","type":"Feature","properties":{"category":"river"},"geometry":{"type":"Polygon","coordinates":[[[0.21092480548049944,5.832139383840349],[0.210826794592399,5.831745716131989],[0.2107355748055862,5.8321111229536875],[0.21092480548049944,5.832139383840349]]]}},{"id":"1439","type":"Feature","properties":{"category":"river"},"geometry":{"type":"Polygon","coordinates":[[[0.21086569782952352,5.8318967220127425],[0.21086128030198795,5.835702714560864],[0.2111968076282454,5.835046519412082],[0.21086569782952352,5.8318967220127425]]]}},{"id":"1440","type":"Feature","properties":{"category":"river"},"geometry":{"type":"Polygon","coordinates":[[[0.21163751181304874,5.807318546782248],[0.21146268826072834,5.806964453172092],[0.2114461972934527,5.807318255469015],[0.21163751181304874,5.807318546782248]]]}},{"id":"1441","type":"Feature","properties":{"category":"river"},"geometry":{"type":"Polygon","coordinates":[[[0.21083967549307459,5.831971942745794],[0.21443433657204575,5.821378952833189],[0.21335169856916208,5.809624746463937],[0.21153933618782397,5.807087142848819],[0.21308280311413466,5.809670031933179],[0.21415905434083912,5.82139972707928],[0.21083967549307459,5.831971942745794]]]}},{"id":"1442","type":"Feature","properties":{"category":"river"},"geometry":{"type":"Polygon","coordinates":[[[0.30874231386122664,5.784341293132455],[0.28652778820700175,5.782269549619098],[0.2794578292482507,5.778372753027921],[0.2782665931069414,5.777983070557939],[0.2778212433903146,5.778319873619005],[0.27605184349515766,5.776496980271448],[0.2713033078678003,5.773391273555329],[0.263990310249507,5.771061231716137],[0.2508478233976183,5.767871341059938],[0.24586999396005876,5.760806906391772],[0.24388754767301024,5.759785007350968],[0.24564482157708187,5.760967861019831],[0.25069959568352584,5.768102398249976],[0.27121346637359856,5.773647570471849],[0.27779593376090606,5.778636702155058],[0.27934045613128244,5.778616955526821],[0.286421095902133,5.782518778952813],[0.2896376916831006,5.783274592017719],[0.30874231386122664,5.784341293132455]]]}},{"id":"1443","type":"Feature","properties":{"category":"river"},"geometry":{"type":"Polygon","coordinates":[[[0.3088691497043667,5.784188664926469],[0.30855675022986295,5.784463435090333],[0.3089443410693198,5.784364827499564],[0.3088691497043667,5.784188664926469]]]}},{"id":"1444","type":"Feature","properties":{"category":"river"},"geometry":{"type":"Polygon","coordinates":[[[0.34094114386134394,5.789878971764859],[0.3401436570125481,5.785010046771006],[0.3399783002231719,5.784913741063409],[0.34094114386134394,5.789878971764859]]]}},{"id":"1445","type":"Feature","properties":{"category":"river"},"geometry":{"type":"Polygon","coordinates":[[[0.341076160982342,5.789947494221062],[0.3408104390724734,5.789679905713502],[0.3408930040105928,5.790002743939441],[0.341076160982342,5.789947494221062]]]}},{"id":"1446","type":"Feature","properties":{"category":"river"},"geometry":{"type":"Polygon","coordinates":[[[0.3421748265855656,5.8044824401468995],[0.3417305689629094,5.792940847888778],[0.34094479688064955,5.789748486423125],[0.3421748265855656,5.8044824401468995]]]}},{"id":"1447","type":"Feature","properties":{"category":"river"},"geometry":{"type":"Polygon","coordinates":[[[0.07501868849587942,5.708243903993008],[0.07320460747603405,5.700028266274847],[0.07250188489562213,5.698930335424314],[0.0704249602543741,5.697834709861453],[0.07294906078697662,5.700126887982233],[0.07463640955958946,5.7067268335158206],[0.07403901441361652,5.710053731651786],[0.07501868849587942,5.708243903993008]]]}},{"id":"1448","type":"Feature","properties":{"category":"river"},"geometry":{"type":"Polygon","coordinates":[[[-0.32030551075194236,5.528516486121063],[-0.3189956740193484,5.528295453874604],[-0.31897563381703276,5.526783536187415],[-0.3171616545416801,5.524551518986305],[-0.31436876987048024,5.525711965781883],[-0.31340907105939114,5.525400174142731],[-0.31111814576528957,5.523175487372129],[-0.3105771459753857,5.522046589298105],[-0.3107667727497193,5.519582693236514],[-0.307954979116903,5.519261971072583],[-0.30579824049858717,5.517931027685948],[-0.3109634365347491,5.519375101796802],[-0.3113334150300726,5.523002410291248],[-0.3139881843207763,5.525374218582199],[-0.31731869998891715,5.524315757559775],[-0.319239650288839,5.5266803252408545],[-0.3192082397987909,5.528126013206721],[-0.32030551075194236,5.528516486121063]]]}},{"id":"1449","type":"Feature","properties":{"category":"river"},"geometry":{"type":"Polygon","coordinates":[[[-0.32936843743034555,5.508767553918582],[-0.32660588005049473,5.51099808234806],[-0.325259543067978,5.510487135642094],[-0.32651658747561696,5.51073979891698],[-0.32936843743034555,5.508767553918582]]]}},{"id":"1450","type":"Feature","properties":{"category":"river"},"geometry":{"type":"Polygon","coordinates":[[[-0.30136354720625325,5.537960251107143],[-0.30140063521562277,5.537146612511701],[-0.30158754289181877,5.537105709812321],[-0.30136354720625325,5.537960251107143]]]}},{"id":"1451","type":"Feature","properties":{"category":"river"},"geometry":{"type":"Polygon","coordinates":[[[-0.3004349538168012,5.540944982522696],[-0.30044555016061525,5.539525173025066],[-0.3006111821559917,5.541019593489099],[-0.3004349538168012,5.540944982522696]]]}},{"id":"1452","type":"Feature","properties":{"category":"river"},"geometry":{"type":"Polygon","coordinates":[[[-0.3050766919090053,5.541983477789116],[-0.304863053754716,5.541439704222356],[-0.30525763822192103,5.541921225181083],[-0.3050766919090053,5.541983477789116]]]}},{"id":"1453","type":"Feature","properties":{"category":"river"},"geometry":{"type":"Polygon","coordinates":[[[-0.27279437172051063,5.594810277800611],[-0.2732983175888048,5.595757889637573],[-0.27111928651057365,5.59763468329595],[-0.26973346275442184,5.600941595731422],[-0.26845032632224514,5.602669196787676],[-0.27089656902262527,5.597479765701796],[-0.2730621939056855,5.595619039243477],[-0.27254956028891747,5.59465612251686],[-0.274767883140775,5.592340080490442],[-0.2756524140679046,5.592669650808757],[-0.27279437172051063,5.594810277800611]]]}},{"id":"1454","type":"Feature","properties":{"category":"river"},"geometry":{"type":"Polygon","coordinates":[[[-0.2682930445206049,5.6027290081129175],[-0.2686456554540317,5.60253229181377],[-0.2684432784947771,5.602847706211545],[-0.2682930445206049,5.6027290081129175]]]}},{"id":"1455","type":"Feature","properties":{"category":"river"},"geometry":{"type":"Polygon","coordinates":[[[-0.26752823506090967,5.60754884911787],[-0.2670377720609176,5.606962253673177],[-0.26845615410419565,5.6025806537334475],[-0.2673197915643992,5.6069975392326485],[-0.2681865616791928,5.607920187475534],[-0.26644103893674914,5.610894461401027],[-0.2664593022234302,5.616740116711024],[-0.2676178814834671,5.62128050079492],[-0.26739816938125366,5.623281192267088],[-0.2654702470076381,5.625437680746226],[-0.26520325599641026,5.628089348228505],[-0.2652111145888551,5.625318602502246],[-0.2671229030734762,5.623203968738619],[-0.26734148372252814,5.621275193517819],[-0.2662162254620042,5.6170043917075425],[-0.266153769415578,5.611425107251416],[-0.26752823506090967,5.60754884911787]]]}}]}